test_id,source_path,source_sha256,objective,expected_results,category,capability_owed,owner_phase,capability_present,evidence_present,evidence_fields,blocker,blocker_owner,classification_basis
WS_RP_DM_AddressData_Emailaddress_PID_IETF-sd-jwt-vc_001,DataModel/AddressData/WS_RP_DM_AddressData_Emailaddress_PID_IETF-sd-jwt-vc_001.md,0a22b265b6f31ee754e0665c851b124b0b56e4ecb6e4e7ef5e1aca4fdcff3c62,This test case verifies that the claim `email` is present in the Credential in IETF SD-JWT VC format if this is indicated in the ICS. Note that `email` is the Attribute Identifier in IETF SD-JWT VC for the Data Identifier `email_address`.,1. One claim with identifier `email` is present.,A,None.,none,yes,yes,issued credential; raw.presentation_response; decoded_presentations,none,none,submitted mirror cross-checked to 2b223b56be0d0a073ee0cdc9db1d7fd31d9529a1 (2026-08-13); current ASSERTION_REVIEW_BACKLOG.md; current Capture Wallet contract
WS_RP_DM_AddressData_Emailaddress_PID_IETF-sd-jwt-vc_002,DataModel/AddressData/WS_RP_DM_AddressData_Emailaddress_PID_IETF-sd-jwt-vc_002.md,4b441ff798a236d220a2935f267e08fb6060b91ba176e8ca51e143dbd1ccc4b5,This test case verifies that the claim `email` is a String encoded in UTF-8. Note that `email` is the Attribute Identifier in IETF SD-JWT VC for the Data Identifier `email_address`.,"1. The claim `email` is a String encoded in UTF-8, supporting the full Unicode range",A,None.,none,yes,yes,issued credential; raw.presentation_response; decoded_presentations,none,none,submitted mirror cross-checked to 2b223b56be0d0a073ee0cdc9db1d7fd31d9529a1 (2026-08-13); current ASSERTION_REVIEW_BACKLOG.md; current Capture Wallet contract
WS_RP_DM_AddressData_Emailaddress_PID_IETF-sd-jwt-vc_003,DataModel/AddressData/WS_RP_DM_AddressData_Emailaddress_PID_IETF-sd-jwt-vc_003.md,2a93ba57674539c4a3c4d37dd1bb3daacc4f3d378720543f12743d4c088d23db,This test case verifies that the value of the claim `email` is an email address in conformance with [RFC 5322]. Note that `email` is the Attribute Identifier in IETF SD-JWT VC for the Data Identifier `email_address`.,"1. The electronic mail address of the user to whom the person identification data relates, is in conformance with [RFC 5322].",A,None.,none,yes,yes,issued credential; raw.presentation_response; decoded_presentations,none,none,submitted mirror cross-checked to 2b223b56be0d0a073ee0cdc9db1d7fd31d9529a1 (2026-08-13); current ASSERTION_REVIEW_BACKLOG.md; current Capture Wallet contract
WS_RP_DM_AddressData_Emailaddress_PID_ISO-mdoc_001,DataModel/AddressData/WS_RP_DM_AddressData_Emailaddress_PID_ISO-mdoc_001.md,69418a5d0a35e6cf2eefbe92eecfa268612e4be83684285611cc69ce8c12f05d,This test case verifies that the data element `email_address` is present in the mdoc data if this is indicated in the ICS. Note that `email_address` is the Attribute Identifier in ISO-mdoc for the Data Identifier `email_address`.,1. One data element with identifier `email_address` is present. 2. There is no `ErrorItem` for data element `email_address`.,A,None.,none,yes,yes,issued credential; raw.presentation_response; decoded_presentations,none,none,submitted mirror cross-checked to 2b223b56be0d0a073ee0cdc9db1d7fd31d9529a1 (2026-08-13); current ASSERTION_REVIEW_BACKLOG.md; current Capture Wallet contract
WS_RP_DM_AddressData_Emailaddress_PID_ISO-mdoc_002,DataModel/AddressData/WS_RP_DM_AddressData_Emailaddress_PID_ISO-mdoc_002.md,43b16b144c448e9fb281398fd086dc091fabaa8694ab04e83b6215bef8e83c16,This test case verifies that the DataElementValue of data element `email_address` is a well-formed CBOR text string. Note that `email_address` is the Attribute Identifier in ISO-mdoc for the Data Identifier `email_address`.,1. The major type value is equal to 3. 2. All bytes in the data item value are UTF-8 encoded characters.,A,None.,none,yes,yes,issued credential; raw.presentation_response; decoded_presentations,none,none,submitted mirror cross-checked to 2b223b56be0d0a073ee0cdc9db1d7fd31d9529a1 (2026-08-13); current ASSERTION_REVIEW_BACKLOG.md; current Capture Wallet contract
WS_RP_DM_AddressData_Emailaddress_PID_ISO-mdoc_003,DataModel/AddressData/WS_RP_DM_AddressData_Emailaddress_PID_ISO-mdoc_003.md,2ef8b9dfa3d95aaa80b8d463db22bab6b734bdecee8b458e0d774b2ce4a50fdc,This test case verifies that the DataElementValue of data element `email_address` is an email address in conformance with [RFC 5322]. Note that `email_address` is the Attribute Identifier in ISO-mdoc for the Data Identifier `email_address`.,"1. The data item contains at least 1 UTF-8 character. 2. The electronic mail address of the user to whom the person identification data relates, is in conformance with [RFC 5322].",A,None.,none,yes,yes,issued credential; raw.presentation_response; decoded_presentations,none,none,submitted mirror cross-checked to 2b223b56be0d0a073ee0cdc9db1d7fd31d9529a1 (2026-08-13); current ASSERTION_REVIEW_BACKLOG.md; current Capture Wallet contract
WS_RP_DM_AddressData_Mobilephonenumber_PID_IETF-sd-jwt-vc_001,DataModel/AddressData/WS_RP_DM_AddressData_Mobilephonenumber_PID_IETF-sd-jwt-vc_001.md,e2286d9ab197762a6eda57a977b9da87e81c89d496ebee1d5b522c6554b28fff,This test case verifies that the claim `phone_number` is present in the Credential in IETF SD-JWT VC format if this is indicated in the ICS. Note that `phone_number` is the Attribute Identifier in IETF SD-JWT VC for the Data Identifier `mobile_phone_number`.,1. One claim with identifier `phone_number` is present.,A,None.,none,yes,yes,issued credential; raw.presentation_response; decoded_presentations,none,none,submitted mirror cross-checked to 2b223b56be0d0a073ee0cdc9db1d7fd31d9529a1 (2026-08-13); current ASSERTION_REVIEW_BACKLOG.md; current Capture Wallet contract
WS_RP_DM_AddressData_Mobilephonenumber_PID_IETF-sd-jwt-vc_002,DataModel/AddressData/WS_RP_DM_AddressData_Mobilephonenumber_PID_IETF-sd-jwt-vc_002.md,f1d5e2650b78d743875eeeeedc33851d4cd4fb271508d9d81348de31e71b02ef,This test case verifies that the claim `phone_number` is a String encoded in UTF-8. Note that `phone_number` is the Attribute Identifier in IETF SD-JWT VC for the Data Identifier `mobile_phone_number`.,"1. The claim `phone_number` is a String encoded in UTF-8, supporting the full Unicode range.",A,None.,none,yes,yes,issued credential; raw.presentation_response; decoded_presentations,none,none,submitted mirror cross-checked to 2b223b56be0d0a073ee0cdc9db1d7fd31d9529a1 (2026-08-13); current ASSERTION_REVIEW_BACKLOG.md; current Capture Wallet contract
WS_RP_DM_AddressData_Mobilephonenumber_PID_IETF-sd-jwt-vc_003,DataModel/AddressData/WS_RP_DM_AddressData_Mobilephonenumber_PID_IETF-sd-jwt-vc_003.md,b2c2797b997b9a9977a08e738cb64e2c644b31635abdd895a555d835b98f1936,This test case verifies that the value of the claim `phone_number` is formatted as an international phone number. Note that `phone_number` is the Attribute Identifier in IETF SD-JWT VC for the Data Identifier `mobile_phone_number`.,"1. The length of the claim `phone_number` is at least 8 UTF-8 characters. 2. The `phone_number` value is the mobile phone number of the user to whom the person identification data relates, starting with the '+' symbol as the international code prefix and the country code, followed by numbers only.",A,None.,none,yes,yes,issued credential; raw.presentation_response; decoded_presentations,none,none,submitted mirror cross-checked to 2b223b56be0d0a073ee0cdc9db1d7fd31d9529a1 (2026-08-13); current ASSERTION_REVIEW_BACKLOG.md; current Capture Wallet contract
WS_RP_DM_AddressData_Mobilephonenumber_PID_ISO-mdoc_001,DataModel/AddressData/WS_RP_DM_AddressData_Mobilephonenumber_PID_ISO-mdoc_001.md,e990d25c2cb87f91c4e39ada00c281ef7c0807b1b1eef68809413290fe09726e,This test case verifies that the data element `mobile_phone_number` is present in the mdoc data if this is indicated in the ICS. Note that `mobile_phone_number` is the Attribute Identifier in ISO-mdoc for the Data Identifier `mobile_phone_number`.,1. One data element with identifier `mobile_phone_number` is present. 2. There is no `ErrorItem` for data element `mobile_phone_number`.,A,None.,none,yes,yes,issued credential; raw.presentation_response; decoded_presentations,none,none,submitted mirror cross-checked to 2b223b56be0d0a073ee0cdc9db1d7fd31d9529a1 (2026-08-13); current ASSERTION_REVIEW_BACKLOG.md; current Capture Wallet contract
WS_RP_DM_AddressData_Mobilephonenumber_PID_ISO-mdoc_002,DataModel/AddressData/WS_RP_DM_AddressData_Mobilephonenumber_PID_ISO-mdoc_002.md,fc6ceedc54fd70bebcf18d872ac5d05e149e2a46b9c353fca6cf898f1d46dd78,This test case verifies that the DataElementValue of data element `mobile_phone_number` is a well-formed CBOR text string. Note that `mobile_phone_number` is the Attribute Identifier in ISO-mdoc for the Data Identifier `mobile_phone_number`.,1. The major type value is equal to 3. 2. All bytes in the data item value are UTF-8 encoded characters.,A,None.,none,yes,yes,issued credential; raw.presentation_response; decoded_presentations,none,none,submitted mirror cross-checked to 2b223b56be0d0a073ee0cdc9db1d7fd31d9529a1 (2026-08-13); current ASSERTION_REVIEW_BACKLOG.md; current Capture Wallet contract
WS_RP_DM_AddressData_Mobilephonenumber_PID_ISO-mdoc_003,DataModel/AddressData/WS_RP_DM_AddressData_Mobilephonenumber_PID_ISO-mdoc_003.md,81b667fdac61c4d45c651e0e57f383e1124ba03015dc50364b3457968815f3a6,This test case verifies that the DataElementValue of data element `mobile_phone_number` is formatted as an international phone number. Note that `mobile_phone_number` is the Attribute Identifier in ISO-mdoc for the Data Identifier `mobile_phone_number`.,"1. The data item contains at least 8 UTF-8 characters. 2. Mobile telephone number of the User to whom the person identification data relates, starting with the '+' symbol as the international code prefix and the country code, followed by numbers only.",A,None.,none,yes,yes,issued credential; raw.presentation_response; decoded_presentations,none,none,submitted mirror cross-checked to 2b223b56be0d0a073ee0cdc9db1d7fd31d9529a1 (2026-08-13); current ASSERTION_REVIEW_BACKLOG.md; current Capture Wallet contract
WS_RP_DM_AddressData_Residentaddress_PID_IETF-sd-jwt-vc_001,DataModel/AddressData/WS_RP_DM_AddressData_Residentaddress_PID_IETF-sd-jwt-vc_001.md,bc2a76d76b66fd7bb65723306fc8530fa611b5beddd48f9e0c2630795fed91be,This test case verifies that the claim `address.formatted` is present in the Credential in IETF SD-JWT VC format if this is indicated in the ICS. Note that `address.formatted` is the Attribute Identifier in IETF SD-JWT VC for the Data Identifier `resident_address`.,1. One claim with identifier `address.formatted` is present.,A,None.,none,yes,yes,issued credential; raw.presentation_response; decoded_presentations,none,none,submitted mirror cross-checked to 2b223b56be0d0a073ee0cdc9db1d7fd31d9529a1 (2026-08-13); current ASSERTION_REVIEW_BACKLOG.md; current Capture Wallet contract
WS_RP_DM_AddressData_Residentaddress_PID_IETF-sd-jwt-vc_002,DataModel/AddressData/WS_RP_DM_AddressData_Residentaddress_PID_IETF-sd-jwt-vc_002.md,20d817fda541d0a7f88889be3f6d8275c39dae91ab1bd3264fc50366ce3bd8ce,This test case verifies that the claim `address.formatted` is a String encoded in UTF-8. Note that `address.formatted` is the Attribute Identifier in IETF SD-JWT VC for the Data Identifier `resident_address`.,"1. The claim `address.formatted` is a String encoded in UTF-8, supporting the full Unicode range.",A,None.,none,yes,yes,issued credential; raw.presentation_response; decoded_presentations,none,none,submitted mirror cross-checked to 2b223b56be0d0a073ee0cdc9db1d7fd31d9529a1 (2026-08-13); current ASSERTION_REVIEW_BACKLOG.md; current Capture Wallet contract
WS_RP_DM_AddressData_Residentaddress_PID_ISO-mdoc_001,DataModel/AddressData/WS_RP_DM_AddressData_Residentaddress_PID_ISO-mdoc_001.md,877d5ed0addf61c32c5dc194fd92d67ee1c2e831e00343b6eac1cf7db8abb97d,This test case verifies that the data element `resident_address` is present in the mdoc data if this is indicated in the ICS. Note that `resident_address` is the Attribute Identifier in ISO-mdoc for the Data Identifier `resident_address`.,1. One data element with identifier `resident_address` is present. 2. There is no `ErrorItem` for data element `resident_address`.,A,None.,none,yes,yes,issued credential; raw.presentation_response; decoded_presentations,none,none,submitted mirror cross-checked to 2b223b56be0d0a073ee0cdc9db1d7fd31d9529a1 (2026-08-13); current ASSERTION_REVIEW_BACKLOG.md; current Capture Wallet contract
WS_RP_DM_AddressData_Residentaddress_PID_ISO-mdoc_002,DataModel/AddressData/WS_RP_DM_AddressData_Residentaddress_PID_ISO-mdoc_002.md,221d48158491256656072a0c8bd99c6902db3a27922046c3320e826606253497,This test case verifies that the DataElementValue of data element `resident_address` is a well-formed CBOR text string. Note that `resident_address` is the Attribute Identifier in ISO-mdoc for the Data Identifier `resident_address`.,1. The major type value is equal to 3. 2. All bytes in the data item value are UTF-8 encoded characters.,A,None.,none,yes,yes,issued credential; raw.presentation_response; decoded_presentations,none,none,submitted mirror cross-checked to 2b223b56be0d0a073ee0cdc9db1d7fd31d9529a1 (2026-08-13); current ASSERTION_REVIEW_BACKLOG.md; current Capture Wallet contract
WS_RP_DM_AddressData_Residentcity_PID_IETF-sd-jwt-vc_001,DataModel/AddressData/WS_RP_DM_AddressData_Residentcity_PID_IETF-sd-jwt-vc_001.md,052deb1e7ecb2de7f1820a0730d8163d53bb19d13e632b60c51cd96041e93334,This test case verifies that the claim `address.locality` is present in the Credential in IETF SD-JWT VC format if this is indicated in the ICS. Note that `address.locality` is the Attribute Identifier in IETF SD-JWT VC for the Data Identifier `resident_city`.,1. One claim with identifier `address.locality` is present.,A,None.,none,yes,yes,issued credential; raw.presentation_response; decoded_presentations,none,none,submitted mirror cross-checked to 2b223b56be0d0a073ee0cdc9db1d7fd31d9529a1 (2026-08-13); current ASSERTION_REVIEW_BACKLOG.md; current Capture Wallet contract
WS_RP_DM_AddressData_Residentcity_PID_IETF-sd-jwt-vc_002,DataModel/AddressData/WS_RP_DM_AddressData_Residentcity_PID_IETF-sd-jwt-vc_002.md,641309f79629ef3507ae95d70e7868e47c59501b92dc30260df0c9b86c43a79b,This test case verifies that the claim `address.locality` is a String encoded in UTF-8. Note that `address.locality` is the Attribute Identifier in IETF SD-JWT VC for the Data Identifier `resident_city`.,"1. The claim `address.locality` is a String encoded in UTF-8, supporting the full Unicode range.",A,None.,none,yes,yes,issued credential; raw.presentation_response; decoded_presentations,none,none,submitted mirror cross-checked to 2b223b56be0d0a073ee0cdc9db1d7fd31d9529a1 (2026-08-13); current ASSERTION_REVIEW_BACKLOG.md; current Capture Wallet contract
WS_RP_DM_AddressData_Residentcity_PID_ISO-mdoc_001,DataModel/AddressData/WS_RP_DM_AddressData_Residentcity_PID_ISO-mdoc_001.md,170dc67ead1c4b0825543b42438d038ada867e296d4b7afc96b6fffa9ea56ffd,This test case verifies that the data element `resident_city` is present in the mdoc data if this is indicated in the ICS. Note that `resident_city` is the Attribute Identifier in ISO-mdoc for the Data Identifier `resident_city`.,1. One data element with identifier `resident_city` is present. 2. There is no `ErrorItem` for data element `resident_city`.,A,None.,none,yes,yes,issued credential; raw.presentation_response; decoded_presentations,none,none,submitted mirror cross-checked to 2b223b56be0d0a073ee0cdc9db1d7fd31d9529a1 (2026-08-13); current ASSERTION_REVIEW_BACKLOG.md; current Capture Wallet contract
WS_RP_DM_AddressData_Residentcity_PID_ISO-mdoc_002,DataModel/AddressData/WS_RP_DM_AddressData_Residentcity_PID_ISO-mdoc_002.md,2f2d2fe81279b821e2946389a3ca2d9822fed238049703113286b4a6f43f6b63,This test case verifies that the DataElementValue of data element `resident_city` is a well-formed CBOR text string. Note that `resident_city` is the Attribute Identifier in ISO-mdoc for the Data Identifier `resident_city`.,1. The major type value is equal to 3. 2. All bytes in the data item value are UTF-8 encoded characters.,A,None.,none,yes,yes,issued credential; raw.presentation_response; decoded_presentations,none,none,submitted mirror cross-checked to 2b223b56be0d0a073ee0cdc9db1d7fd31d9529a1 (2026-08-13); current ASSERTION_REVIEW_BACKLOG.md; current Capture Wallet contract
WS_RP_DM_AddressData_Residentcountry_PID_IETF-sd-jwt-vc_001,DataModel/AddressData/WS_RP_DM_AddressData_Residentcountry_PID_IETF-sd-jwt-vc_001.md,7f1844c7ca92e035ebcadf43303e1280c113171d65f0937df4c87a237dac22f9,This test case verifies that the claim `address.country` is present in the Credential in IETF SD-JWT VC format if this is indicated in the ICS. Note that `address.country` is the Attribute Identifier in IETF SD-JWT VC for the Data Identifier `resident_country`.,1. One claim with identifier `address.country` is present.,A,None.,none,yes,yes,issued credential; raw.presentation_response; decoded_presentations,none,none,submitted mirror cross-checked to 2b223b56be0d0a073ee0cdc9db1d7fd31d9529a1 (2026-08-13); current ASSERTION_REVIEW_BACKLOG.md; current Capture Wallet contract
WS_RP_DM_AddressData_Residentcountry_PID_IETF-sd-jwt-vc_002,DataModel/AddressData/WS_RP_DM_AddressData_Residentcountry_PID_IETF-sd-jwt-vc_002.md,30814c0048c35e3adca99d31b48634e6088fa83a2aed3edf38edfcd54c9d8f9c,This test case verifies that the claim `address.country` is a String encoded in UTF-8. Note that `address.country` is the Attribute Identifier in IETF SD-JWT VC for the Data Identifier `resident_country`.,"1. The claim `address.country` is a String encoded in UTF-8, supporting the full Unicode range.",A,None.,none,yes,yes,issued credential; raw.presentation_response; decoded_presentations,none,none,submitted mirror cross-checked to 2b223b56be0d0a073ee0cdc9db1d7fd31d9529a1 (2026-08-13); current ASSERTION_REVIEW_BACKLOG.md; current Capture Wallet contract
WS_RP_DM_AddressData_Residentcountry_PID_IETF-sd-jwt-vc_003,DataModel/AddressData/WS_RP_DM_AddressData_Residentcountry_PID_IETF-sd-jwt-vc_003.md,b77298c3e636947053085e67651da3fa0a799e6ad14081f2a38777b67677a757,This test case verifies that the value of the claim `address.country` contains a valid country code. Note that `address.country` is the Attribute Identifier in IETF SD-JWT VC for the Data Identifier `resident_country`.,"1. The value of the claim `address.country`, an alpha-2 code, corresponding to a country name: Listed in ISO 3166-1:2020, 6.1. Not listed in ISO 3166-1:2020, 6.1. In this case, the user-assigned country codes may be used, which consist in the series of letters AA, QM to QZ, XA to XZ, and ZZ (ISO 3166-1:2020, 8.3).",A,None.,none,yes,yes,issued credential; raw.presentation_response; decoded_presentations,none,none,submitted mirror cross-checked to 2b223b56be0d0a073ee0cdc9db1d7fd31d9529a1 (2026-08-13); current ASSERTION_REVIEW_BACKLOG.md; current Capture Wallet contract
WS_RP_DM_AddressData_Residentcountry_PID_ISO-mdoc_001,DataModel/AddressData/WS_RP_DM_AddressData_Residentcountry_PID_ISO-mdoc_001.md,cd1f0c01e29bb18dbd72add2dc471a2ac62caad707eb92b113ca74e9175ba7f5,This test case verifies that the data element `resident_country` is present in the mdoc data if this is indicated in the ICS. Note that `resident_country` is the Attribute Identifier in ISO-mdoc for the Data Identifier `resident_country`.,1. One data element with identifier `resident_country` is present. 2. There is no `ErrorItem` for data element `resident_country`.,A,None.,none,yes,yes,issued credential; raw.presentation_response; decoded_presentations,none,none,submitted mirror cross-checked to 2b223b56be0d0a073ee0cdc9db1d7fd31d9529a1 (2026-08-13); current ASSERTION_REVIEW_BACKLOG.md; current Capture Wallet contract
WS_RP_DM_AddressData_Residentcountry_PID_ISO-mdoc_002,DataModel/AddressData/WS_RP_DM_AddressData_Residentcountry_PID_ISO-mdoc_002.md,2c087ac7872be55fa3ffee60d84a3ca8287a7f64522ad72b02195c571b3431c6,This test case verifies that the DataElementValue of data element `resident_country` is a well-formed CBOR text string. Note that `resident_country` is the Attribute Identifier in ISO-mdoc for the Data Identifier `resident_country`.,1. The major type value is equal to 3. 2. All bytes in the data item value are UTF-8 encoded characters.,A,None.,none,yes,yes,issued credential; raw.presentation_response; decoded_presentations,none,none,submitted mirror cross-checked to 2b223b56be0d0a073ee0cdc9db1d7fd31d9529a1 (2026-08-13); current ASSERTION_REVIEW_BACKLOG.md; current Capture Wallet contract
WS_RP_DM_AddressData_Residentcountry_PID_ISO-mdoc_003,DataModel/AddressData/WS_RP_DM_AddressData_Residentcountry_PID_ISO-mdoc_003.md,d8ae3654b42aceb2d049b4b91c9c4801129f4dbfb5dc2e12b97506cc96c92840,This test case verifies that the DataElementValue of data element `resident_country` contains a valid country code. Note that `resident_country` is the Attribute Identifier in ISO-mdoc for the Data Identifier `resident_country`.,"1. The DataElementValue has two characters, an alpha-2 code, corresponding to a country name: Listed in ISO 3166-1:2020, 6.1. Not listed in ISO 3166-1:2020, 6.1. In this case, the user-assigned country codes may be used, which consist in the series of letters AA, QM to QZ, XA to XZ, and ZZ (ISO 3166-1:2020, 8.3).",A,None.,none,yes,yes,issued credential; raw.presentation_response; decoded_presentations,none,none,submitted mirror cross-checked to 2b223b56be0d0a073ee0cdc9db1d7fd31d9529a1 (2026-08-13); current ASSERTION_REVIEW_BACKLOG.md; current Capture Wallet contract
WS_RP_DM_AddressData_Residenthousenumber_PID_IETF-sd-jwt-vc_001,DataModel/AddressData/WS_RP_DM_AddressData_Residenthousenumber_PID_IETF-sd-jwt-vc_001.md,23cac2c794bf82e3acc99e94f05d22a0d37beaa68c81676de20725820b20c340,This test case verifies that the claim `address.house_number` is present in the Credential in IETF SD-JWT VC format if this is indicated in the ICS. Note that `address.house_number` is the Attribute Identifier in IETF SD-JWT VC for the Data Identifier `resident_house_number`.,1. One claim with identifier `address.house_number` is present.,A,None.,none,yes,yes,issued credential; raw.presentation_response; decoded_presentations,none,none,submitted mirror cross-checked to 2b223b56be0d0a073ee0cdc9db1d7fd31d9529a1 (2026-08-13); current ASSERTION_REVIEW_BACKLOG.md; current Capture Wallet contract
WS_RP_DM_AddressData_Residenthousenumber_PID_IETF-sd-jwt-vc_002,DataModel/AddressData/WS_RP_DM_AddressData_Residenthousenumber_PID_IETF-sd-jwt-vc_002.md,8063bcbbd77209830784ecbad0f7ef1ba35dd853bbec2ade50ccc99de261cd28,This test case verifies that the claim `address.house_number` is a String encoded in UTF-8. Note that `address.house_number` is the Attribute Identifier in IETF SD-JWT VC for the Data Identifier `resident_house_number`.,"1. The claim `address.house_number` is a String encoded in UTF-8, supporting the full Unicode range.",A,None.,none,yes,yes,issued credential; raw.presentation_response; decoded_presentations,none,none,submitted mirror cross-checked to 2b223b56be0d0a073ee0cdc9db1d7fd31d9529a1 (2026-08-13); current ASSERTION_REVIEW_BACKLOG.md; current Capture Wallet contract
WS_RP_DM_AddressData_Residenthousenumber_PID_ISO-mdoc_001,DataModel/AddressData/WS_RP_DM_AddressData_Residenthousenumber_PID_ISO-mdoc_001.md,0b8315030104a37d5bface11ea73a4cd4cb8e781c975b577808fb7fee5626ebb,This test case verifies that the data element `resident_house_number` is present in the mdoc data if this is indicated in the ICS. Note that `resident_house_number` is the Attribute Identifier in ISO-mdoc for the Data Identifier `resident_house_number`.,1. One data element with identifier `resident_house_number` is present. 2. There is no `ErrorItem` for data element `resident_house_number`.,A,None.,none,yes,yes,issued credential; raw.presentation_response; decoded_presentations,none,none,submitted mirror cross-checked to 2b223b56be0d0a073ee0cdc9db1d7fd31d9529a1 (2026-08-13); current ASSERTION_REVIEW_BACKLOG.md; current Capture Wallet contract
WS_RP_DM_AddressData_Residenthousenumber_PID_ISO-mdoc_002,DataModel/AddressData/WS_RP_DM_AddressData_Residenthousenumber_PID_ISO-mdoc_002.md,36261f0d2ab04e1b8e7855f683a38de42b84b5162a6c471ea559134fb38494f9,This test case verifies that the DataElementValue of data element `resident_house_number` is a well-formed CBOR text string. Note that `resident_house_number` is the Attribute Identifier in ISO-mdoc for the Data Identifier `resident_house_number`.,1. The major type value is equal to 3. 2. All bytes in the data item value are UTF-8 encoded characters.,A,None.,none,yes,yes,issued credential; raw.presentation_response; decoded_presentations,none,none,submitted mirror cross-checked to 2b223b56be0d0a073ee0cdc9db1d7fd31d9529a1 (2026-08-13); current ASSERTION_REVIEW_BACKLOG.md; current Capture Wallet contract
WS_RP_DM_AddressData_Residentpostalcode_PID_IETF-sd-jwt-vc_001,DataModel/AddressData/WS_RP_DM_AddressData_Residentpostalcode_PID_IETF-sd-jwt-vc_001.md,03eb1afb7729e7c9742dd6e50d19d21065e9ce6cee1d093fde5f7f43cbd543e4,This test case verifies that the claim `address.postal_code` is present in the Credential in IETF SD-JWT VC format if this is indicated in the ICS. Note that `address.postal_code` is the Attribute Identifier in IETF SD-JWT VC for the Data Identifier `resident_postal_code`.,1. One claim with identifier `address.postal_code` is present.,A,None.,none,yes,yes,issued credential; raw.presentation_response; decoded_presentations,none,none,submitted mirror cross-checked to 2b223b56be0d0a073ee0cdc9db1d7fd31d9529a1 (2026-08-13); current ASSERTION_REVIEW_BACKLOG.md; current Capture Wallet contract
WS_RP_DM_AddressData_Residentpostalcode_PID_IETF-sd-jwt-vc_002,DataModel/AddressData/WS_RP_DM_AddressData_Residentpostalcode_PID_IETF-sd-jwt-vc_002.md,8cdf4ea2d2c66a5554a40c5937642de6665cc4dca5a7994d345313c58b90e327,This test case verifies that the claim `address.postal_code` is a String encoded in UTF-8. Note that `address.postal_code` is the Attribute Identifier in IETF SD-JWT VC for the Data Identifier `resident_postal_code`.,"1. The claim `address.postal_code` is a String encoded in UTF-8, supporting the full Unicode range.",A,None.,none,yes,yes,issued credential; raw.presentation_response; decoded_presentations,none,none,submitted mirror cross-checked to 2b223b56be0d0a073ee0cdc9db1d7fd31d9529a1 (2026-08-13); current ASSERTION_REVIEW_BACKLOG.md; current Capture Wallet contract
WS_RP_DM_AddressData_Residentpostalcode_PID_ISO-mdoc_001,DataModel/AddressData/WS_RP_DM_AddressData_Residentpostalcode_PID_ISO-mdoc_001.md,bef2f2c48157c6c21fe51ff4f2e5d4fa6a02336a01be7933f03198202683b6e3,This test case verifies that the data element `resident_postal_code` is present in the mdoc data if this is indicated in the ICS. Note that `resident_postal_code` is the Attribute Identifier in ISO-mdoc for the Data Identifier `resident_postal_code`.,1. One data element with identifier `resident_postal_code` is present. 2. There is no `ErrorItem` for data element `resident_postal_code`.,A,None.,none,yes,yes,issued credential; raw.presentation_response; decoded_presentations,none,none,submitted mirror cross-checked to 2b223b56be0d0a073ee0cdc9db1d7fd31d9529a1 (2026-08-13); current ASSERTION_REVIEW_BACKLOG.md; current Capture Wallet contract
WS_RP_DM_AddressData_Residentpostalcode_PID_ISO-mdoc_002,DataModel/AddressData/WS_RP_DM_AddressData_Residentpostalcode_PID_ISO-mdoc_002.md,fc4fd6208b9ea51684058287dbe475ccc6464204c446b90e890499a0536198f4,This test case verifies that the DataElementValue of data element `resident_postal_code` is a well-formed CBOR text string. Note that `resident_postal_code` is the Attribute Identifier in ISO-mdoc for the Data Identifier `resident_postal_code`.,1. The major type value is equal to 3. 2. All bytes in the data item value are UTF-8 encoded characters.,A,None.,none,yes,yes,issued credential; raw.presentation_response; decoded_presentations,none,none,submitted mirror cross-checked to 2b223b56be0d0a073ee0cdc9db1d7fd31d9529a1 (2026-08-13); current ASSERTION_REVIEW_BACKLOG.md; current Capture Wallet contract
WS_RP_DM_AddressData_Residentstate_PID_IETF-sd-jwt-vc_001,DataModel/AddressData/WS_RP_DM_AddressData_Residentstate_PID_IETF-sd-jwt-vc_001.md,d928ffb643a431b9c1390191ade5fcd1c5e77c870d2398c5b81649036d1b3e90,This test case verifies that the claim `address.region` is present in the Credential in IETF SD-JWT VC format if this is indicated in the ICS. Note that `address.region` is the Attribute Identifier in IETF SD-JWT VC for the Data Identifier `resident_state`.,1. One claim with identifier `address.region` is present.,A,None.,none,yes,yes,issued credential; raw.presentation_response; decoded_presentations,none,none,submitted mirror cross-checked to 2b223b56be0d0a073ee0cdc9db1d7fd31d9529a1 (2026-08-13); current ASSERTION_REVIEW_BACKLOG.md; current Capture Wallet contract
WS_RP_DM_AddressData_Residentstate_PID_IETF-sd-jwt-vc_002,DataModel/AddressData/WS_RP_DM_AddressData_Residentstate_PID_IETF-sd-jwt-vc_002.md,556fa4b19166040805647c62c27b0a18bd866e10ab2d938657f8e37f2d03c291,This test case verifies that the claim `address.region` is a String encoded in UTF-8. Note that `address.region` is the Attribute Identifier in IETF SD-JWT VC for the Data Identifier `resident_state`.,"1. The claim `address.region` is a String encoded in UTF-8, supporting the full Unicode range.",A,None.,none,yes,yes,issued credential; raw.presentation_response; decoded_presentations,none,none,submitted mirror cross-checked to 2b223b56be0d0a073ee0cdc9db1d7fd31d9529a1 (2026-08-13); current ASSERTION_REVIEW_BACKLOG.md; current Capture Wallet contract
WS_RP_DM_AddressData_Residentstate_PID_ISO-mdoc_001,DataModel/AddressData/WS_RP_DM_AddressData_Residentstate_PID_ISO-mdoc_001.md,09fa50b37891d97cd5b9e0fda8c974166b4987be613eb3236ef02996e527f4fa,This test case verifies that the data element `resident_state` is present in the mdoc data if this is indicated in the ICS. Note that `resident_state` is the Attribute Identifier in ISO-mdoc for the Data Identifier `resident_state`.,1. One data element with identifier `resident_state` is present. 2. There is no `ErrorItem` for data element `resident_state`.,A,None.,none,yes,yes,issued credential; raw.presentation_response; decoded_presentations,none,none,submitted mirror cross-checked to 2b223b56be0d0a073ee0cdc9db1d7fd31d9529a1 (2026-08-13); current ASSERTION_REVIEW_BACKLOG.md; current Capture Wallet contract
WS_RP_DM_AddressData_Residentstate_PID_ISO-mdoc_002,DataModel/AddressData/WS_RP_DM_AddressData_Residentstate_PID_ISO-mdoc_002.md,64663ac1b12909c2c4214270f27d51f3428820d7999ab83f78c47fb476850fd9,This test case verifies that the DataElementValue of data element `resident_state` is a well-formed CBOR text string. Note that `resident_state` is the Attribute Identifier in ISO-mdoc for the Data Identifier `resident_state`.,1. The major type value is equal to 3. 2. All bytes in the data item value are UTF-8 encoded characters.,A,None.,none,yes,yes,issued credential; raw.presentation_response; decoded_presentations,none,none,submitted mirror cross-checked to 2b223b56be0d0a073ee0cdc9db1d7fd31d9529a1 (2026-08-13); current ASSERTION_REVIEW_BACKLOG.md; current Capture Wallet contract
WS_RP_DM_AddressData_Residentstreet_PID_IETF-sd-jwt-vc_001,DataModel/AddressData/WS_RP_DM_AddressData_Residentstreet_PID_IETF-sd-jwt-vc_001.md,1538557f03d87dfb28645fec6d22ca6b1073b149aa13b2705e22711a9417efee,This test case verifies that the claim `address.street_address` is present in the Credential in IETF SD-JWT VC format if this is indicated in the ICS. Note that `address.street_address` is the Attribute Identifier in IETF SD-JWT VC for the Data Identifier `resident_street`.,1. One claim with identifier `address.street_address` is present.,A,None.,none,yes,yes,issued credential; raw.presentation_response; decoded_presentations,none,none,submitted mirror cross-checked to 2b223b56be0d0a073ee0cdc9db1d7fd31d9529a1 (2026-08-13); current ASSERTION_REVIEW_BACKLOG.md; current Capture Wallet contract
WS_RP_DM_AddressData_Residentstreet_PID_IETF-sd-jwt-vc_002,DataModel/AddressData/WS_RP_DM_AddressData_Residentstreet_PID_IETF-sd-jwt-vc_002.md,2b38e32a9291915b3ba3150da682b6e4c662fa391d4eb9360efee95f77ac5782,This test case verifies that the claim `address.street_address` is a String encoded in UTF-8. Note that `address.street_address` is the Attribute Identifier in IETF SD-JWT VC for the Data Identifier `resident_street`.,"1. The claim `address.street_address` is a String encoded in UTF-8, supporting the full Unicode range.",A,None.,none,yes,yes,issued credential; raw.presentation_response; decoded_presentations,none,none,submitted mirror cross-checked to 2b223b56be0d0a073ee0cdc9db1d7fd31d9529a1 (2026-08-13); current ASSERTION_REVIEW_BACKLOG.md; current Capture Wallet contract
WS_RP_DM_AddressData_Residentstreet_PID_ISO-mdoc_001,DataModel/AddressData/WS_RP_DM_AddressData_Residentstreet_PID_ISO-mdoc_001.md,bc45e827b1d196c3332f000e30e22997d20c84496c0bfc538d1cef9cd700fb2b,This test case verifies that the data element `resident_street` is present in the mdoc data if this is indicated in the ICS. Note that `resident_street` is the Attribute Identifier in ISO-mdoc for the Data Identifier `resident_street`.,1. One data element with identifier `resident_street` is present. 2. There is no `ErrorItem` for data element `resident_street`.,A,None.,none,yes,yes,issued credential; raw.presentation_response; decoded_presentations,none,none,submitted mirror cross-checked to 2b223b56be0d0a073ee0cdc9db1d7fd31d9529a1 (2026-08-13); current ASSERTION_REVIEW_BACKLOG.md; current Capture Wallet contract
WS_RP_DM_AddressData_Residentstreet_PID_ISO-mdoc_002,DataModel/AddressData/WS_RP_DM_AddressData_Residentstreet_PID_ISO-mdoc_002.md,92f8881c68d7274f75767faf30098e6c0ec0cb5f9a0ba37ef4d915767880b3c8,This test case verifies that the DataElementValue of data element `resident_street` is a well-formed CBOR text string. Note that `resident_street` is the Attribute Identifier in ISO-mdoc for the Data Identifier `resident_street`.,1. The major type value is equal to 3. 2. All bytes in the data item value are UTF-8 encoded characters.,A,None.,none,yes,yes,issued credential; raw.presentation_response; decoded_presentations,none,none,submitted mirror cross-checked to 2b223b56be0d0a073ee0cdc9db1d7fd31d9529a1 (2026-08-13); current ASSERTION_REVIEW_BACKLOG.md; current Capture Wallet contract
WS_RP_DM_CredentialMetadata_CredentialStructure_007,DataModel/CredentialMetadata/WS_RP_DM_CredentialMetadata_CredentialStructure_007.md,da432431d0c94c6c7a397821f5f25772b5bc75882c9e035a87d8126392801859,"Test when valid credential_sets is present, the Wallet can handle these and applies the constraints when processing the request.","1. Wallet and Verifier can interact. 2. Wallet receives the request. 3. The wallet MUST have used the constraints defined by ""credential_sets"", to create its response.",A,None.,none,yes,yes,issued credential; raw.presentation_response; decoded_presentations,none,none,submitted mirror cross-checked to 2b223b56be0d0a073ee0cdc9db1d7fd31d9529a1 (2026-08-13); current ASSERTION_REVIEW_BACKLOG.md; current Capture Wallet contract
WS_RP_DM_CredentialMetadata_CredentialStructure_008,DataModel/CredentialMetadata/WS_RP_DM_CredentialMetadata_CredentialStructure_008.md,4e2cfa2f764a4e559a8660180f434f075d4d4b85939355b118f3db5f19dfb908,"Test the wallet can process and match each entry in the credentials' parameter of the DCQL, with credentials present in the wallet.","1. Wallet and Verifier can interact. 2. Wallet receives the request. 3. The wallet response must show that it processes each entry in the credentials' parameter, where appropriate matching with credentials present in wallet.",A,None.,none,yes,yes,issued credential; raw.presentation_response; decoded_presentations,none,none,submitted mirror cross-checked to 2b223b56be0d0a073ee0cdc9db1d7fd31d9529a1 (2026-08-13); current ASSERTION_REVIEW_BACKLOG.md; current Capture Wallet contract
WS_RP_DM_CredentialMetadata_CredentialStructure_009,DataModel/CredentialMetadata/WS_RP_DM_CredentialMetadata_CredentialStructure_009.md,7b6cd31f6e27f704199dd06ef18515e7ae3f9e1eb64f33685ec56fa06cdfc013,"Test that a wallet which holds no matching credentials to the DCQL ""credentials"", will NOT return any credentials","1. Wallet and Verifier can interact. 2. Wallet receives the request. 3. The wallet will either return an ""invalid request"" error, or an empty VP token",A,None.,none,yes,yes,issued credential; raw.presentation_response; decoded_presentations,none,none,submitted mirror cross-checked to 2b223b56be0d0a073ee0cdc9db1d7fd31d9529a1 (2026-08-13); current ASSERTION_REVIEW_BACKLOG.md; current Capture Wallet contract
WS_RP_DM_CredentialMetadata_CredentialStructure_010,DataModel/CredentialMetadata/WS_RP_DM_CredentialMetadata_CredentialStructure_010.md,6d40bfe426422698f0961f632ac19139b5670e83c6937e52545bdd254a4c4b79,"Test that if the credentials' property ""claim_sets"" is present then it is used as per the rules defined in [OID4VP 6.4.1]","1. Wallet and Verifier can interact. 2. Wallet receives the request. 3. The wallet correctly uses the ""claims_sets"" to determine which claims to send, as per the rules in [OID4VP 6.4.1]",A,None.,none,yes,yes,issued credential; raw.presentation_response; decoded_presentations,none,none,submitted mirror cross-checked to 2b223b56be0d0a073ee0cdc9db1d7fd31d9529a1 (2026-08-13); current ASSERTION_REVIEW_BACKLOG.md; current Capture Wallet contract
WS_RP_DM_Credentialmetadata_Documentnumber_PID_IETF-sd-jwt-vc_001,DataModel/CredentialMetadata/WS_RP_DM_Credentialmetadata_Documentnumber_PID_IETF-sd-jwt-vc_001.md,70405c0e044c66f49caddaf6505d4e5139061440a8fd9ece593cc501616dba89,This test case verifies that the claim `document_number` is present in the Credential in IETF SD-JWT VC format if this is indicated in the ICS. Note that `document_number` is the Attribute Identifier in IETF SD-JWT VC for the Data Identifier `document_number`.,1. One claim with identifier `document_number` is present.,A,None.,none,yes,yes,issued credential; raw.presentation_response; decoded_presentations,none,none,submitted mirror cross-checked to 2b223b56be0d0a073ee0cdc9db1d7fd31d9529a1 (2026-08-13); current ASSERTION_REVIEW_BACKLOG.md; current Capture Wallet contract
WS_RP_DM_Credentialmetadata_Documentnumber_PID_IETF-sd-jwt-vc_002,DataModel/CredentialMetadata/WS_RP_DM_Credentialmetadata_Documentnumber_PID_IETF-sd-jwt-vc_002.md,952d009b732ca579e5b0aa56ea71363ec6e21056b97990bfe432a8db21e3a815,This test case verifies that the value of the `document_number` is a String. Note that `document_number` is the Attribute Identifier in IETF SD-JWT VC for the Data Identifier `document_number`.,"1. The claim `document_number` is a String encoded in UTF-8, supporting the full Unicode range.",A,None.,none,yes,yes,issued credential; raw.presentation_response; decoded_presentations,none,none,submitted mirror cross-checked to 2b223b56be0d0a073ee0cdc9db1d7fd31d9529a1 (2026-08-13); current ASSERTION_REVIEW_BACKLOG.md; current Capture Wallet contract
WS_RP_DM_Credentialmetadata_Documentnumber_PID_ISO-mdoc_001,DataModel/CredentialMetadata/WS_RP_DM_Credentialmetadata_Documentnumber_PID_ISO-mdoc_001.md,7cbcf7c65862987843be4b670d48fecf9086b94a3028099a26e03b8c445c0cca,This test case verifies that the data element `document_number` is present in the mdoc data if this is indicated in the ICS. Note that `document_number` is the Attribute Identifier in IETF SD-JWT VC for the Data Identifier `document_number`.,1. One data element with identifier `document_number` is present. 2. There is no `ErrorItem` for data element `document_number`.,A,None.,none,yes,yes,issued credential; raw.presentation_response; decoded_presentations,none,none,submitted mirror cross-checked to 2b223b56be0d0a073ee0cdc9db1d7fd31d9529a1 (2026-08-13); current ASSERTION_REVIEW_BACKLOG.md; current Capture Wallet contract
WS_RP_DM_Credentialmetadata_Documentnumber_PID_ISO-mdoc_002,DataModel/CredentialMetadata/WS_RP_DM_Credentialmetadata_Documentnumber_PID_ISO-mdoc_002.md,8d19e9ac030456e1ee35debaf6c330adbd2c4cf484546531212149a157a1758d,This test case verifies that the DataElementValue of data element `document_number` is a well-formed CBOR text string. Note that `document_number` is the Attribute Identifier in IETF SD-JWT VC for the Data Identifier `document_number`.,1. The major type value is equal to 3. 2. All bytes in the data item value are UTF-8 encoded characters.,A,None.,none,yes,yes,issued credential; raw.presentation_response; decoded_presentations,none,none,submitted mirror cross-checked to 2b223b56be0d0a073ee0cdc9db1d7fd31d9529a1 (2026-08-13); current ASSERTION_REVIEW_BACKLOG.md; current Capture Wallet contract
WS_RP_DM_Credentialmetadata_Domestic_PID_IETF-sd-jwt-vc_001,DataModel/CredentialMetadata/WS_RP_DM_Credentialmetadata_Domestic_PID_IETF-sd-jwt-vc_001.md,3f12cef93892b122361a1bce4fa8ce703d0faed1c4d4ea9f361f149261ade6cb,"This test case verifies domestic elements in an appropriate namespace are present, if these have been indicated in the ICS.",1. One or more data claims in the indicated namespace are present.,A,None.,none,yes,yes,issued credential; raw.presentation_response; decoded_presentations,none,none,submitted mirror cross-checked to 2b223b56be0d0a073ee0cdc9db1d7fd31d9529a1 (2026-08-13); current ASSERTION_REVIEW_BACKLOG.md; current Capture Wallet contract
WS_RP_DM_Credentialmetadata_Domestic_PID_IETF-sd-jwt-vc_002,DataModel/CredentialMetadata/WS_RP_DM_Credentialmetadata_Domestic_PID_IETF-sd-jwt-vc_002.md,1c9233768b0ea12b6b8e12e14e242699e56fb12960350240fa4519e8eedeb578,"This test case verifies domestic claims are located in a valid domestic namespace, if these have been indicated in the ICS.",1. Domestic namespace complies with a valid the domestic namespace identifier.,A,None.,none,yes,yes,issued credential; raw.presentation_response; decoded_presentations,none,none,submitted mirror cross-checked to 2b223b56be0d0a073ee0cdc9db1d7fd31d9529a1 (2026-08-13); current ASSERTION_REVIEW_BACKLOG.md; current Capture Wallet contract
WS_RP_DM_Credentialmetadata_Domestic_PID_ISO-mdoc_001,DataModel/CredentialMetadata/WS_RP_DM_Credentialmetadata_Domestic_PID_ISO-mdoc_001.md,8cd4be78424543c07b5228bf507980810bdec53e5da3ad7c281b8d57db93bc58,"This test case verifies domestic elements in an appropriate namespace are present, if these have been indicated in the ICS.",1. One or more data elements in the indicated namespace are present.,A,None.,none,yes,yes,issued credential; raw.presentation_response; decoded_presentations,none,none,submitted mirror cross-checked to 2b223b56be0d0a073ee0cdc9db1d7fd31d9529a1 (2026-08-13); current ASSERTION_REVIEW_BACKLOG.md; current Capture Wallet contract
WS_RP_DM_Credentialmetadata_Domestic_PID_ISO-mdoc_002,DataModel/CredentialMetadata/WS_RP_DM_Credentialmetadata_Domestic_PID_ISO-mdoc_002.md,98bc32254ad3818fb15f642eb9fc09a4cf030d763904a1039225c46fcda2973f,"This test case verifies domestic elements are located in a valid domestic namespace, if these have been indicated in the ICS.",1. The domestic namespace: Use a prefix ‘eu.europa.ec.eudi.pid.’ Followed by a ISO 3166-1 alpha-2 country code or the ISO 3166-2 region code. Optionally followed by a dot and a number.,A,None.,none,yes,yes,issued credential; raw.presentation_response; decoded_presentations,none,none,submitted mirror cross-checked to 2b223b56be0d0a073ee0cdc9db1d7fd31d9529a1 (2026-08-13); current ASSERTION_REVIEW_BACKLOG.md; current Capture Wallet contract
WS_RP_DM_Credentialmetadata_Expirydate_PID_IETF-sd-jwt-vc_001,DataModel/CredentialMetadata/WS_RP_DM_Credentialmetadata_Expirydate_PID_IETF-sd-jwt-vc_001.md,c94160ae02cbebe10a3eae72b45b83c4f2987476b489d0d4a70f52bb57f10273,This test case verifies that the claim `date_of_expiry` is present in the Credential in IETF SD-JWT VC format. Note that `date_of_expiry` is the Attribute Identifier in IETF SD-JWT VC for the Data Identifier `expiry_date`.,1. One claim with identifier `date_of_expiry` is present.,A,None.,none,yes,yes,issued credential; raw.presentation_response; decoded_presentations,none,none,submitted mirror cross-checked to 2b223b56be0d0a073ee0cdc9db1d7fd31d9529a1 (2026-08-13); current ASSERTION_REVIEW_BACKLOG.md; current Capture Wallet contract
WS_RP_DM_Credentialmetadata_Expirydate_PID_IETF-sd-jwt-vc_002,DataModel/CredentialMetadata/WS_RP_DM_Credentialmetadata_Expirydate_PID_IETF-sd-jwt-vc_002.md,197694a5d7fb425dd46b9c1dc6a45e34fde95e6d06821dbc68ff7de340a84944,This test case verifies that the claim `date_of_expiry` is a String encoded in UTF-8. Note that `date_of_expiry` is the Attribute Identifier in IETF SD-JWT VC for the Data Identifier `expiry_date`.,"1. The claim `date_of_expiry` is a String encoded in UTF-8, supporting the full Unicode range.",A,None.,none,yes,yes,issued credential; raw.presentation_response; decoded_presentations,none,none,submitted mirror cross-checked to 2b223b56be0d0a073ee0cdc9db1d7fd31d9529a1 (2026-08-13); current ASSERTION_REVIEW_BACKLOG.md; current Capture Wallet contract
WS_RP_DM_Credentialmetadata_Expirydate_PID_IETF-sd-jwt-vc_003,DataModel/CredentialMetadata/WS_RP_DM_Credentialmetadata_Expirydate_PID_IETF-sd-jwt-vc_003.md,841a86dfe4eeb6461dd3cf37cabbed9bedd2174f251a69da3a25fc93dc770e86,This test case verifies that the format of the claim `date_of_expiry` is correct. Note that `date_of_expiry` is the Attribute Identifier in IETF SD-JWT VC for the Data Identifier `expiry_date`.,"1. The length of the claim is 10 UTF-8 encoded characters. 2. The characters used have the following format: date-fullyear ""-"" date-month ""-"" date-mday. Where: - date-fullyear consists of four decimal digits. - date-month and date-mday consist of two decimal digits.",A,None.,none,yes,yes,issued credential; raw.presentation_response; decoded_presentations,none,none,submitted mirror cross-checked to 2b223b56be0d0a073ee0cdc9db1d7fd31d9529a1 (2026-08-13); current ASSERTION_REVIEW_BACKLOG.md; current Capture Wallet contract
WS_RP_DM_Credentialmetadata_Expirydate_PID_IETF-sd-jwt-vc_004,DataModel/CredentialMetadata/WS_RP_DM_Credentialmetadata_Expirydate_PID_IETF-sd-jwt-vc_004.md,d40685190840e49fd16c086f0fc2d16fc7a63abbf35a9e1163e78ed2192e3487,This test case verifies that the claim `date_of_expiry` contains a valid date. Note that `date_of_expiry` is the Attribute Identifier in IETF SD-JWT VC for the Data Identifier `expiry_date`.,"1. The value of date-fullyear is between ""0000"" and ""9999"" inclusive. 2. The value of date-month is between ""01"" and ""12"" inclusive. 3. The value of date-mday is between ""01"" and the maximum value specified in section 5.7 of RFC 3339 inclusive.",A,None.,none,yes,yes,issued credential; raw.presentation_response; decoded_presentations,none,none,submitted mirror cross-checked to 2b223b56be0d0a073ee0cdc9db1d7fd31d9529a1 (2026-08-13); current ASSERTION_REVIEW_BACKLOG.md; current Capture Wallet contract
WS_RP_DM_Credentialmetadata_Expirydate_PID_ISO-mdoc_001,DataModel/CredentialMetadata/WS_RP_DM_Credentialmetadata_Expirydate_PID_ISO-mdoc_001.md,d35274e4c6f06c422cff702ff40c6604ee9c0b22145dda24487364644f1e899c,This test case verifies that the data element `expiry_date` is present in the mdoc data. Note that `expiry_date` is the Attribute Identifier in ISO-mdoc for the Data Identifier `expiry_date`.,1. One data element with identifier `expiry_date` is present. 2. There is no `ErrorItem` for data element `expiry_date`.,A,None.,none,yes,yes,issued credential; raw.presentation_response; decoded_presentations,none,none,submitted mirror cross-checked to 2b223b56be0d0a073ee0cdc9db1d7fd31d9529a1 (2026-08-13); current ASSERTION_REVIEW_BACKLOG.md; current Capture Wallet contract
WS_RP_DM_Credentialmetadata_Expirydate_PID_ISO-mdoc_002,DataModel/CredentialMetadata/WS_RP_DM_Credentialmetadata_Expirydate_PID_ISO-mdoc_002.md,5936191f1aac836464273403a69f4ec4bed4e95468c2bf9ae8b67de051e67a9f,This test case verifies that the DataElementValue of data element `expiry_date` is encoded as a well-formed #6.0(tstr) or #6.1004(tstr). Note that `expiry_date` is the Attribute Identifier in ISO-mdoc for the Data Identifier `expiry_date`.,1. The major type value is equal to 6. 2. The value and encoding of the tag is one of the following: tag value = 0 (indicating a date-time tstr). The value of the additional information on the only byte is 0. Tag value = 1004 (indicating a full-date tstr). The value of the additional information on the first byte is 25 and the value of the next two bytes is '03 EC'. 3. The major type value is equal to 3. 4. All bytes in the data item value are UTF-8 encoded characters.,A,None.,none,yes,yes,issued credential; raw.presentation_response; decoded_presentations,none,none,submitted mirror cross-checked to 2b223b56be0d0a073ee0cdc9db1d7fd31d9529a1 (2026-08-13); current ASSERTION_REVIEW_BACKLOG.md; current Capture Wallet contract
WS_RP_DM_Credentialmetadata_Expirydate_PID_ISO-mdoc_003,DataModel/CredentialMetadata/WS_RP_DM_Credentialmetadata_Expirydate_PID_ISO-mdoc_003.md,acf2679294548ef29bcf60a7e83aed08b9b642134b6d3112ca8ad3fba7246f99,This test case verifies that the format of the DataElementValue of data element `expiry_date` is correct. Note that `expiry_date` is the Attribute Identifier in ISO-mdoc for the Data Identifier `expiry_date`.,"1. If the value of the tag is equal to: - 0, the length of the data element is equal to 20 UTF-8 encoded characters. - 1004, the length of the data element is equal to 10 UTF-8 encoded characters. 2. If the value of the tag is equal to: - 0, the characters used have the following format: date-fullyear ""-"" date-month ""-"" date-mday ""T"" time-hour "":"" time-minute "":"" time-second time-offset. - 1004, the characters used have the following format: date-fullyear ""-"" date-month ""-"" date-mday. Where: - date-fullyear consists of four decimal digits. - date-month, date-mday, time-hour, time-minute and time-second consist of two decimal digits. - time-offset consists of one character: ""Z"".",A,None.,none,yes,yes,issued credential; raw.presentation_response; decoded_presentations,none,none,submitted mirror cross-checked to 2b223b56be0d0a073ee0cdc9db1d7fd31d9529a1 (2026-08-13); current ASSERTION_REVIEW_BACKLOG.md; current Capture Wallet contract
WS_RP_DM_Credentialmetadata_Expirydate_PID_ISO-mdoc_004,DataModel/CredentialMetadata/WS_RP_DM_Credentialmetadata_Expirydate_PID_ISO-mdoc_004.md,b3e82f68957505f2c8ab99d8886267e17f83eb3e9607aef2933aaf145c979f1e,This test case verifies that the DataElementValue of data element `expiry_date` contains a valid date and time. Note that `expiry_date` is the Attribute Identifier in ISO-mdoc for the Data Identifier `expiry_date`.,"1. The value of date-fullyear is between ""0000"" and ""9999"" inclusive. 2. The value of date-month is between ""01"" and ""12"" inclusive. 3. The value of date-mday is between ""01"" and the maximum value specified in section 5.7 of RFC 3339 inclusive. 4. If present, the value of time-hour is between ""00"" and ""23"" inclusive. 5. If present, the value of time-minute is between ""00"" and ""59"" inclusive. 6. If present, the value of time-second is between ""00"" and ""60"" inclusive.",A,None.,none,yes,yes,issued credential; raw.presentation_response; decoded_presentations,none,none,submitted mirror cross-checked to 2b223b56be0d0a073ee0cdc9db1d7fd31d9529a1 (2026-08-13); current ASSERTION_REVIEW_BACKLOG.md; current Capture Wallet contract
WS_RP_DM_Credentialmetadata_Issuancedate_PID_IETF-sd-jwt-vc_001,DataModel/CredentialMetadata/WS_RP_DM_Credentialmetadata_Issuancedate_PID_IETF-sd-jwt-vc_001.md,89f5428a20ec1fe81103635d7533a41f25bb215b724457873d0d55d478f65ec2,This test case verifies that the claim `date_of_issuance` is present in the Credential in IETF SD-JWT VC format if this is indicated in the ICS. Note that `date_of_issuance` is the Attribute Identifier in IETF SD-JWT VC for the Data Identifier `issuance_date`.,1. One claim with identifier `date_of_issuance` is present.,A,None.,none,yes,yes,issued credential; raw.presentation_response; decoded_presentations,none,none,submitted mirror cross-checked to 2b223b56be0d0a073ee0cdc9db1d7fd31d9529a1 (2026-08-13); current ASSERTION_REVIEW_BACKLOG.md; current Capture Wallet contract
WS_RP_DM_Credentialmetadata_Issuancedate_PID_IETF-sd-jwt-vc_002,DataModel/CredentialMetadata/WS_RP_DM_Credentialmetadata_Issuancedate_PID_IETF-sd-jwt-vc_002.md,23b6934a55670c150c996686ea22b10817e353405ecc38e2f1eab5e90fb91eac,This test case verifies that the claim `date_of_issuance` is a String encoded in UTF-8. Note that `date_of_issuance` is the Attribute Identifier in IETF SD-JWT VC for the Data Identifier `issuance_date`.,"1. The claim `date_of_issuance` is a String encoded in UTF-8, supporting the full Unicode range.",A,None.,none,yes,yes,issued credential; raw.presentation_response; decoded_presentations,none,none,submitted mirror cross-checked to 2b223b56be0d0a073ee0cdc9db1d7fd31d9529a1 (2026-08-13); current ASSERTION_REVIEW_BACKLOG.md; current Capture Wallet contract
WS_RP_DM_Credentialmetadata_Issuancedate_PID_IETF-sd-jwt-vc_003,DataModel/CredentialMetadata/WS_RP_DM_Credentialmetadata_Issuancedate_PID_IETF-sd-jwt-vc_003.md,60c248b86af7b70ac75c3041e435cce87911d08e0f670cc63a48f9d67b21bae2,This test case verifies that the format of the claim `date_of_issuance` is correct. Note that `date_of_issuance` is the Attribute Identifier in IETF SD-JWT VC for the Data Identifier `issuance_date`.,"1. The length of the claim is 10 UTF-8 encoded characters. 2. The characters used have the following format: date-fullyear ""-"" date-month ""-"" date-mday. Where: - date-fullyear consists of four decimal digits. - date-month and date-mday consist of two decimal digits.",A,None.,none,yes,yes,issued credential; raw.presentation_response; decoded_presentations,none,none,submitted mirror cross-checked to 2b223b56be0d0a073ee0cdc9db1d7fd31d9529a1 (2026-08-13); current ASSERTION_REVIEW_BACKLOG.md; current Capture Wallet contract
WS_RP_DM_Credentialmetadata_Issuancedate_PID_IETF-sd-jwt-vc_004,DataModel/CredentialMetadata/WS_RP_DM_Credentialmetadata_Issuancedate_PID_IETF-sd-jwt-vc_004.md,d3a5bec5cde2cdfd4e7bde77f659be8dbe0b11c75711294bd32107e9e21789b6,This test case verifies that the claim `date_of_issuance` contains a valid date. Note that `date_of_issuance` is the Attribute Identifier in IETF SD-JWT VC for the Data Identifier `issuance_date`.,"1. The value of date-fullyear is between ""0000"" and ""9999"" inclusive. 2. The value of date-month is between ""01"" and ""12"" inclusive. 3. The value of date-mday is between ""01"" and the maximum value specified in section 5.7 of RFC 3339 inclusive.",A,None.,none,yes,yes,issued credential; raw.presentation_response; decoded_presentations,none,none,submitted mirror cross-checked to 2b223b56be0d0a073ee0cdc9db1d7fd31d9529a1 (2026-08-13); current ASSERTION_REVIEW_BACKLOG.md; current Capture Wallet contract
WS_RP_DM_Credentialmetadata_Issuancedate_PID_ISO-mdoc_001,DataModel/CredentialMetadata/WS_RP_DM_Credentialmetadata_Issuancedate_PID_ISO-mdoc_001.md,d900ab82b0876b2ee6bf1438ca8f08d52def86ad998112e1936f36eff168317d,This test case verifies that the data element `issuance_date` is present in the mdoc data if this is indicated in the ICS. Note that `issuance_date` is the Attribute Identifier in ISO-mdoc for the Data Identifier `issuance_date`.,1. One data element with identifier `issuance_date` is present. 2. There is no `ErrorItem` for data element `issuance_date`.,A,None.,none,yes,yes,issued credential; raw.presentation_response; decoded_presentations,none,none,submitted mirror cross-checked to 2b223b56be0d0a073ee0cdc9db1d7fd31d9529a1 (2026-08-13); current ASSERTION_REVIEW_BACKLOG.md; current Capture Wallet contract
WS_RP_DM_Credentialmetadata_Issuancedate_PID_ISO-mdoc_002,DataModel/CredentialMetadata/WS_RP_DM_Credentialmetadata_Issuancedate_PID_ISO-mdoc_002.md,c46fb5234e41b5ca30a7da1867275f19510a92a86f4a3284f3e63c4f2f2ec3c4,This test case verifies that the DataElementValue of data element `issuance_date` is encoded as a well-formed #6.0(tstr) or #6.1004(tstr). Note that `issuance_date` is the Attribute Identifier in ISO-mdoc for the Data Identifier `issuance_date`.,1. The major type value is equal to 6. 2. The value and encoding of the tag is one of the following: tag value = 0 (indicating a date-time tstr). The value of the additional information on the only byte is 0. Tag value = 1004 (indicating a full-date tstr). The value of the additional information on the first byte is 25 and the value of the next two bytes is '03 EC'. 3. The major type value is equal to 3. 4. All bytes in the data item value are UTF-8 encoded characters.,A,None.,none,yes,yes,issued credential; raw.presentation_response; decoded_presentations,none,none,submitted mirror cross-checked to 2b223b56be0d0a073ee0cdc9db1d7fd31d9529a1 (2026-08-13); current ASSERTION_REVIEW_BACKLOG.md; current Capture Wallet contract
WS_RP_DM_Credentialmetadata_Issuancedate_PID_ISO-mdoc_003,DataModel/CredentialMetadata/WS_RP_DM_Credentialmetadata_Issuancedate_PID_ISO-mdoc_003.md,246ee75f11810f19a51c2beac918c3eb7ef69387096d17ce6c3f0ce814e8f1c3,This test case verifies that the format of the DataElementValue of data element `issuance_date` is correct. Note that `issuance_date` is the Attribute Identifier in ISO-mdoc for the Data Identifier `issuance_date`.,"1. If the value of the tag is equal to: - 0, the length of the data element is equal to 20 UTF-8 encoded characters. - 1004, the length of the data element is equal to 10 UTF-8 encoded characters. 2. If the value of the tag is equal to: - 0, the characters used have the following format: date-fullyear ""-"" date-month ""-"" date-mday ""T"" time-hour "":"" time-minute "":"" time-second time-offset. - 1004, the characters used have the following format: date-fullyear ""-"" date-month ""-"" date-mday. Where: - date-fullyear consists of four decimal digits. - date-month, date-mday, time-hour, time-minute and time-second consist of two decimal digits. - time-offset consists of one character: ""Z"".",A,None.,none,yes,yes,issued credential; raw.presentation_response; decoded_presentations,none,none,submitted mirror cross-checked to 2b223b56be0d0a073ee0cdc9db1d7fd31d9529a1 (2026-08-13); current ASSERTION_REVIEW_BACKLOG.md; current Capture Wallet contract
WS_RP_DM_Credentialmetadata_Issuancedate_PID_ISO-mdoc_004,DataModel/CredentialMetadata/WS_RP_DM_Credentialmetadata_Issuancedate_PID_ISO-mdoc_004.md,272831241565a01e2a3379b5664d37b56d42737cd0ca0cc03ead4eff11f19022,This test case verifies that the DataElementValue of data element `issuance_date` contains a valid date and time. Note that `issuance_date` is the Attribute Identifier in ISO-mdoc for the Data Identifier `issuance_date`.,"1. The value of date-fullyear is between ""0000"" and ""9999"" inclusive. 2. The value of date-month is between ""01"" and ""12"" inclusive. 3. The value of date-mday is between ""01"" and the maximum value specified in section 5.7 of RFC 3339 inclusive. 4. If present, the value of time-hour is between ""00"" and ""23"" inclusive. 5. If present, the value of time-minute is between ""00"" and ""59"" inclusive. 6. If present, the value of time-second is between ""00"" and ""60"" inclusive.",A,None.,none,yes,yes,issued credential; raw.presentation_response; decoded_presentations,none,none,submitted mirror cross-checked to 2b223b56be0d0a073ee0cdc9db1d7fd31d9529a1 (2026-08-13); current ASSERTION_REVIEW_BACKLOG.md; current Capture Wallet contract
WS_RP_DM_Credentialmetadata_Issuingauthority_PID_IETF-sd-jwt-vc_001,DataModel/CredentialMetadata/WS_RP_DM_Credentialmetadata_Issuingauthority_PID_IETF-sd-jwt-vc_001.md,99ec747ba0d10c68267df943a216a5b0855d89c8e792b0578450f9858c32c0b8,This test case verifies that the claim `issuing_authority` is present in the Credential in IETF SD-JWT VC format. Note that `issuing_authority` is the Attribute Identifier in IETF SD-JWT VC for the Data Identifier `issuing_authority`.,1. One claim with identifier `issuing_authority` is present.,A,None.,none,yes,yes,issued credential; raw.presentation_response; decoded_presentations,none,none,submitted mirror cross-checked to 2b223b56be0d0a073ee0cdc9db1d7fd31d9529a1 (2026-08-13); current ASSERTION_REVIEW_BACKLOG.md; current Capture Wallet contract
WS_RP_DM_Credentialmetadata_Issuingauthority_PID_IETF-sd-jwt-vc_002,DataModel/CredentialMetadata/WS_RP_DM_Credentialmetadata_Issuingauthority_PID_IETF-sd-jwt-vc_002.md,3ee2442e391dedd1b4182368633f53914f72b939574c90676182c7fb46712b2d,This test case verifies that the claim `issuing_authority` is a String encoded in UTF-8. Note that `issuing_authority` is the Attribute Identifier in IETF SD-JWT VC for the Data Identifier `issuing_authority`.,"1. The claim `issuing_authority` is a String encoded in UTF-8, supporting the full Unicode range.",A,None.,none,yes,yes,issued credential; raw.presentation_response; decoded_presentations,none,none,submitted mirror cross-checked to 2b223b56be0d0a073ee0cdc9db1d7fd31d9529a1 (2026-08-13); current ASSERTION_REVIEW_BACKLOG.md; current Capture Wallet contract
WS_RP_DM_Credentialmetadata_Issuingauthority_PID_ISO-mdoc_001,DataModel/CredentialMetadata/WS_RP_DM_Credentialmetadata_Issuingauthority_PID_ISO-mdoc_001.md,8e34bce2b2c281c5da85113d0d96e567a3d756b3b36faf6527705e6edd11aab8,This test case verifies that the data element `issuing_authority` is present in the mdoc data. Note that `issuing_authority` is the Attribute Identifier in ISO-mdoc for the Data Identifier `issuing_authority`.,1. One data element with identifier `issuing_authority` is present. 2. There is no `ErrorItem` for data element `issuing_authority`.,A,None.,none,yes,yes,issued credential; raw.presentation_response; decoded_presentations,none,none,submitted mirror cross-checked to 2b223b56be0d0a073ee0cdc9db1d7fd31d9529a1 (2026-08-13); current ASSERTION_REVIEW_BACKLOG.md; current Capture Wallet contract
WS_RP_DM_Credentialmetadata_Issuingauthority_PID_ISO-mdoc_002,DataModel/CredentialMetadata/WS_RP_DM_Credentialmetadata_Issuingauthority_PID_ISO-mdoc_002.md,15b4a27f02f99a336e959fed714763d5cca2962ad8a7d4c91bc47ea01d06a4c4,This test case verifies that the DataElementValue of data element `issuing_authority` is a well-formed CBOR text string. Note that `issuing_authority` is the Attribute Identifier in ISO-mdoc for the Data Identifier `issuing_authority`.,1. The major type value is equal to 3. 2. All bytes in the data item value are UTF-8 encoded characters.,A,None.,none,yes,yes,issued credential; raw.presentation_response; decoded_presentations,none,none,submitted mirror cross-checked to 2b223b56be0d0a073ee0cdc9db1d7fd31d9529a1 (2026-08-13); current ASSERTION_REVIEW_BACKLOG.md; current Capture Wallet contract
WS_RP_DM_Credentialmetadata_Issuingcountry_PID_IETF-sd-jwt-vc_001,DataModel/CredentialMetadata/WS_RP_DM_Credentialmetadata_Issuingcountry_PID_IETF-sd-jwt-vc_001.md,59dffc6ddfecc433385b10d45f894e092ea0e83568aca99105599a2f2c45deff,This test case verifies that the claim `issuing_country` is present in the Credential in IETF SD-JWT VC format. Note that `issuing_country` is the Attribute Identifier in IETF SD-JWT VC for the Data Identifier `issuing_country`.,1. One claim with identifier `issuing_country` is present.,A,None.,none,yes,yes,issued credential; raw.presentation_response; decoded_presentations,none,none,submitted mirror cross-checked to 2b223b56be0d0a073ee0cdc9db1d7fd31d9529a1 (2026-08-13); current ASSERTION_REVIEW_BACKLOG.md; current Capture Wallet contract
WS_RP_DM_Credentialmetadata_Issuingcountry_PID_IETF-sd-jwt-vc_002,DataModel/CredentialMetadata/WS_RP_DM_Credentialmetadata_Issuingcountry_PID_IETF-sd-jwt-vc_002.md,059bec3f02c9a7b61ffeb8e85dac086a8e73361814e4549721a8a2c1043166a5,This test case verifies that the claim `issuing_country` is a String encoded in UTF-8. Note that `issuing_country` is the Attribute Identifier in IETF SD-JWT VC for the Data Identifier `issuing_country`.,"1. The claim `issuing_country` is a String encoded in UTF-8, supporting the full Unicode range.",A,None.,none,yes,yes,issued credential; raw.presentation_response; decoded_presentations,none,none,submitted mirror cross-checked to 2b223b56be0d0a073ee0cdc9db1d7fd31d9529a1 (2026-08-13); current ASSERTION_REVIEW_BACKLOG.md; current Capture Wallet contract
WS_RP_DM_Credentialmetadata_Issuingcountry_PID_IETF-sd-jwt-vc_003,DataModel/CredentialMetadata/WS_RP_DM_Credentialmetadata_Issuingcountry_PID_IETF-sd-jwt-vc_003.md,a6244997e4db57668397a294246e610bf635cfe32009c808eded92b210dd6daa,This test case verifies that the value of the claim `issuing_country` contains a valid country code. Note that `issuing_country` is the Attribute Identifier in IETF SD-JWT VC for the Data Identifier `issuing_country`.,"1. The value of the claim `issuing_country`, an alpha-2 code, corresponding to a country name: Listed in ISO 3166-1:2020, 6.1. Not listed in ISO 3166-1:2020, 6.1. In this case, the user-assigned country codes may be used, which consist in the series of letters AA, QM to QZ, XA to XZ, and ZZ (ISO 3166-1:2020, 8.3).",A,None.,none,yes,yes,issued credential; raw.presentation_response; decoded_presentations,none,none,submitted mirror cross-checked to 2b223b56be0d0a073ee0cdc9db1d7fd31d9529a1 (2026-08-13); current ASSERTION_REVIEW_BACKLOG.md; current Capture Wallet contract
WS_RP_DM_Credentialmetadata_Issuingcountry_PID_ISO-mdoc_001,DataModel/CredentialMetadata/WS_RP_DM_Credentialmetadata_Issuingcountry_PID_ISO-mdoc_001.md,342042ee35b6c739113c88fe15667430f309715c9ad07f4e61fa8224a191dcaa,This test case verifies that the data element `issuing_country` is present in the mdoc data. Note that `issuing_country` is the Attribute Identifier in ISO-mdoc for the Data Identifier `issuing_country`.,1. One data element with identifier `issuing_country` is present. 2. There is no `ErrorItem` for data element `issuing_country`.,A,None.,none,yes,yes,issued credential; raw.presentation_response; decoded_presentations,none,none,submitted mirror cross-checked to 2b223b56be0d0a073ee0cdc9db1d7fd31d9529a1 (2026-08-13); current ASSERTION_REVIEW_BACKLOG.md; current Capture Wallet contract
WS_RP_DM_Credentialmetadata_Issuingcountry_PID_ISO-mdoc_002,DataModel/CredentialMetadata/WS_RP_DM_Credentialmetadata_Issuingcountry_PID_ISO-mdoc_002.md,a037a4a93e7c78dd4110d862471764bf6115dd1852593173bc55f83242af37c4,This test case verifies that the DataElementValue of data element `issuing_country` is a well-formed CBOR text string. Note that `issuing_country` is the Attribute Identifier in ISO-mdoc for the Data Identifier `issuing_country`.,1. The major type value is equal to 3. 2. All bytes in the data item value are UTF-8 encoded characters.,A,None.,none,yes,yes,issued credential; raw.presentation_response; decoded_presentations,none,none,submitted mirror cross-checked to 2b223b56be0d0a073ee0cdc9db1d7fd31d9529a1 (2026-08-13); current ASSERTION_REVIEW_BACKLOG.md; current Capture Wallet contract
WS_RP_DM_Credentialmetadata_Issuingcountry_PID_ISO-mdoc_003,DataModel/CredentialMetadata/WS_RP_DM_Credentialmetadata_Issuingcountry_PID_ISO-mdoc_003.md,7b6ba6480c56b8ce1a3b51ce44e4cef4dcde384c12779f456ff31b468f1adebd,This test case verifies that the DataElementValue of data element `issuing_country` contains a valid country code. Note that `issuing_country` is the Attribute Identifier in ISO-mdoc for the Data Identifier `issuing_country`.,"1. The first two UTF-8 encoded characters shall refer to the same country as the DataElementValue of data element `issuing_country`. 2. The third UTF-8 encoded character is ""-"". 3. The remaining UTF-8 encoded characters form a code corresponding to a country subdivision listed in ISO 3166-2:2020, 6.1 (according to the corresponding country code).",A,None.,none,yes,yes,issued credential; raw.presentation_response; decoded_presentations,none,none,submitted mirror cross-checked to 2b223b56be0d0a073ee0cdc9db1d7fd31d9529a1 (2026-08-13); current ASSERTION_REVIEW_BACKLOG.md; current Capture Wallet contract
WS_RP_DM_Credentialmetadata_Issuingjurisdiction_PID_IETF-sd-jwt-vc_001,DataModel/CredentialMetadata/WS_RP_DM_Credentialmetadata_Issuingjurisdiction_PID_IETF-sd-jwt-vc_001.md,f9b60ef4b771accb3080cb155a59e74723628e086ccf1a94068dd969b9d935a9,This test case verifies that the claim `issuing_jurisdiction` is present in the Credential in IETF SD-JWT VC format if this is indicated in the ICS. Note that `issuing_jurisdiction` is the Attribute Identifier in IETF SD-JWT VC for the Data Identifier `issuing_jurisdiction`.,1. One claim with identifier `issuing_jurisdiction` is present.,A,None.,none,yes,yes,issued credential; raw.presentation_response; decoded_presentations,none,none,submitted mirror cross-checked to 2b223b56be0d0a073ee0cdc9db1d7fd31d9529a1 (2026-08-13); current ASSERTION_REVIEW_BACKLOG.md; current Capture Wallet contract
WS_RP_DM_Credentialmetadata_Issuingjurisdiction_PID_IETF-sd-jwt-vc_002,DataModel/CredentialMetadata/WS_RP_DM_Credentialmetadata_Issuingjurisdiction_PID_IETF-sd-jwt-vc_002.md,2f78e77b05f8a8926ba9959f8a21c6965bf72c49da34610739682594aec6bd7b,This test case verifies that the claim `issuing_jurisdiction` is a String encoded in UTF-8. Note that `issuing_jurisdiction` is the Attribute Identifier in IETF SD-JWT VC for the Data Identifier `issuing_jurisdiction`.,"1. The claim `issuing_jurisdiction` is a String encoded in UTF-8, supporting the full Unicode range.",A,None.,none,yes,yes,issued credential; raw.presentation_response; decoded_presentations,none,none,submitted mirror cross-checked to 2b223b56be0d0a073ee0cdc9db1d7fd31d9529a1 (2026-08-13); current ASSERTION_REVIEW_BACKLOG.md; current Capture Wallet contract
WS_RP_DM_Credentialmetadata_Issuingjurisdiction_PID_IETF-sd-jwt-vc_003,DataModel/CredentialMetadata/WS_RP_DM_Credentialmetadata_Issuingjurisdiction_PID_IETF-sd-jwt-vc_003.md,275befa35acbf8081c1979d89cea046f3a88155a324395187a01c7691d4049a4,This test case verifies that the value of the claim `issuing_jurisdiction` contains a valid country subdivision code. Note that `issuing_jurisdiction` is the Attribute Identifier in IETF SD-JWT VC for the Data Identifier `issuing_jurisdiction`.,"1. The first two UTF-8 encoded characters refer to the same country as the claim `issuing_country`. 2. The third UTF-8 encoded character is ""-"". 3. The remaining UTF-8 encoded characters form a code corresponding to a country subdivision listed in ISO 3166-2:2020, 6.1 (according to the corresponding country code).",A,None.,none,yes,yes,issued credential; raw.presentation_response; decoded_presentations,none,none,submitted mirror cross-checked to 2b223b56be0d0a073ee0cdc9db1d7fd31d9529a1 (2026-08-13); current ASSERTION_REVIEW_BACKLOG.md; current Capture Wallet contract
WS_RP_DM_Credentialmetadata_Issuingjurisdiction_PID_ISO-mdoc_001,DataModel/CredentialMetadata/WS_RP_DM_Credentialmetadata_Issuingjurisdiction_PID_ISO-mdoc_001.md,f8d036a3febcab2ea3fb17735370e8fd59c288f51d3e974d8ac4b33e6b9a33b5,This test case verifies that the data element `issuing_jurisdiction` is present in the mdoc data if this is indicated in the ICS. Note that `issuing_jurisdiction` is the Attribute Identifier in ISO-mdoc for the Data Identifier `issuing_jurisdiction`.,1. One data element with identifier `issuing_jurisdiction` is present. 2. There is no `ErrorItem` for data element `issuing_jurisdiction`.,A,None.,none,yes,yes,issued credential; raw.presentation_response; decoded_presentations,none,none,submitted mirror cross-checked to 2b223b56be0d0a073ee0cdc9db1d7fd31d9529a1 (2026-08-13); current ASSERTION_REVIEW_BACKLOG.md; current Capture Wallet contract
WS_RP_DM_Credentialmetadata_Issuingjurisdiction_PID_ISO-mdoc_002,DataModel/CredentialMetadata/WS_RP_DM_Credentialmetadata_Issuingjurisdiction_PID_ISO-mdoc_002.md,20aa9b25ec330b63945dfb5eb64cfdac4c9db7dc417b58e7f839df23d331f43f,This test case verifies that the DataElementValue of data element `issuing_jurisdiction` is a well-formed CBOR text string. Note that `issuing_jurisdiction` is the Attribute Identifier in ISO-mdoc for the Data Identifier `issuing_jurisdiction`.,1. The major type value is equal to 3. 2. All bytes in the data item value are UTF-8 encoded characters.,A,None.,none,yes,yes,issued credential; raw.presentation_response; decoded_presentations,none,none,submitted mirror cross-checked to 2b223b56be0d0a073ee0cdc9db1d7fd31d9529a1 (2026-08-13); current ASSERTION_REVIEW_BACKLOG.md; current Capture Wallet contract
WS_RP_DM_Credentialmetadata_Issuingjurisdiction_PID_ISO-mdoc_003,DataModel/CredentialMetadata/WS_RP_DM_Credentialmetadata_Issuingjurisdiction_PID_ISO-mdoc_003.md,1963b45fa1d91a6be968fda7daa63b7722b3443f612c708f0a3ccd8c8de5db3e,This test case verifies that the DataElementValue of data element `issuing_jurisdiction` contains a valid country subdivision code. Note that `issuing_jurisdiction` is the Attribute Identifier in ISO-mdoc for the Data Identifier `issuing_jurisdiction`.,"1. The first two UTF-8 encoded characters shall refer to the same country as the DataElementValue of data element `issuing_country`. 2. The third UTF-8 encoded character is ""-"". 3. The remaining UTF-8 encoded characters form a code corresponding to a country subdivision listed in ISO 3166-2:2020, 6.1 (according to the corresponding country code).",A,None.,none,yes,yes,issued credential; raw.presentation_response; decoded_presentations,none,none,submitted mirror cross-checked to 2b223b56be0d0a073ee0cdc9db1d7fd31d9529a1 (2026-08-13); current ASSERTION_REVIEW_BACKLOG.md; current Capture Wallet contract
WS_RP_DM_IdentifyingData_Birthdate_PID_IETF-sd-jwt-vc_001,DataModel/IdentifyingData/WS_RP_DM_IdentifyingData_Birthdate_PID_IETF-sd-jwt-vc_001.md,6a2af19a480a64d46122eb707c7fe9de1526a59c89803425aaf9b13043c51cc9,This test case verifies that the claim `birthdate` is present in the Credential in IETF SD-JWT VC format. Note that `birthdate` is the Attribute Identifier in IETF SD-JWT VC for the Data Identifier `birth_date`.,1. One claim with identifier `birthdate` is present.,A,None.,none,yes,yes,issued credential; raw.presentation_response; decoded_presentations,none,none,submitted mirror cross-checked to 2b223b56be0d0a073ee0cdc9db1d7fd31d9529a1 (2026-08-13); current ASSERTION_REVIEW_BACKLOG.md; current Capture Wallet contract
WS_RP_DM_IdentifyingData_Birthdate_PID_IETF-sd-jwt-vc_002,DataModel/IdentifyingData/WS_RP_DM_IdentifyingData_Birthdate_PID_IETF-sd-jwt-vc_002.md,d1a26a278933d278672b5e7bb5317d0b808047cdc73806ccf3164ac81a7bc05c,This test case verifies that the claim `birthdate` is a String encoded in UTF-8. Note that `birthdate` is the Attribute Identifier in IETF SD-JWT VC for the Data Identifier `birth_date`.,"1. The claim `birthdate` is a String encoded in UTF-8, supporting the full Unicode range.",A,None.,none,yes,yes,issued credential; raw.presentation_response; decoded_presentations,none,none,submitted mirror cross-checked to 2b223b56be0d0a073ee0cdc9db1d7fd31d9529a1 (2026-08-13); current ASSERTION_REVIEW_BACKLOG.md; current Capture Wallet contract
WS_RP_DM_IdentifyingData_Birthdate_PID_IETF-sd-jwt-vc_003,DataModel/IdentifyingData/WS_RP_DM_IdentifyingData_Birthdate_PID_IETF-sd-jwt-vc_003.md,422a2a37e41f34b65d0f4731d9839007f39c5cb25aa7d9e07464ec367ea1176f,This test case verifies that the format of the claim `birthdate` is correct. Note that `birthdate` is the Attribute Identifier in IETF SD-JWT VC for the Data Identifier `birth_date`.,"1. The length of the claim is 10 UTF-8 encoded characters. 2. The characters used have the following format: date-fullyear ""-"" date-month ""-"" date-mday. Where: - date-fullyear consists of four decimal digits. - Date-month and Date-mday consist of two decimal digits.",A,None.,none,yes,yes,issued credential; raw.presentation_response; decoded_presentations,none,none,submitted mirror cross-checked to 2b223b56be0d0a073ee0cdc9db1d7fd31d9529a1 (2026-08-13); current ASSERTION_REVIEW_BACKLOG.md; current Capture Wallet contract
WS_RP_DM_IdentifyingData_Birthdate_PID_IETF-sd-jwt-vc_004,DataModel/IdentifyingData/WS_RP_DM_IdentifyingData_Birthdate_PID_IETF-sd-jwt-vc_004.md,599516d6edd91600c5b03f2964f3cdcb211613dcf3a3ca90185340d90c22b1ab,This test case verifies that the claim `birthdate` contains a valid date. Note that `birthdate` is the Attribute Identifier in IETF SD-JWT VC for the Data Identifier `birth_date`.,"1. The value of date-fullyear is between ""0000"" and ""9999"" inclusive. 2. The value of date-month is between ""01"" and ""12"" inclusive. 3. The value of date-mday is between ""01"" and the maximum value specified in section 5.7 of RFC 3339 inclusive.",A,None.,none,yes,yes,issued credential; raw.presentation_response; decoded_presentations,none,none,submitted mirror cross-checked to 2b223b56be0d0a073ee0cdc9db1d7fd31d9529a1 (2026-08-13); current ASSERTION_REVIEW_BACKLOG.md; current Capture Wallet contract
WS_RP_DM_IdentifyingData_Birthdate_PID_ISO-mdoc_001,DataModel/IdentifyingData/WS_RP_DM_IdentifyingData_Birthdate_PID_ISO-mdoc_001.md,521561cf1913bfce565ef9fd8adac0de5abd43d310f50501c2fe57dd64dec71c,This test case verifies that the data element `birth_date` is present in the mdoc data. Note that `birth_date` is the Attribute Identifier in ISO-mdoc for the Data Identifier `birth_date`.,1. One data element with identifier `birth_date` is present. 2. There is no `ErrorItem` for data element `birth_date`.,A,None.,none,yes,yes,issued credential; raw.presentation_response; decoded_presentations,none,none,submitted mirror cross-checked to 2b223b56be0d0a073ee0cdc9db1d7fd31d9529a1 (2026-08-13); current ASSERTION_REVIEW_BACKLOG.md; current Capture Wallet contract
WS_RP_DM_IdentifyingData_Birthdate_PID_ISO-mdoc_002,DataModel/IdentifyingData/WS_RP_DM_IdentifyingData_Birthdate_PID_ISO-mdoc_002.md,3e4d5ba76c4312d0c31cec7c18bfcd0c2d48d7a73b7bc4433c949ec95f0d62ca,This test case verifies that the DataElementValue of data element `birth_date` is encoded as a well-formed #6.1004(tstr). Note that `birth_date` is the Attribute Identifier in ISO-mdoc for the Data Identifier `birth_date`.,1. The major type value is equal to 6. 2. The tag value is equal to 1004 (indicating a full-date tstr). The value of the additional information on the first byte is 25 and the value of the next two bytes is '03 EC'. 3. The major type value is equal to 3. 4. All bytes in the data item value are UTF-8 encoded characters.,A,None.,none,yes,yes,issued credential; raw.presentation_response; decoded_presentations,none,none,submitted mirror cross-checked to 2b223b56be0d0a073ee0cdc9db1d7fd31d9529a1 (2026-08-13); current ASSERTION_REVIEW_BACKLOG.md; current Capture Wallet contract
WS_RP_DM_IdentifyingData_Birthdate_PID_ISO-mdoc_003,DataModel/IdentifyingData/WS_RP_DM_IdentifyingData_Birthdate_PID_ISO-mdoc_003.md,f38214571dbe6406f475b72103a2624fdde501774551530e246fa6a1f626dac3,This test case verifies that the format of the DataElementValue of data element `birth_date` is correct. Note that `birth_date` is the Attribute Identifier in ISO-mdoc for the Data Identifier `birth_date`.,"1. The length of the data element is 10 UTF-8 encoded characters. 2. The characters used have the following format: date-fullyear ""-"" date-month ""-"" date-mday. Where: date-fullyear consists of four decimal digits. Date-month and date-mday consist of two decimal digits.",A,None.,none,yes,yes,issued credential; raw.presentation_response; decoded_presentations,none,none,submitted mirror cross-checked to 2b223b56be0d0a073ee0cdc9db1d7fd31d9529a1 (2026-08-13); current ASSERTION_REVIEW_BACKLOG.md; current Capture Wallet contract
WS_RP_DM_IdentifyingData_Birthdate_PID_ISO-mdoc_004,DataModel/IdentifyingData/WS_RP_DM_IdentifyingData_Birthdate_PID_ISO-mdoc_004.md,656e955c7da718ce037217c98c62744a0205de122a57c169f4cb62b885b1d9c6,This test case verifies that the DataElementValue of data element `birth_date` contains a valid date. Note that `birth_date` is the Attribute Identifier in ISO-mdoc for the Data Identifier `birth_date`.,"1. The value of date-fullyear is between ""0000"" and ""9999"" inclusive. 2. The value of date-month is between ""01"" and ""12"" inclusive. 3. The value of date-mday is between ""01"" and the maximum value specified in section 5.7 of RFC 3339 inclusive.",A,None.,none,yes,yes,issued credential; raw.presentation_response; decoded_presentations,none,none,submitted mirror cross-checked to 2b223b56be0d0a073ee0cdc9db1d7fd31d9529a1 (2026-08-13); current ASSERTION_REVIEW_BACKLOG.md; current Capture Wallet contract
WS_RP_DM_IdentifyingData_Birthplace_PID_IETF-sd-jwt-vc_001,DataModel/IdentifyingData/WS_RP_DM_IdentifyingData_Birthplace_PID_IETF-sd-jwt-vc_001.md,edd4c3da858b4901f8898dfb0003de2472ff3db8f8b6a6c1f8ce761748d6e684,This test case verifies that the claim `place_of_birth` is present in the Credential in IETF SD-JWT VC format. Note that `place_of_birth` is the Attribute Identifier in IETF SD-JWT VC for the Data Identifier birth_place.,1. One claim with identifier `place_of_birth` is present.,A,None.,none,yes,yes,issued credential; raw.presentation_response; decoded_presentations,none,none,submitted mirror cross-checked to 2b223b56be0d0a073ee0cdc9db1d7fd31d9529a1 (2026-08-13); current ASSERTION_REVIEW_BACKLOG.md; current Capture Wallet contract
WS_RP_DM_IdentifyingData_Birthplace_PID_IETF-sd-jwt-vc_002,DataModel/IdentifyingData/WS_RP_DM_IdentifyingData_Birthplace_PID_IETF-sd-jwt-vc_002.md,2e2f26e4446741db9881d13f54b3ec304d8744a805963f3743fbe9788e6be52c,This test case verifies that the claim `place_of_birth` is encoded as a JSON structure. Note that `place_of_birth` is the Attribute Identifier in IETF SD-JWT VC for the Data Identifier birth_place.,1. The claim is encoded as a JSON structure.,A,None.,none,yes,yes,issued credential; raw.presentation_response; decoded_presentations,none,none,submitted mirror cross-checked to 2b223b56be0d0a073ee0cdc9db1d7fd31d9529a1 (2026-08-13); current ASSERTION_REVIEW_BACKLOG.md; current Capture Wallet contract
WS_RP_DM_IdentifyingData_Birthplace_PID_ISO-mdoc_001,DataModel/IdentifyingData/WS_RP_DM_IdentifyingData_Birthplace_PID_ISO-mdoc_001.md,904402a855ed2c839c28d2418559b4e8164fddc615a94dbbf4ee91fbcca61abc,This test case verifies that the data element `place_of_birth` is present in the mdoc data. Note that `place_of_birth` is the Attribute Identifier in ISO-mdoc for the Data Identifier birth_place.,1. One data element with identifier `place_of_birth` is present. 2. There is no `ErrorItem` for data element `place_of_birth`.,A,None.,none,yes,yes,issued credential; raw.presentation_response; decoded_presentations,none,none,submitted mirror cross-checked to 2b223b56be0d0a073ee0cdc9db1d7fd31d9529a1 (2026-08-13); current ASSERTION_REVIEW_BACKLOG.md; current Capture Wallet contract
WS_RP_DM_IdentifyingData_Birthplace_PID_ISO-mdoc_002,DataModel/IdentifyingData/WS_RP_DM_IdentifyingData_Birthplace_PID_ISO-mdoc_002.md,dd9e393a160c6bfa3140875a463653e6b1cb17805e1933e46c50765cd7822567,This test case verifies that the DataElementValue of data element `place_of_birth` is a well-formed CBOR map. Note that `place_of_birth` is the Attribute Identifier in ISO-mdoc for the Data Identifier birth_place.,1. The major type value is equal to 5. 2. All bytes in the data item value are UTF-8 encoded characters.,A,None.,none,yes,yes,issued credential; raw.presentation_response; decoded_presentations,none,none,submitted mirror cross-checked to 2b223b56be0d0a073ee0cdc9db1d7fd31d9529a1 (2026-08-13); current ASSERTION_REVIEW_BACKLOG.md; current Capture Wallet contract
WS_RP_DM_IdentifyingData_Birthplace_PID_ISO-mdoc_003,DataModel/IdentifyingData/WS_RP_DM_IdentifyingData_Birthplace_PID_ISO-mdoc_003.md,3efee59c497e1b2ffdb4ee84c76dbd8ba90afa82b42bfb212cf22c684f1e41a2,This test case verifies that the correct key-value pairs are present in each data element present in `place_of_birth`. Note that `place_of_birth` is the Attribute Identifier in ISO-mdoc for the Data Identifier birth_place.,"1. The data element item contains between 1 and 3 pairs inclusive, with the following value(s) for the key/ value pair(s): - ""country"" (optional) - ""region"" (optional) - ""locality"" (optional) 2. Each key is unique within the data item.",A,None.,none,yes,yes,issued credential; raw.presentation_response; decoded_presentations,none,none,submitted mirror cross-checked to 2b223b56be0d0a073ee0cdc9db1d7fd31d9529a1 (2026-08-13); current ASSERTION_REVIEW_BACKLOG.md; current Capture Wallet contract
WS_RP_DM_IdentifyingData_Birthplace_PID_ISO-mdoc_004,DataModel/IdentifyingData/WS_RP_DM_IdentifyingData_Birthplace_PID_ISO-mdoc_004.md,e65fe7b911ebe7c71585d2c8f710cd0d3f7ba18af2708ff54a666bb807919ed9,This test case verifies that the value of each data element present in `place_of_birth` is a well-formed CBOR text string. Note that `place_of_birth` is the Attribute Identifier in ISO-mdoc for the Data Identifier birth_place.,1. The major type value is equal to 3.,A,None.,none,yes,yes,issued credential; raw.presentation_response; decoded_presentations,none,none,submitted mirror cross-checked to 2b223b56be0d0a073ee0cdc9db1d7fd31d9529a1 (2026-08-13); current ASSERTION_REVIEW_BACKLOG.md; current Capture Wallet contract
WS_RP_DM_IdentifyingData_Birthplace_PID_ISO-mdoc_005,DataModel/IdentifyingData/WS_RP_DM_IdentifyingData_Birthplace_PID_ISO-mdoc_005.md,83134b9142317c3bfb39bb8372b4b4f8fada63c1d3f143106c3a81ca86dfb740,This test case verifies that the country item of data element `place_of_birth` is a valid country code. Note that `place_of_birth` is the Attribute Identifier in ISO-mdoc for the Data Identifier birth_place.,"1. The DataElementValue has two characters, an alpha-2 code, corresponding to a country name: Listed in ISO 3166-1:2020, 6.1. Not listed in ISO 3166-1:2020, 6.1. In this case, the user-assigned country codes may be used, which consist in the series of letters AA, QM to QZ, XA to XZ, and ZZ (ISO 3166-1:2020, 8.3).",A,None.,none,yes,yes,issued credential; raw.presentation_response; decoded_presentations,none,none,submitted mirror cross-checked to 2b223b56be0d0a073ee0cdc9db1d7fd31d9529a1 (2026-08-13); current ASSERTION_REVIEW_BACKLOG.md; current Capture Wallet contract
WS_RP_DM_IdentifyingData_Birthplace_PID_ISO-mdoc_006,DataModel/IdentifyingData/WS_RP_DM_IdentifyingData_Birthplace_PID_ISO-mdoc_006.md,dae83c8448b41ec80e2d7e814e35ca5dbc1fad22e54de4a3f4648d85599ad77f,"This test case verifies that the region item of data element `place_of_birth` has only UTF-8 characters, and maximum length of 150 characters. Note that `place_of_birth` is the Attribute Identifier in ISO-mdoc for the Data Identifier birth_place.",1. Values includes only UTF-8 characters. 2. Length is equal or smaller than 150 characters.,A,None.,none,yes,yes,issued credential; raw.presentation_response; decoded_presentations,none,none,submitted mirror cross-checked to 2b223b56be0d0a073ee0cdc9db1d7fd31d9529a1 (2026-08-13); current ASSERTION_REVIEW_BACKLOG.md; current Capture Wallet contract
WS_RP_DM_IdentifyingData_Birthplace_PID_ISO-mdoc_007,DataModel/IdentifyingData/WS_RP_DM_IdentifyingData_Birthplace_PID_ISO-mdoc_007.md,98fab35d4ab1e7a290d10432765df9ccbef11cb026947e13df3a8be899ee841b,"This test case verifies that the region item of data element `place_of_birth` has only UTF-8 characters, and maximum length of 150 characters. Note that `place_of_birth` is the Attribute Identifier in ISO-mdoc for the Data Identifier birth_place.",1. Value includes only UTF-8 characters. 2. Length is equal or smaller than 150 characters.,A,None.,none,yes,yes,issued credential; raw.presentation_response; decoded_presentations,none,none,submitted mirror cross-checked to 2b223b56be0d0a073ee0cdc9db1d7fd31d9529a1 (2026-08-13); current ASSERTION_REVIEW_BACKLOG.md; current Capture Wallet contract
WS_RP_DM_IdentifyingData_Familyname_PID_IETF-sd-jwt-vc_001,DataModel/IdentifyingData/WS_RP_DM_IdentifyingData_Familyname_PID_IETF-sd-jwt-vc_001.md,d6629b706355faf039b7047e53fe322d2131899ec189fa412eadf520b7dd0851,This test case verifies that the claim `family_name` is present in the Credential in IETF SD-JWT VC format. Note that `family_name` is the Attribute Identifier in IETF SD-JWT VC for the Data Identifier `family_name`.,1. One claim with identifier `family_name` is present.,A,None.,none,yes,yes,issued credential; raw.presentation_response; decoded_presentations,none,none,submitted mirror cross-checked to 2b223b56be0d0a073ee0cdc9db1d7fd31d9529a1 (2026-08-13); current ASSERTION_REVIEW_BACKLOG.md; current Capture Wallet contract
WS_RP_DM_IdentifyingData_Familyname_PID_IETF-sd-jwt-vc_002,DataModel/IdentifyingData/WS_RP_DM_IdentifyingData_Familyname_PID_IETF-sd-jwt-vc_002.md,e15fceae1240603b0a7afe68b676133852edb816efafd324be7baddc5695944d,This test case verifies that the claim `family_name` is a String encoded in UTF-8. Note that `family_name` is the Attribute Identifier in IETF SD-JWT VC for the Data Identifier `family_name`.,"1. The claim `family_name` is a String encoded in UTF-8, supporting the full Unicode range.",A,None.,none,yes,yes,issued credential; raw.presentation_response; decoded_presentations,none,none,submitted mirror cross-checked to 2b223b56be0d0a073ee0cdc9db1d7fd31d9529a1 (2026-08-13); current ASSERTION_REVIEW_BACKLOG.md; current Capture Wallet contract
WS_RP_DM_IdentifyingData_Familyname_PID_ISO-mdoc_001,DataModel/IdentifyingData/WS_RP_DM_IdentifyingData_Familyname_PID_ISO-mdoc_001.md,4703cf8236d1dcd72767062b644b6fa30fc2d79f82547120b2b666f72c3f04fc,This test case verifies that the data element `family_name` is present in the mdoc data. Note that `family_name` is the Attribute Identifier in ISO-mdoc for the Data Identifier `family_name`.,1. One data element with identifier `family_name` is present. 2. There is no `ErrorItem` for data element `family_name`.,A,None.,none,yes,yes,issued credential; raw.presentation_response; decoded_presentations,none,none,submitted mirror cross-checked to 2b223b56be0d0a073ee0cdc9db1d7fd31d9529a1 (2026-08-13); current ASSERTION_REVIEW_BACKLOG.md; current Capture Wallet contract
WS_RP_DM_IdentifyingData_Familyname_PID_ISO-mdoc_002,DataModel/IdentifyingData/WS_RP_DM_IdentifyingData_Familyname_PID_ISO-mdoc_002.md,dd337fb30553ad37d28550e8dbec17ec4f73de4dbd890cb9c8d153128bf16e21,This test case verifies that the DataElementValue of data element `family_name` is a well-formed CBOR text string. Note that `family_name` is the Attribute Identifier in ISO-mdoc for the Data Identifier `family_name`.,1. The major type value is equal to 3. 2. All bytes in the data item value are UTF-8 encoded characters.,A,None.,none,yes,yes,issued credential; raw.presentation_response; decoded_presentations,none,none,submitted mirror cross-checked to 2b223b56be0d0a073ee0cdc9db1d7fd31d9529a1 (2026-08-13); current ASSERTION_REVIEW_BACKLOG.md; current Capture Wallet contract
WS_RP_DM_IdentifyingData_Familynamebirth_PID_IETF-sd-jwt-vc_001,DataModel/IdentifyingData/WS_RP_DM_IdentifyingData_Familynamebirth_PID_IETF-sd-jwt-vc_001.md,0dc216f298a60dea2532a13a174ac7d9216dc08108fdcb2890e8446882890e2f,This test case verifies that the claim `birth_family_name` is present in the Credential in IETF SD-JWT VC format if this is indicated in the ICS. Note that `birth_family_name` is the Attribute Identifier in IETF SD-JWT VC for the Data Identifier `family_name_birth`.,1. One claim with identifier `birth_family_name` is present.,A,None.,none,yes,yes,issued credential; raw.presentation_response; decoded_presentations,none,none,submitted mirror cross-checked to 2b223b56be0d0a073ee0cdc9db1d7fd31d9529a1 (2026-08-13); current ASSERTION_REVIEW_BACKLOG.md; current Capture Wallet contract
WS_RP_DM_IdentifyingData_Familynamebirth_PID_IETF-sd-jwt-vc_002,DataModel/IdentifyingData/WS_RP_DM_IdentifyingData_Familynamebirth_PID_IETF-sd-jwt-vc_002.md,d39c4d8a6ca8b42a971b4bebc90334c5b0e1fef82637d31720c8d4cdb4653fca,This test case verifies that the claim `birth_family_name` is a String encoded in UTF-8. Note that `birth_family_name` is the Attribute Identifier in IETF SD-JWT VC for the Data Identifier `family_name_birth`.,"1. The claim `birth_family_name` is a String encoded in UTF-8, supporting the full Unicode range.",A,None.,none,yes,yes,issued credential; raw.presentation_response; decoded_presentations,none,none,submitted mirror cross-checked to 2b223b56be0d0a073ee0cdc9db1d7fd31d9529a1 (2026-08-13); current ASSERTION_REVIEW_BACKLOG.md; current Capture Wallet contract
WS_RP_DM_IdentifyingData_Familynamebirth_PID_ISO-mdoc_001,DataModel/IdentifyingData/WS_RP_DM_IdentifyingData_Familynamebirth_PID_ISO-mdoc_001.md,99d2720fa86058a8cec1510a3db3d20884e10c32792bab4d0f2fa3d9768f7cd2,This test case verifies that the data element `family_name_birth` is present in the mdoc data if this is indicated in the ICS. Note that `family_name_birth` is the Attribute Identifier in ISO-mdoc for the Data Identifier `family_name_birth`.,1. One data element with identifier `family_name_birth` is present. 2. There is no `ErrorItem` for data element `family_name_birth`.,A,None.,none,yes,yes,issued credential; raw.presentation_response; decoded_presentations,none,none,submitted mirror cross-checked to 2b223b56be0d0a073ee0cdc9db1d7fd31d9529a1 (2026-08-13); current ASSERTION_REVIEW_BACKLOG.md; current Capture Wallet contract
WS_RP_DM_IdentifyingData_Familynamebirth_PID_ISO-mdoc_002,DataModel/IdentifyingData/WS_RP_DM_IdentifyingData_Familynamebirth_PID_ISO-mdoc_002.md,708415682afd7a798b5e1c81163e902e3499e500e0ef871824bf2db51503787e,This test case verifies that the DataElementValue of data element `family_name_birth` is a well-formed CBOR text string. Note that `family_name_birth` is the Attribute Identifier in ISO-mdoc for the Data Identifier `family_name_birth`.,1. The major type value is equal to 3. 2. All bytes in the data item value are UTF-8 encoded characters.,A,None.,none,yes,yes,issued credential; raw.presentation_response; decoded_presentations,none,none,submitted mirror cross-checked to 2b223b56be0d0a073ee0cdc9db1d7fd31d9529a1 (2026-08-13); current ASSERTION_REVIEW_BACKLOG.md; current Capture Wallet contract
WS_RP_DM_IdentifyingData_Givenname_PID_IETF-sd-jwt-vc_001,DataModel/IdentifyingData/WS_RP_DM_IdentifyingData_Givenname_PID_IETF-sd-jwt-vc_001.md,23a71d76991d571bed6b97bdfd8e05f55c06730c0f07d03389368fcb89dfd660,This test case verifies that the claim `given_name` is present in the Credential in IETF SD-JWT VC format. Note that `given_name` is the Attribute Identifier in IETF SD-JWT VC for the Data Identifier `given_name`.,1. One claim with identifier `given_name` is present.,A,None.,none,yes,yes,issued credential; raw.presentation_response; decoded_presentations,none,none,submitted mirror cross-checked to 2b223b56be0d0a073ee0cdc9db1d7fd31d9529a1 (2026-08-13); current ASSERTION_REVIEW_BACKLOG.md; current Capture Wallet contract
WS_RP_DM_IdentifyingData_Givenname_PID_IETF-sd-jwt-vc_002,DataModel/IdentifyingData/WS_RP_DM_IdentifyingData_Givenname_PID_IETF-sd-jwt-vc_002.md,9fc394b43d6cc61db9e69cb058492992a3d127d8d43fc167e1f601aaabb1c185,This test case verifies that the claim `given_name` is a String encoded in UTF-8. Note that `given_name` is the Attribute Identifier in IETF SD-JWT VC for the Data Identifier `given_name`.,"1. The claim `given_name` is a String encoded in UTF-8, supporting the full Unicode range.",A,None.,none,yes,yes,issued credential; raw.presentation_response; decoded_presentations,none,none,submitted mirror cross-checked to 2b223b56be0d0a073ee0cdc9db1d7fd31d9529a1 (2026-08-13); current ASSERTION_REVIEW_BACKLOG.md; current Capture Wallet contract
WS_RP_DM_IdentifyingData_Givenname_PID_ISO-mdoc_001,DataModel/IdentifyingData/WS_RP_DM_IdentifyingData_Givenname_PID_ISO-mdoc_001.md,fd5bd26919ed707479e238c3460b18ef382384e51e261c4dd7689ecd6ef6af91,This test case verifies that the data element `given_name` is present in the mdoc data. Note that `given_name` is the Attribute Identifier in ISO-mdoc for the Data Identifier `given_name`.,1. One data element with identifier `given_name` is present. 2. There is no `ErrorItem` for data element `given_name`.,A,None.,none,yes,yes,issued credential; raw.presentation_response; decoded_presentations,none,none,submitted mirror cross-checked to 2b223b56be0d0a073ee0cdc9db1d7fd31d9529a1 (2026-08-13); current ASSERTION_REVIEW_BACKLOG.md; current Capture Wallet contract
WS_RP_DM_IdentifyingData_Givenname_PID_ISO-mdoc_002,DataModel/IdentifyingData/WS_RP_DM_IdentifyingData_Givenname_PID_ISO-mdoc_002.md,e4f851905085dd20f68017471cf678387c25f7b17811ff5394d8310420745410,This test case verifies that the DataElementValue of data element `given_name` is a well-formed CBOR text string. Note that `given_name` is the Attribute Identifier in ISO-mdoc for the Data Identifier `given_name`.,1. The major type value is equal to 3. 2. All bytes in the data item value are UTF-8 encoded characters.,A,None.,none,yes,yes,issued credential; raw.presentation_response; decoded_presentations,none,none,submitted mirror cross-checked to 2b223b56be0d0a073ee0cdc9db1d7fd31d9529a1 (2026-08-13); current ASSERTION_REVIEW_BACKLOG.md; current Capture Wallet contract
WS_RP_DM_IdentifyingData_Givennamebirth_PID_IETF-sd-jwt-vc_001,DataModel/IdentifyingData/WS_RP_DM_IdentifyingData_Givennamebirth_PID_IETF-sd-jwt-vc_001.md,f6ca3fd3bde771aad6c035d6994f888810aed84e9938f95fbf2a2527388552b2,This test case verifies that the claim `birth_given_name` is present in the Credential in IETF SD-JWT VC format if this is indicated in the ICS. Note that `birth_given_name` is the Attribute Identifier in IETF SD-JWT VC for the Data Identifier `given_name_birth`.,1. One claim with identifier `birth_given_name` is present.,A,None.,none,yes,yes,issued credential; raw.presentation_response; decoded_presentations,none,none,submitted mirror cross-checked to 2b223b56be0d0a073ee0cdc9db1d7fd31d9529a1 (2026-08-13); current ASSERTION_REVIEW_BACKLOG.md; current Capture Wallet contract
WS_RP_DM_IdentifyingData_Givennamebirth_PID_IETF-sd-jwt-vc_002,DataModel/IdentifyingData/WS_RP_DM_IdentifyingData_Givennamebirth_PID_IETF-sd-jwt-vc_002.md,2e06d9da5df0ed683bd5be531cd01b057cb05af38e52793f680284b98e5b030f,This test case verifies that the claim `birth_given_name` is a String encoded in UTF-8. Note that `birth_given_name` is the Attribute Identifier in IETF SD-JWT VC for the Data Identifier `given_name_birth`.,"1. The claim `birth_given_name` is a String encoded in UTF-8, supporting the full Unicode range.",A,None.,none,yes,yes,issued credential; raw.presentation_response; decoded_presentations,none,none,submitted mirror cross-checked to 2b223b56be0d0a073ee0cdc9db1d7fd31d9529a1 (2026-08-13); current ASSERTION_REVIEW_BACKLOG.md; current Capture Wallet contract
WS_RP_DM_IdentifyingData_Givennamebirth_PID_ISO-mdoc_001,DataModel/IdentifyingData/WS_RP_DM_IdentifyingData_Givennamebirth_PID_ISO-mdoc_001.md,582568516c5f500cdde0951d84827df2c27a60a399c011e65f7e215f4c1e4ac9,This test case verifies that the data element `given_name_birth` is present in the mdoc data if this is indicated in the ICS. Note that `given_name_birth` is the Attribute Identifier in ISO-mdoc for the Data Identifier `given_name_birth`.,1. One data element with identifier `given_name_birth` is present. 2. There is no `ErrorItem` for data element `given_name_birth`.,A,None.,none,yes,yes,issued credential; raw.presentation_response; decoded_presentations,none,none,submitted mirror cross-checked to 2b223b56be0d0a073ee0cdc9db1d7fd31d9529a1 (2026-08-13); current ASSERTION_REVIEW_BACKLOG.md; current Capture Wallet contract
WS_RP_DM_IdentifyingData_Givennamebirth_PID_ISO-mdoc_002,DataModel/IdentifyingData/WS_RP_DM_IdentifyingData_Givennamebirth_PID_ISO-mdoc_002.md,ae715f15d5253e4297f3da2baa439b626e92ed6adbfd50e168deff9f87437f3c,This test case verifies that the DataElementValue of data element `given_name_birth` is a well-formed CBOR text string. Note that `given_name_birth` is the Attribute Identifier in ISO-mdoc for the Data Identifier `given_name_birth`.,1. The major type value is equal to 3. 2. All bytes in the data item value are UTF-8 encoded characters.,A,None.,none,yes,yes,issued credential; raw.presentation_response; decoded_presentations,none,none,submitted mirror cross-checked to 2b223b56be0d0a073ee0cdc9db1d7fd31d9529a1 (2026-08-13); current ASSERTION_REVIEW_BACKLOG.md; current Capture Wallet contract
WS_RP_DM_IdentifyingData_Nationality_PID_IETF-sd-jwt-vc_001,DataModel/IdentifyingData/WS_RP_DM_IdentifyingData_Nationality_PID_IETF-sd-jwt-vc_001.md,9ce18a617382f05f0af6e542cc32bbe8bc38aa17fca721c8f208962cf09d6220,This test case verifies that the claim `nationalities` is present in the Credential in IETF SD-JWT VC format. Note that `nationalities` is the Attribute Identifier in IETF SD-JWT VC for the Data Identifier nationality.,1. One claim with identifier `nationalities` is present.,A,None.,none,yes,yes,issued credential; raw.presentation_response; decoded_presentations,none,none,submitted mirror cross-checked to 2b223b56be0d0a073ee0cdc9db1d7fd31d9529a1 (2026-08-13); current ASSERTION_REVIEW_BACKLOG.md; current Capture Wallet contract
WS_RP_DM_IdentifyingData_Nationality_PID_IETF-sd-jwt-vc_002,DataModel/IdentifyingData/WS_RP_DM_IdentifyingData_Nationality_PID_IETF-sd-jwt-vc_002.md,20b32b55120405d9270fcf136d8462020add767717a24ee2be6a5e109fbae861,This test case verifies that the claim `nationalities` is an array of strings. Note that `nationalities` is the Attribute Identifier in IETF SD-JWT VC for the Data Identifier nationality.,1. The claim `nationalities` is an array of strings. 2. There are >= 1 items in the array.,A,None.,none,yes,yes,issued credential; raw.presentation_response; decoded_presentations,none,none,submitted mirror cross-checked to 2b223b56be0d0a073ee0cdc9db1d7fd31d9529a1 (2026-08-13); current ASSERTION_REVIEW_BACKLOG.md; current Capture Wallet contract
WS_RP_DM_IdentifyingData_Nationality_PID_IETF-sd-jwt-vc_003,DataModel/IdentifyingData/WS_RP_DM_IdentifyingData_Nationality_PID_IETF-sd-jwt-vc_003.md,ae3da97e451cda43c524f2d5314e5e498f1da8052a385ea05b2bc78cd7f87711,This test case verifies that each string within the array of strings in the claim `nationalities` contains a valid country code. Note that `nationalities` is the Attribute Identifier in IETF SD-JWT VC for the Data Identifier nationality.,"1. Each string within an array of strings in the claim `nationalities` has two characters, an alpha-2 code, corresponding to a country name: Listed in ISO 3166-1:2020, 6.1. Not listed in ISO 3166-1:2020, 6.1. In this case, the user-assigned country codes may be used, which consist in the series of letters AA, QM to QZ, XA to XZ, and ZZ (ISO 3166-1:2020, 8.3).",A,None.,none,yes,yes,issued credential; raw.presentation_response; decoded_presentations,none,none,submitted mirror cross-checked to 2b223b56be0d0a073ee0cdc9db1d7fd31d9529a1 (2026-08-13); current ASSERTION_REVIEW_BACKLOG.md; current Capture Wallet contract
WS_RP_DM_IdentifyingData_Nationality_PID_ISO-mdoc_001,DataModel/IdentifyingData/WS_RP_DM_IdentifyingData_Nationality_PID_ISO-mdoc_001.md,acdabf43699be5872b39f19a9936dab871f5cbcaeb6135ba850a3bfe182aa618,This test case verifies that the data element `nationality` is present in the mdoc data. Note that `nationality` is the Attribute Identifier in ISO-mdoc for the Data Identifier nationality.,1. One data element with identifier `nationality` is present. 2. There is no `ErrorItem` for data element `nationality`.,A,None.,none,yes,yes,issued credential; raw.presentation_response; decoded_presentations,none,none,submitted mirror cross-checked to 2b223b56be0d0a073ee0cdc9db1d7fd31d9529a1 (2026-08-13); current ASSERTION_REVIEW_BACKLOG.md; current Capture Wallet contract
WS_RP_DM_IdentifyingData_Nationality_PID_ISO-mdoc_002,DataModel/IdentifyingData/WS_RP_DM_IdentifyingData_Nationality_PID_ISO-mdoc_002.md,8d67b394c1f6d0cf35842f0da20074a06a5aac50223296e5c746703f72fdc267,This test case verifies that the DataElementValue of data element `nationality` is an array of Alpha-2 country codes as specified in ISO 3166-1. Note that `nationality` is the Attribute Identifier in ISO-mdoc for the Data Identifier nationality.,1. The major type value is equal to 4. 2. There are >= 1 items in the array.,A,None.,none,yes,yes,issued credential; raw.presentation_response; decoded_presentations,none,none,submitted mirror cross-checked to 2b223b56be0d0a073ee0cdc9db1d7fd31d9529a1 (2026-08-13); current ASSERTION_REVIEW_BACKLOG.md; current Capture Wallet contract
WS_RP_DM_IdentifyingData_Nationality_PID_ISO-mdoc_003,DataModel/IdentifyingData/WS_RP_DM_IdentifyingData_Nationality_PID_ISO-mdoc_003.md,c9583384c6e4b2f56e849cb732b9689779f6f8c8df612023da541a9f78b2fdd3,This test case verifies that the DataElementValue of data element `nationality` contains a valid country code. Note that `nationality` is the Attribute Identifier in ISO-mdoc for the Data Identifier nationality.,"1. The DataElementValue has two characters, an alpha-2 code, corresponding to a country name: Listed in ISO 3166-1:2020, 6.1. Not listed in ISO 3166-1:2020, 6.1. In this case, the user-assigned country codes may be used, which consist in the series of letters AA, QM to QZ, XA to XZ, and ZZ (ISO 3166-1:2020, 8.3).",A,None.,none,yes,yes,issued credential; raw.presentation_response; decoded_presentations,none,none,submitted mirror cross-checked to 2b223b56be0d0a073ee0cdc9db1d7fd31d9529a1 (2026-08-13); current ASSERTION_REVIEW_BACKLOG.md; current Capture Wallet contract
WS_RP_DM_IdentifyingData_Nationality_PID_ISO-mdoc_004,DataModel/IdentifyingData/WS_RP_DM_IdentifyingData_Nationality_PID_ISO-mdoc_004.md,81c1a53458dee5c8a524548fe5d0d6ee7725473cf639aa0b27bde843f33c2b28,This test case verifies that each entry in the Array contains a DataElementValue with a valid country code. Note that `nationality` is the Attribute Identifier in ISO-mdoc for the Data Identifier nationality.,"1. Each entry in the Array contains a DataElementValue that has two characters, an alpha-2 code, corresponding to a country name: Listed in ISO 3166-1:2020, 6.1. Not listed in ISO 3166-1:2020, 6.1. In this case, the user-assigned country codes may be used, which consist in the series of letters AA, QM to QZ, XA to XZ, and ZZ (ISO 3166-1:2020, 8.3).",A,None.,none,yes,yes,issued credential; raw.presentation_response; decoded_presentations,none,none,submitted mirror cross-checked to 2b223b56be0d0a073ee0cdc9db1d7fd31d9529a1 (2026-08-13); current ASSERTION_REVIEW_BACKLOG.md; current Capture Wallet contract
WS_RP_DM_IdentifyingData_Personaladministrativenumber_PID_IETF-sd-jwt-vc_001,DataModel/IdentifyingData/WS_RP_DM_IdentifyingData_Personaladministrativenumber_PID_IETF-sd-jwt-vc_001.md,afbd19d942ffec32bae9318ec3f6df1f9841b1efb0f4c0420b7174f32a631c42,This test case verifies that the claim personal_administrative_number is present in the Credential in IETF SD-JWT VC format if this is indicated in the ICS. Note that personal_administrative_number is the Attribute Identifier in IETF SD-JWT VC for the Data Identifier personal_administrative_number.,1. One claim with identifier personal_administrative_number is present.,A,None.,none,yes,yes,issued credential; raw.presentation_response; decoded_presentations,none,none,submitted mirror cross-checked to 2b223b56be0d0a073ee0cdc9db1d7fd31d9529a1 (2026-08-13); current ASSERTION_REVIEW_BACKLOG.md; current Capture Wallet contract
WS_RP_DM_IdentifyingData_Personaladministrativenumber_PID_IETF-sd-jwt-vc_002,DataModel/IdentifyingData/WS_RP_DM_IdentifyingData_Personaladministrativenumber_PID_IETF-sd-jwt-vc_002.md,f70c3e0a0b166eed07aa353961497f18ffb06878f3804f7013a85c20de664e81,This test case verifies that the claim personal_administrative_number is a String encoded in UTF-8. Note that personal_administrative_number is the Attribute Identifier in IETF SD-JWT VC for the Data Identifier personal_administrative_number.,"1. The claim personal_administrative_number is a String encoded in UTF-8, supporting the full Unicode range.",A,None.,none,yes,yes,issued credential; raw.presentation_response; decoded_presentations,none,none,submitted mirror cross-checked to 2b223b56be0d0a073ee0cdc9db1d7fd31d9529a1 (2026-08-13); current ASSERTION_REVIEW_BACKLOG.md; current Capture Wallet contract
WS_RP_DM_IdentifyingData_Personaladministrativenumber_PID_ISO-mdoc_001,DataModel/IdentifyingData/WS_RP_DM_IdentifyingData_Personaladministrativenumber_PID_ISO-mdoc_001.md,3a6054d4277ec2117fadfaabc265425af30e518f235f4f23affa534b5e06d7f1,This test case verifies that the data element personal_administrative_number is present in the mdoc data if this is indicated in the ICS. Note that personal_administrative_number is the Attribute Identifier in ISO-mdoc for the Data Identifier personal_administrative_number.,1. One data element with identifier personal_administrative_number is present. 2. There is no `ErrorItem` for data element personal_administrative_number.,A,None.,none,yes,yes,issued credential; raw.presentation_response; decoded_presentations,none,none,submitted mirror cross-checked to 2b223b56be0d0a073ee0cdc9db1d7fd31d9529a1 (2026-08-13); current ASSERTION_REVIEW_BACKLOG.md; current Capture Wallet contract
WS_RP_DM_IdentifyingData_Personaladministrativenumber_PID_ISO-mdoc_002,DataModel/IdentifyingData/WS_RP_DM_IdentifyingData_Personaladministrativenumber_PID_ISO-mdoc_002.md,97c06313d889ffa88da15163e8573ff69f1126ac89153751ecad58241064fdab,This test case verifies that the DataElementValue of data element personal_administrative_number is a well-formed CBOR text string. Note that personal_administrative_number is the Attribute Identifier in ISO-mdoc for the Data Identifier personal_administrative_number.,1. The major type value is equal to 3. 2. All bytes in the data item value are UTF-8 encoded characters.,A,None.,none,yes,yes,issued credential; raw.presentation_response; decoded_presentations,none,none,submitted mirror cross-checked to 2b223b56be0d0a073ee0cdc9db1d7fd31d9529a1 (2026-08-13); current ASSERTION_REVIEW_BACKLOG.md; current Capture Wallet contract
WS_RP_DM_IdentifyingData_Portrait_PID_IETF-sd-jwt-vc_001,DataModel/IdentifyingData/WS_RP_DM_IdentifyingData_Portrait_PID_IETF-sd-jwt-vc_001.md,9b8c2b9d6242b8ebbdb19c71d534e88d6cb5126878ee22ec321d954add6d8d75,This test case verifies that the claim `picture` is present in the Credential in IETF SD-JWT VC format. Note that `picture` is the Attribute Identifier in IETF SD-JWT VC for the Data Identifier portrait.,1. One claim with identifier `picture` is present.,A,None.,none,yes,yes,issued credential; raw.presentation_response; decoded_presentations,none,none,submitted mirror cross-checked to 2b223b56be0d0a073ee0cdc9db1d7fd31d9529a1 (2026-08-13); current ASSERTION_REVIEW_BACKLOG.md; current Capture Wallet contract
WS_RP_DM_IdentifyingData_Portrait_PID_IETF-sd-jwt-vc_002,DataModel/IdentifyingData/WS_RP_DM_IdentifyingData_Portrait_PID_IETF-sd-jwt-vc_002.md,430c9e4b4e577d66e88b5ab46658d1b1699954240547c41e5e35846ad5ce9ffa,This test case verifies that the claim `picture` is a String. Note that `picture` is the Attribute Identifier in IETF SD-JWT VC for the Data Identifier portrait.,1. The claim `picture` is a String.,A,None.,none,yes,yes,issued credential; raw.presentation_response; decoded_presentations,none,none,submitted mirror cross-checked to 2b223b56be0d0a073ee0cdc9db1d7fd31d9529a1 (2026-08-13); current ASSERTION_REVIEW_BACKLOG.md; current Capture Wallet contract
WS_RP_DM_IdentifyingData_Portrait_PID_IETF-sd-jwt-vc_003,DataModel/IdentifyingData/WS_RP_DM_IdentifyingData_Portrait_PID_IETF-sd-jwt-vc_003.md,01ff3ba6274bdf7a80ecf208308e4fb1a7cf6930af500c81b94e125f51d5b225,This test case verifies that the claim `picture` is a data URL containing a base64-encoded `picture` in JPEG format. Note that `picture` is the Attribute Identifier in IETF SD-JWT VC for the Data Identifier portrait.,1. The claim `picture` is a data URL containing a base64-encoded `picture` in JPEG format.,A,None.,none,yes,yes,issued credential; raw.presentation_response; decoded_presentations,none,none,submitted mirror cross-checked to 2b223b56be0d0a073ee0cdc9db1d7fd31d9529a1 (2026-08-13); current ASSERTION_REVIEW_BACKLOG.md; current Capture Wallet contract
WS_RP_DM_IdentifyingData_Portrait_PID_ISO-mdoc_001,DataModel/IdentifyingData/WS_RP_DM_IdentifyingData_Portrait_PID_ISO-mdoc_001.md,d9e12f09eda6345d1e77b9b1436545481c707bf0549fee303922a380e77b3e17,This test case verifies that the data element `portrait` is present in the mdoc data. Note that `portrait` is the Attribute Identifier in ISO-mdoc for the Data Identifier portrait.,1. One data element with identifier `portrait` is present. 2. There is no `ErrorItem` for data element `portrait`.,A,None.,none,yes,yes,issued credential; raw.presentation_response; decoded_presentations,none,none,submitted mirror cross-checked to 2b223b56be0d0a073ee0cdc9db1d7fd31d9529a1 (2026-08-13); current ASSERTION_REVIEW_BACKLOG.md; current Capture Wallet contract
WS_RP_DM_IdentifyingData_Portrait_PID_ISO-mdoc_002,DataModel/IdentifyingData/WS_RP_DM_IdentifyingData_Portrait_PID_ISO-mdoc_002.md,09bbe26a0de6375e5ca08285ea90947698fcbc1c3100b767017e0a336867ffeb,This test case verifies that the DataElementValue of data element `portrait` is a well-formed CBOR byte string. Note that `portrait` is the Attribute Identifier in ISO-mdoc for the Data Identifier portrait.,1. The major type value is equal to 2.,A,None.,none,yes,yes,issued credential; raw.presentation_response; decoded_presentations,none,none,submitted mirror cross-checked to 2b223b56be0d0a073ee0cdc9db1d7fd31d9529a1 (2026-08-13); current ASSERTION_REVIEW_BACKLOG.md; current Capture Wallet contract
WS_RP_DM_IdentifyingData_Portrait_PID_ISO-mdoc_003,DataModel/IdentifyingData/WS_RP_DM_IdentifyingData_Portrait_PID_ISO-mdoc_003.md,1058ac4307ee287866be7f136515fbcd783d2bec3627aa981e6a641311915f32,This test case verifies that the DataElementValue of data element `portrait` contains a valid encoded `portrait` image. Note that `portrait` is the Attribute Identifier in ISO-mdoc for the Data Identifier portrait.,"1. The first two bytes are equal to 'FF D8'. 2. If the first two bytes of the CBOR byte string are equal to: 'FF D8', the byte string contains a JPEG encoded image.",A,None.,none,yes,yes,issued credential; raw.presentation_response; decoded_presentations,none,none,submitted mirror cross-checked to 2b223b56be0d0a073ee0cdc9db1d7fd31d9529a1 (2026-08-13); current ASSERTION_REVIEW_BACKLOG.md; current Capture Wallet contract
WS_RP_DM_IdentifyingData_Sex_PID_IETF-sd-jwt-vc_001,DataModel/IdentifyingData/WS_RP_DM_IdentifyingData_Sex_PID_IETF-sd-jwt-vc_001.md,852be31acdc45b45308fa3433cfb636e60db2706bfe1df3bdc03bc114fe956b9,This test case verifies that the claim `sex` is present in the Credential in IETF SD-JWT VC format. Note that `sex` is the Attribute Identifier in IETF SD-JWT VC for the Data Identifier sex.,1. One claim with identifier `sex` is present.,A,None.,none,yes,yes,issued credential; raw.presentation_response; decoded_presentations,none,none,submitted mirror cross-checked to 2b223b56be0d0a073ee0cdc9db1d7fd31d9529a1 (2026-08-13); current ASSERTION_REVIEW_BACKLOG.md; current Capture Wallet contract
WS_RP_DM_IdentifyingData_Sex_PID_IETF-sd-jwt-vc_002,DataModel/IdentifyingData/WS_RP_DM_IdentifyingData_Sex_PID_IETF-sd-jwt-vc_002.md,d57548bfa5f039be99ff8287409f8f19f0f481f49c74d1821e450cf0b7603973,This test case verifies that the claim `sex` is a Number. Note that `sex` is the Attribute Identifier in IETF SD-JWT VC for the Data Identifier sex.,1. The claim `sex` is a Number.,A,None.,none,yes,yes,issued credential; raw.presentation_response; decoded_presentations,none,none,submitted mirror cross-checked to 2b223b56be0d0a073ee0cdc9db1d7fd31d9529a1 (2026-08-13); current ASSERTION_REVIEW_BACKLOG.md; current Capture Wallet contract
WS_RP_DM_IdentifyingData_Sex_PID_IETF-sd-jwt-vc_003,DataModel/IdentifyingData/WS_RP_DM_IdentifyingData_Sex_PID_IETF-sd-jwt-vc_003.md,49401248f8184a85da8d66f48c15d7ee34cda5a73325b6803a48822fa4564eef,This test case verifies that the claim `sex` contains a valid value. Note that `sex` is the Attribute Identifier in IETF SD-JWT VC for the Data Identifier sex.,"1. The claim `sex` has one of the values specified in ISO/IEC 5218:2004, 2, i.e. 0, 1, 2 or 9 or one of the other values specified for Europe (i.e. 3, 4, 5, 6).",A,None.,none,yes,yes,issued credential; raw.presentation_response; decoded_presentations,none,none,submitted mirror cross-checked to 2b223b56be0d0a073ee0cdc9db1d7fd31d9529a1 (2026-08-13); current ASSERTION_REVIEW_BACKLOG.md; current Capture Wallet contract
WS_RP_DM_IdentifyingData_Sex_PID_ISO-mdoc_001,DataModel/IdentifyingData/WS_RP_DM_IdentifyingData_Sex_PID_ISO-mdoc_001.md,e0c6677aa72d3ae5fec034b8ebad7645b6a32b21f16df7f0a9e396f27cb0c6b0,This test case verifies that the data element `sex` is present in the mdoc data if this is indicated in the ICS. Note that `sex` is the Attribute Identifier in ISO-mdoc for the Data Identifier `sex`.,1. One data element with identifier `sex` is present. 2. There is no `ErrorItem` for data element `sex`.,A,None.,none,yes,yes,issued credential; raw.presentation_response; decoded_presentations,none,none,submitted mirror cross-checked to 2b223b56be0d0a073ee0cdc9db1d7fd31d9529a1 (2026-08-13); current ASSERTION_REVIEW_BACKLOG.md; current Capture Wallet contract
WS_RP_DM_IdentifyingData_Sex_PID_ISO-mdoc_002,DataModel/IdentifyingData/WS_RP_DM_IdentifyingData_Sex_PID_ISO-mdoc_002.md,80be91a3a7970a47a5880fb388e79d1dc8bf82af6d7d7e0318de429098824f78,This test case verifies that the DataElementValue of data element `sex` is a well-formed CBOR unsigned integer. Note that `sex` is the Attribute Identifier in ISO-mdoc for the Data Identifier sex.,1. The major type value is equal to 0.,A,None.,none,yes,yes,issued credential; raw.presentation_response; decoded_presentations,none,none,submitted mirror cross-checked to 2b223b56be0d0a073ee0cdc9db1d7fd31d9529a1 (2026-08-13); current ASSERTION_REVIEW_BACKLOG.md; current Capture Wallet contract
WS_RP_DM_IdentifyingData_Sex_PID_ISO-mdoc_003,DataModel/IdentifyingData/WS_RP_DM_IdentifyingData_Sex_PID_ISO-mdoc_003.md,c9c68e8a2c534f97e23cd1d3177f2506dcd2b204e5daaec6e6cb30b6bb2afd3c,This test case verifies that the DataElementValue of data element `sex` contains a valid value. Note that `sex` is the Attribute Identifier in ISO-mdoc for the Data Identifier sex.,"1. The DataElementValue has one of the values specified in ISO/IEC 5218:2004, 2, i.e. 0, 1, 2 or 9 or one of the other values specified for Europe (i.e. 3, 4, 5, 6).",A,None.,none,yes,yes,issued credential; raw.presentation_response; decoded_presentations,none,none,submitted mirror cross-checked to 2b223b56be0d0a073ee0cdc9db1d7fd31d9529a1 (2026-08-13); current ASSERTION_REVIEW_BACKLOG.md; current Capture Wallet contract
WS_RP_IA_Engagement__001,Interaction/Engagement/WS_RP_IA_Engagement__001.md,634a4c6e9acee3d1b4b3358335e16bf0476f04a0b485bca0591f0d012f2c44d5,"Verify that, in the presentation flow via Redirects, wallet can be invoked through custom URL scheme `haip-vp://` if that is supported by Wallet and Verifier profiles.",1. This is the case. 2. Wallet is invoked successfully.,A,None.,none,yes,yes,authorization_request; raw.authorization_request_delivered; raw.presentation_response_http; raw.presentation_response_verifier_http; checks,none,none,submitted mirror cross-checked to 2b223b56be0d0a073ee0cdc9db1d7fd31d9529a1 (2026-08-13); current ASSERTION_REVIEW_BACKLOG.md; current Capture Wallet contract
WS_RP_IA_Engagement__001a,Interaction/Engagement/WS_RP_IA_Engagement__001a.md,1fb86c044cfc8fa356da4ff0fd14235f5e3f498e72c6a6d5db647fb202125de4,"Verify that, in a presentation flow via Redirects, the Wallet can be invoked through the custom URL scheme `haip-vp://`, if supported by the Wallet.",1. User-agent presents an option to the End-user to engage the presentation. 2. Wallet is invoked successfully.,A,None.,none,yes,yes,authorization_request; raw.authorization_request_delivered; raw.presentation_response_http; raw.presentation_response_verifier_http; checks,none,none,submitted mirror cross-checked to 2b223b56be0d0a073ee0cdc9db1d7fd31d9529a1 (2026-08-13); current ASSERTION_REVIEW_BACKLOG.md; current Capture Wallet contract
WS_RP_IA_Engagement__001b,Interaction/Engagement/WS_RP_IA_Engagement__001b.md,4feaec732d403dd7a84344fe4071903f902280b65460857f08d356a714df7c79,"Verify that, in a presentation flow via Redirects, the Wallet can be invoked through the custom URL scheme `eu-eaap://`.",1. User-agent presents option to End-user to engage presentation. 2. Wallet is invoked successfully.,D,Reference Wallet or environment must provide the source-required execution capability.,7,partial,no,authorization_request; raw.authorization_request_delivered; raw.presentation_response_http; raw.presentation_response_verifier_http; checks,"The required Wallet profile, invocation path, device condition, or transport limit is unavailable.",reference Wallet / environment,submitted mirror cross-checked to 2b223b56be0d0a073ee0cdc9db1d7fd31d9529a1 (2026-08-13); current ASSERTION_REVIEW_BACKLOG.md; current Capture Wallet contract
WS_RP_IA_Engagement__002,Interaction/Engagement/WS_RP_IA_Engagement__002.md,a8f8dbde8afdde8ca40d673c2afefb3c83362ea2fcbabac71c36a8108793eda9,Verify that the Wallet supports invocation via the W3C Digital Credentials API or an equivalent platform API using OpenID4VP and HAIP.,1. User-agent presents an option to the End-user to engage the presentation. 2. Wallet is invoked successfully through the W3C Digital Credentials API or an equivalent platform API.,A,None.,none,yes,yes,authorization_request; raw.authorization_request_delivered; raw.presentation_response_http; raw.presentation_response_verifier_http; checks,none,none,submitted mirror cross-checked to 2b223b56be0d0a073ee0cdc9db1d7fd31d9529a1 (2026-08-13); current ASSERTION_REVIEW_BACKLOG.md; current Capture Wallet contract
WS_RP_IA_MainInteraction__003,Interaction/MainInteraction/WS_RP_IA_MainInteraction__003.md,f4fcf463b751b621daf1b341f1be8128d07a06e1053199198d00d60b083ba784,"Test the Wallet accepts and processes DCQL-query with credential property ""trusted_authorities"", matching and returning a credential issued by an Issuer matching one of the Issuers identified in 'trusted_authorities'.",1. Wallet and Verifier can interact. 2. Wallet receives the request. 3. Wallet returns response without error and every Credential returned by the Wallet matches at least one of the conditions present in the corresponding trusted_authorities array.,A,None.,none,yes,yes,authorization_request; raw.authorization_request_delivered; raw.presentation_response_http; raw.presentation_response_verifier_http; checks,none,none,submitted mirror cross-checked to 2b223b56be0d0a073ee0cdc9db1d7fd31d9529a1 (2026-08-13); current ASSERTION_REVIEW_BACKLOG.md; current Capture Wallet contract
WS_RP_IA_MainInteraction__004,Interaction/MainInteraction/WS_RP_IA_MainInteraction__004.md,87ab567d8f3a8e35b475a76228add3a71f874a61bbf4d40bcbdcde630c485df7,"Test the Wallet accepts and processes DCQL-query with credential property ""trusted_authorities"", but handles the situation when it does not have any credential issued by an Issuer matching one of the Issuers identified in 'trusted_authorities'.","1. Wallet and Verifier can interact. 2. Wallet receives the request. 3. Wallet cannot respond with a Credential, by either: - (a) answering with an error with details (`access_denied`), - (b) answering with an error without providing details or, - (c) discontinuing the interaction.",A,None.,none,yes,yes,authorization_request; raw.authorization_request_delivered; raw.presentation_response_http; raw.presentation_response_verifier_http; checks,none,none,submitted mirror cross-checked to 2b223b56be0d0a073ee0cdc9db1d7fd31d9529a1 (2026-08-13); current ASSERTION_REVIEW_BACKLOG.md; current Capture Wallet contract
WS_RP_IA_MainInteraction__005,Interaction/MainInteraction/WS_RP_IA_MainInteraction__005.md,f115ba33dfaa118185482cd5d19a42866959da3aa1b6a97a32220e5bea419ca8,"Test that the Wallet processes DCQL-query with credential property ""require_cryptographic_holder_binding"" with value `true`, by handling credentials with cryptographic holder binding.",1. Wallet and Verifier can interact. 2. Wallet receives the request. 3. The wallet allows the user to select the credential of the specified type. 4. The wallet presents the selected credential to the verifier with a cryptographic proof of holder binding.,A,None.,none,yes,yes,authorization_request; raw.authorization_request_delivered; raw.presentation_response_http; raw.presentation_response_verifier_http; checks,none,none,submitted mirror cross-checked to 2b223b56be0d0a073ee0cdc9db1d7fd31d9529a1 (2026-08-13); current ASSERTION_REVIEW_BACKLOG.md; current Capture Wallet contract
WS_RP_IA_MainInteraction__006,Interaction/MainInteraction/WS_RP_IA_MainInteraction__006.md,8d307774b99ae425d62148fc65f57e8071b3db7064b72e63a9e1c4d914879e4a,"Test that the Wallet processes DCQL-query with credential property ""require_cryptographic_holder_binding"" with value `true`, by handling credentials without cryptographic holder binding.","1. Wallet and Verifier can interact. 2. Wallet receives the request. 3. The wallet informs the user it has no matching credential available, and does not continue to present any credential to the verifier.",C,Issue a credential without cryptographic holder binding.,4.2,no,no,authorization_request; raw.authorization_request_delivered; raw.presentation_response_http; raw.presentation_response_verifier_http; checks,Credo currently rejects require_cryptographic_holder_binding=false during issuance (credo-ts#2936).,Credo-TS,submitted mirror cross-checked to 2b223b56be0d0a073ee0cdc9db1d7fd31d9529a1 (2026-08-13); current ASSERTION_REVIEW_BACKLOG.md; current Capture Wallet contract
WS_RP_IA_MainInteraction__007,Interaction/MainInteraction/WS_RP_IA_MainInteraction__007.md,df42928b785995390d7102ae02a1775b85b7800198e5beca74f58ed0907d62ce,"Test that the Wallet processes DCQL-query with credential property ""require_cryptographic_holder_binding"" with value `false`, by handling credentials with cryptographic holder binding.",1. Wallet and Verifier can interact. 2. Wallet receives the request. 3. The wallet allows the user to select the credential of the specified type. 4. The wallet presents the selected credential to the verifier with a cryptographic proof of holder binding.,A,None.,none,yes,yes,authorization_request; raw.authorization_request_delivered; raw.presentation_response_http; raw.presentation_response_verifier_http; checks,none,none,submitted mirror cross-checked to 2b223b56be0d0a073ee0cdc9db1d7fd31d9529a1 (2026-08-13); current ASSERTION_REVIEW_BACKLOG.md; current Capture Wallet contract
WS_RP_IA_MainInteraction__008,Interaction/MainInteraction/WS_RP_IA_MainInteraction__008.md,cd1571da7793aaf71490cf9739406d925a5ce3ead03eccd8f702eb867649b326,"Test that the Wallet processes DCQL-query with credential property ""require_cryptographic_holder_binding"" with value `false`, by handling credentials without cryptographic binding.",1. Wallet and Verifier can interact. 2. Wallet receives the request. 3. The wallet allows the user to select the credential of the specified type. 4. The wallet successfully presents the selected credential to the verifier,C,Issue a credential without cryptographic holder binding.,4.2,no,no,authorization_request; raw.authorization_request_delivered; raw.presentation_response_http; raw.presentation_response_verifier_http; checks,Credo currently rejects require_cryptographic_holder_binding=false during issuance (credo-ts#2936).,Credo-TS,submitted mirror cross-checked to 2b223b56be0d0a073ee0cdc9db1d7fd31d9529a1 (2026-08-13); current ASSERTION_REVIEW_BACKLOG.md; current Capture Wallet contract
WS_RP_IA_MainInteraction__010,Interaction/MainInteraction/WS_RP_IA_MainInteraction__010.md,c78e99dc500f8f55fc7ae4efe59966eba5dfb676c51ec447cf83d77a3bc99e8e,"Test that the Wallet processes DCQL-query without a credential property ""require_cryptographic_holder_binding"" as if it had value `true`.",1. Wallet and Verifier can interact. 2. Wallet receives the request. 3. The wallet allows the user to select only the credential that has cryptographic holder binding. 4. The wallet presents the selected credential to the verifier with a cryptographic proof of holder binding.,C,Issue a credential without cryptographic holder binding.,4.2,no,no,authorization_request; raw.authorization_request_delivered; raw.presentation_response_http; raw.presentation_response_verifier_http; checks,Credo currently rejects require_cryptographic_holder_binding=false during issuance (credo-ts#2936).,Credo-TS,submitted mirror cross-checked to 2b223b56be0d0a073ee0cdc9db1d7fd31d9529a1 (2026-08-13); current ASSERTION_REVIEW_BACKLOG.md; current Capture Wallet contract
WS_RP_IA_MainInteraction__012,Interaction/MainInteraction/WS_RP_IA_MainInteraction__012.md,6b1d76313dcf7faec8ce748ff9b2d8f825fad3022bb1782a2322dc464185c786,Verify the Wallet sends only the specific claims requested by the Verifier,"1. Wallet and Verifier can interact. 2. Wallet receives the request. 3. The Wallet hides ""Address"" and ""Phone."" Presents user with name claim on UI.",A,None.,none,yes,yes,authorization_request; raw.authorization_request_delivered; raw.presentation_response_http; raw.presentation_response_verifier_http; checks,none,none,submitted mirror cross-checked to 2b223b56be0d0a073ee0cdc9db1d7fd31d9529a1 (2026-08-13); current ASSERTION_REVIEW_BACKLOG.md; current Capture Wallet contract
WS_RP_IA_MainInteraction__012a,Interaction/MainInteraction/WS_RP_IA_MainInteraction__012a.md,a6995b28be5ae667cae587378f537996346df2e49b40c750600430d5c9cf98f6,"Verify that the Wallet responds to a DCQL-query for a single claim with disclosure of that claim, and does not include other selectively disclosable claims, for a credential in SD-JWT VC format.","1. The Wallet responds with a presentation of 'default_credential_A'. 2. The presentation has the following characteristics: 1. The presentation is for a credential in SD-JWT VC format, of the verifiable credential type and with the `vct` claim as requested. 2. The presentation contains the disclosure of the claim requested, as top-level claim in the verifiable credential. 3. The presentation does not contain any other disclosures for claims that allow for selective disclosure in the SD-JWT VC credential.",A,None.,none,yes,yes,authorization_request; raw.authorization_request_delivered; raw.presentation_response_http; raw.presentation_response_verifier_http; checks,none,none,submitted mirror cross-checked to 2b223b56be0d0a073ee0cdc9db1d7fd31d9529a1 (2026-08-13); current ASSERTION_REVIEW_BACKLOG.md; current Capture Wallet contract
WS_RP_IA_MainInteraction__012b,Interaction/MainInteraction/WS_RP_IA_MainInteraction__012b.md,c9e18c5b221a908a33a543ea4e45d03de3107038b4155cd1c0e8f896691c83df,"Verify that the Wallet responds to a DCQL-query for a single claim with disclosure of that data element, and does not include other data elements, for a credential in mdoc format.","1. The Wallet responds with a presentation of 'default_credential_A'. 2. The presentation has the following characteristics: 1. The presentation is for a document in mdoc format, of the document type and with the `docType` as requested. 2. The presentation contains the data element requested. 3. The presentation does not contain any other data elements of the mdoc document.",A,None.,none,yes,yes,authorization_request; raw.authorization_request_delivered; raw.presentation_response_http; raw.presentation_response_verifier_http; checks,none,none,submitted mirror cross-checked to 2b223b56be0d0a073ee0cdc9db1d7fd31d9529a1 (2026-08-13); current ASSERTION_REVIEW_BACKLOG.md; current Capture Wallet contract
WS_RP_IA_MainInteraction__012c_UF,Interaction/MainInteraction/WS_RP_IA_MainInteraction__012c_UF.md,6e8818fe14f18a2448dac8b53cc180491adc4dada102a0002707342df4213fad,Verify that the Wallet does not present a credential in response to a DCQL-query for a single claim not present in any matching credential in SD-JWT VC format.,"1. The Wallet does not complete the presentation interaction, and 1. informs, if applicable, the user of not having the requested credential, and 2. aborting the interaction with the Verifier, either by 1. responding with an error `access_denied`, or 2. responding by returning an error without any details, or 3. discontinuing the interaction, e.g. by closing the communication channel, if applicable. 3. if any response is shared to the Verifier, the response does not include a `vp_token`.",A,None.,none,yes,yes,authorization_request; raw.authorization_request_delivered; raw.presentation_response_http; raw.presentation_response_verifier_http; checks,none,none,submitted mirror cross-checked to 2b223b56be0d0a073ee0cdc9db1d7fd31d9529a1 (2026-08-13); current ASSERTION_REVIEW_BACKLOG.md; current Capture Wallet contract
WS_RP_IA_MainInteraction__012d_UF,Interaction/MainInteraction/WS_RP_IA_MainInteraction__012d_UF.md,0db1c063080001d4e44badd9ffc844eddded96abf30fc304e9cd3c2281af696b,Verify that the Wallet does not present a credential in response to a DCQL-query for a single data element not present in any matching credential in mdoc format.,"1. The Wallet does not complete the presentation interaction, and 1. informs, if applicable, the user of not having the requested credential, and 2. aborting the interaction with the Verifier, either by 1. responding with an error `access_denied`, or 2. responding by returning an error without any details, or 3. discontinuing the interaction, e.g. by closing the communication channel, if applicable. 3. if any response is shared to the Verifier, the response does not include a `vp_token`.",A,None.,none,yes,yes,authorization_request; raw.authorization_request_delivered; raw.presentation_response_http; raw.presentation_response_verifier_http; checks,none,none,submitted mirror cross-checked to 2b223b56be0d0a073ee0cdc9db1d7fd31d9529a1 (2026-08-13); current ASSERTION_REVIEW_BACKLOG.md; current Capture Wallet contract
WS_RP_IA_MainInteraction__013,Interaction/MainInteraction/WS_RP_IA_MainInteraction__013.md,ef18eeb19f6ae5dc4b8da350db5221cfa18a45ff5ce29625d568845f7f7ee8c5,"Verify that if a User unchecks a claim in the Wallet UI, it is excluded from the response.","1. Wallet and Verifier can interact. 2. Wallet receives the request. 3. User unselects ""address"" claim in the UI, that claim is absent in the vp_token.",A,None.,none,yes,yes,authorization_request; raw.authorization_request_delivered; raw.presentation_response_http; raw.presentation_response_verifier_http; checks,none,none,submitted mirror cross-checked to 2b223b56be0d0a073ee0cdc9db1d7fd31d9529a1 (2026-08-13); current ASSERTION_REVIEW_BACKLOG.md; current Capture Wallet contract
WS_RP_IA_MainInteraction__014,Interaction/MainInteraction/WS_RP_IA_MainInteraction__014.md,d3aba18533e0a396c8b1b73fce6683bf1de4bc28045aa7ddf8c9083edc42e14f,"A Credential presentation may include ""extra"" claims not selected according to rules, if they are requested by a different query within the same session.","1. Wallet and Verifier can interact. 2. Wallet receives the request. 3. The Wallet identifies that both queries can be satisfied by the same credential. It selects the ""union"" of both requests (Name + Address). - The vp_token contains both Name and Address. Age remains hidden.",A,None.,none,yes,yes,authorization_request; raw.authorization_request_delivered; raw.presentation_response_http; raw.presentation_response_verifier_http; checks,none,none,submitted mirror cross-checked to 2b223b56be0d0a073ee0cdc9db1d7fd31d9529a1 (2026-08-13); current ASSERTION_REVIEW_BACKLOG.md; current Capture Wallet contract
WS_RP_IA_MainInteraction__015,Interaction/MainInteraction/WS_RP_IA_MainInteraction__015.md,84016b0ac13f3c205cb7c0ab3f3eb91cf9a9902faf31d74fc436cdc79ca363ef,"A Credential presentation may include ""extra"" claims not selected according to rules, if they are non-selective (fixed) technical fields that cannot be hidden.","1. Wallet and Verifier can interact. 2. The Wallet selects `given_name` but must also include the mandatory envelope data required to make the credential cryptographically valid. 3. The vp_token contains `given_name` PLUS the mandatory technical fields (e.g., vct, iss, iat).",A,None.,none,yes,yes,authorization_request; raw.authorization_request_delivered; raw.presentation_response_http; raw.presentation_response_verifier_http; checks,none,none,submitted mirror cross-checked to 2b223b56be0d0a073ee0cdc9db1d7fd31d9529a1 (2026-08-13); current ASSERTION_REVIEW_BACKLOG.md; current Capture Wallet contract
WS_RP_IA_MainInteraction__016,Interaction/MainInteraction/WS_RP_IA_MainInteraction__016.md,d55601575b14ea1cbf9a36901b4130ae784504a5ce167dd46fa4e6e3ebe4e28b,"Test that when claims is absent in the request the Wallet MUST return only the claims that are mandatory to present, NO selectively disclosable claims.","1. Wallet and Verifier can interact. 2. Wallet receives the request. 3. Wallet generates a valid response containing signature and key binding, but one which contains zero disclosures.",A,None.,none,yes,yes,authorization_request; raw.authorization_request_delivered; raw.presentation_response_http; raw.presentation_response_verifier_http; checks,none,none,submitted mirror cross-checked to 2b223b56be0d0a073ee0cdc9db1d7fd31d9529a1 (2026-08-13); current ASSERTION_REVIEW_BACKLOG.md; current Capture Wallet contract
WS_RP_IA_MainInteraction__017,Interaction/MainInteraction/WS_RP_IA_MainInteraction__017.md,ff86cdf0ac5c46352186b4891733e7d937c3e0f66b6bea9d618acf1f39f65731,"Test that when claims is absent in the request the Wallet MUST return only the claims that are mandatory to present, NO selectively disclosable claims.","1. Wallet and Verifier can interact. 2. Wallet receives the request. 3. Wallet received query, and generates a valid response showing licence is authentic but giving zero personal data",A,None.,none,yes,yes,authorization_request; raw.authorization_request_delivered; raw.presentation_response_http; raw.presentation_response_verifier_http; checks,none,none,submitted mirror cross-checked to 2b223b56be0d0a073ee0cdc9db1d7fd31d9529a1 (2026-08-13); current ASSERTION_REVIEW_BACKLOG.md; current Capture Wallet contract
WS_RP_IA_MainInteraction__018,Interaction/MainInteraction/WS_RP_IA_MainInteraction__018.md,b92798c8457569ae19ebc5dd42a004225653913195a5fadd11e2b5235b874356,"Test that if claims is present, but claim_sets is absent the wallet treats all entries listed in claims as mandatory and returns them all.",1. Wallet and Verifier can interact. 2. Wallet received query 3. Wallet identifies the missing claim_sets and returns all claims listed,A,None.,none,yes,yes,authorization_request; raw.authorization_request_delivered; raw.presentation_response_http; raw.presentation_response_verifier_http; checks,none,none,submitted mirror cross-checked to 2b223b56be0d0a073ee0cdc9db1d7fd31d9529a1 (2026-08-13); current ASSERTION_REVIEW_BACKLOG.md; current Capture Wallet contract
WS_RP_IA_MainInteraction__019,Interaction/MainInteraction/WS_RP_IA_MainInteraction__019.md,4bdadae26a20eae4354edb2d7e7c7657c4cef72e28dc3740c22f0df48a321c7f,"Test that when a claim_sets is present, the Wallet automatically selects and returns only the first satisfiable combination from claim_sets based on the verifier's preference order, preventing disclosure of multiple sets.","1. Wallet and Verifier can interact. 2. The Wallet recieves the request. 3. The user Authorizes the presentation without requiring them to manually choose between different claim sets. 4. The Verifier receives a response containing only the data requested in the first claim set object, proving that the wallet automatically prioritised the first match and excluded all subsequent satisfiable sets.",A,None.,none,yes,yes,authorization_request; raw.authorization_request_delivered; raw.presentation_response_http; raw.presentation_response_verifier_http; checks,none,none,submitted mirror cross-checked to 2b223b56be0d0a073ee0cdc9db1d7fd31d9529a1 (2026-08-13); current ASSERTION_REVIEW_BACKLOG.md; current Capture Wallet contract
WS_RP_IA_MainInteraction__020,Interaction/MainInteraction/WS_RP_IA_MainInteraction__020.md,e53384ff336cba5e17f488ade716593ab7079ea2927a3b67eacdd9f3d4268fba,"Verify that if the Wallet can satisfy multiple options in claim_sets, it selects the one appearing earliest in the array.",1. Wallet and Verifier can interact. 2. Wallet responds with #2,A,None.,none,yes,yes,authorization_request; raw.authorization_request_delivered; raw.presentation_response_http; raw.presentation_response_verifier_http; checks,none,none,submitted mirror cross-checked to 2b223b56be0d0a073ee0cdc9db1d7fd31d9529a1 (2026-08-13); current ASSERTION_REVIEW_BACKLOG.md; current Capture Wallet contract
WS_RP_IA_MainInteraction__021,Interaction/MainInteraction/WS_RP_IA_MainInteraction__021.md,3794e5849b909f8d7b851a6cd2167305a2c14bf8630f11373a778a947e95d062,"Test If the Wallet cannot satisfy any of the options in the claim_sets, it MUST NOT return any claims.",1. Wallet will not return any claims.,A,None.,none,yes,yes,authorization_request; raw.authorization_request_delivered; raw.presentation_response_http; raw.presentation_response_verifier_http; checks,none,none,submitted mirror cross-checked to 2b223b56be0d0a073ee0cdc9db1d7fd31d9529a1 (2026-08-13); current ASSERTION_REVIEW_BACKLOG.md; current Capture Wallet contract
WS_RP_IA_MainInteraction__022,Interaction/MainInteraction/WS_RP_IA_MainInteraction__022.md,7dfabde2a3413f58d371dd62947f6274491544e89b796079e04ad059230b18cc,Test that Claim_sets MUST NOT be supported if claims is absent.,"1. Wallet identifies invalid query, returns error.",A,None.,none,yes,yes,authorization_request; raw.authorization_request_delivered; raw.presentation_response_http; raw.presentation_response_verifier_http; checks,none,none,submitted mirror cross-checked to 2b223b56be0d0a073ee0cdc9db1d7fd31d9529a1 (2026-08-13); current ASSERTION_REVIEW_BACKLOG.md; current Capture Wallet contract
WS_RP_IA_MainInteraction__023,Interaction/MainInteraction/WS_RP_IA_MainInteraction__023.md,88dba1b25262e63c4ca01218c79765a0decadd82ce666213bbd648233c2deaa0,"Test the Wallet SHOULD treat a claim as if it did not exist in the credential, if its value does not match the one held in the wallets credential.","1. Wallet sees values do not match, logically considers that specific claim as not being present for this matching flow.",A,None.,none,yes,yes,authorization_request; raw.authorization_request_delivered; raw.presentation_response_http; raw.presentation_response_verifier_http; checks,none,none,submitted mirror cross-checked to 2b223b56be0d0a073ee0cdc9db1d7fd31d9529a1 (2026-08-13); current ASSERTION_REVIEW_BACKLOG.md; current Capture Wallet contract
WS_RP_IA_MainInteraction__024,Interaction/MainInteraction/WS_RP_IA_MainInteraction__024.md,0efcc138107840c4eb81c2edcb2e5c82ca5cb22a960f55ecb89f03e15e501ed7,"Verify that if the Wallet cannot pre-parse the data (e.g., it's encrypted), it still allows the user to proceed with the presentation rather than failing the request.",1. The Wallet identifies the Type matches and allows the user to present the credential anyway (as the Credential Type and Path match the request.),A,None.,none,yes,yes,authorization_request; raw.authorization_request_delivered; raw.presentation_response_http; raw.presentation_response_verifier_http; checks,none,none,submitted mirror cross-checked to 2b223b56be0d0a073ee0cdc9db1d7fd31d9529a1 (2026-08-13); source describes locked credential data rather than Request Object encryption; current Capture Wallet DCQL support
WS_RP_IA_MainInteraction__025,Interaction/MainInteraction/WS_RP_IA_MainInteraction__025.md,47cd9bcd21bded7d1978e4f87b103e6ab0545c31f0fa68d599691ca09f57db3e,"Test that if the wallet can only return part of the claims in the claim_sets object, it will not return that set but move onto next one.","1. The Wallet only has 2 of them, so it MUST NOT return that set. It must move to the next option in the array. The response should reflect this.",A,None.,none,yes,yes,authorization_request; raw.authorization_request_delivered; raw.presentation_response_http; raw.presentation_response_verifier_http; checks,none,none,submitted mirror cross-checked to 2b223b56be0d0a073ee0cdc9db1d7fd31d9529a1 (2026-08-13); current ASSERTION_REVIEW_BACKLOG.md; current Capture Wallet contract
WS_RP_IA_MainInteraction__026,Interaction/MainInteraction/WS_RP_IA_MainInteraction__026.md,321498b40a6f2e5cbd1ffe1d48220540f057570f3ea464ca7f4f27ff0092bcb3,"Test when the Wallet cannot deliver all claims requested by the Verifier, because it doesn't have one of them, then it does NOT return the respective Credential.","1. Wallet and Verifier can interact. 2. The Wallet does not prompt the user to release the partially matching credential, or indicates to the user that no matching credentials are available. 3. The Verifier receives a privacy-preserving error response access denied.",A,None.,none,yes,yes,authorization_request; raw.authorization_request_delivered; raw.presentation_response_http; raw.presentation_response_verifier_http; checks,none,none,submitted mirror cross-checked to 2b223b56be0d0a073ee0cdc9db1d7fd31d9529a1 (2026-08-13); current ASSERTION_REVIEW_BACKLOG.md; current Capture Wallet contract
WS_RP_IA_MainInteraction__027,Interaction/MainInteraction/WS_RP_IA_MainInteraction__027.md,668c6cba9cecc82438180f8a176dab324fc92dc53b9d3587fb325866288587ca,"Test when the Wallet cannot deliver all claims requested by the Verifier because one of them has a non-matching value, it does NOT return the respective Credential.","1. Wallet and Verifier can interact. 2. The Wallet does not prompt the user to release the non-matching credential, or indicates to the user that no valid matching credentials are available. 3. The Verifier receives a privacy-preserving response completely excluding the credential with the non-matching value.",A,None.,none,yes,yes,authorization_request; raw.authorization_request_delivered; raw.presentation_response_http; raw.presentation_response_verifier_http; checks,none,none,submitted mirror cross-checked to 2b223b56be0d0a073ee0cdc9db1d7fd31d9529a1 (2026-08-13); current ASSERTION_REVIEW_BACKLOG.md; current Capture Wallet contract
WS_RP_IA_MainInteraction__028,Interaction/MainInteraction/WS_RP_IA_MainInteraction__028.md,0f5a4b7b4e79d9219582c5ea57ca675cf568538a742faca624ca475925c75e0b,"Test the wallet for non-selectively disclosable credentials, treats an empty query (no claims or claim_sets) as a request for the entire credential rather than returning an error or an empty token.","1. Wallet received query 2. Wallet identifies the format as non-selective and interprets the missing claims as a ""Full Disclosure"" request.",A,None.,none,yes,yes,authorization_request; raw.authorization_request_delivered; raw.presentation_response_http; raw.presentation_response_verifier_http; checks,none,none,submitted mirror cross-checked to 2b223b56be0d0a073ee0cdc9db1d7fd31d9529a1 (2026-08-13); current ASSERTION_REVIEW_BACKLOG.md; current Capture Wallet contract
WS_RP_IA_MainInteraction__029,Interaction/MainInteraction/WS_RP_IA_MainInteraction__029.md,1831947dc6fbe90ade49cda210e1096f76cbd1314403f8e89f1ea87cf93d7d36,"Test that if credential_sets is provided, the wallet evaluates the request by satisfying all required or omitted Credential Set Queries in the array, while treating Credential Set Queries explicitly marked as required false as optional.","1. Wallet and Verifier can interact. 2. The Wallet prompts the user to release the credential matching Credential Query A, indicating that the overall presentation requirements can be met despite the missing optional credential. 3. The Verifier receives an response containing the credential for Credential Query A, completing the interaction successfully.",A,None.,none,yes,yes,authorization_request; raw.authorization_request_delivered; raw.presentation_response_http; raw.presentation_response_verifier_http; checks,none,none,submitted mirror cross-checked to 2b223b56be0d0a073ee0cdc9db1d7fd31d9529a1 (2026-08-13); current ASSERTION_REVIEW_BACKLOG.md; current Capture Wallet contract
WS_RP_IA_MainInteraction__030,Interaction/MainInteraction/WS_RP_IA_MainInteraction__030.md,7d4ebb878febc46bf6cd549e3b2b97fca08a17a5613b7350889340c3859169e8,Test the Wallet returns presentations of a set of Credentials that match to one of the options inside the Credential Set Query.,1. Wallet and Verifier can interact. 2. Wallet received query 3. The wallet returns the credential set that matched,A,None.,none,yes,yes,authorization_request; raw.authorization_request_delivered; raw.presentation_response_http; raw.presentation_response_verifier_http; checks,none,none,submitted mirror cross-checked to 2b223b56be0d0a073ee0cdc9db1d7fd31d9529a1 (2026-08-13); current ASSERTION_REVIEW_BACKLOG.md; current Capture Wallet contract
WS_RP_IA_MainInteraction__031,Interaction/MainInteraction/WS_RP_IA_MainInteraction__031.md,ac00f8d72b3c9498e8f38672d104e3f788e079276d796108d4afaf91269ec741,Test the Wallet will not return presentations of a set of Credentials that do NOT match to one of the options inside the Credential Set Query.,1. Wallet and Verifier can interact. 2. Wallet received query 3. The wallet does NOT return the credential set,A,None.,none,yes,yes,authorization_request; raw.authorization_request_delivered; raw.presentation_response_http; raw.presentation_response_verifier_http; checks,none,none,submitted mirror cross-checked to 2b223b56be0d0a073ee0cdc9db1d7fd31d9529a1 (2026-08-13); current ASSERTION_REVIEW_BACKLOG.md; current Capture Wallet contract
WS_RP_IA_MainInteraction__032,Interaction/MainInteraction/WS_RP_IA_MainInteraction__032.md,c6084205cfa5c24f681e2e31db521085c950dd5db40f3f01f4146fe11ad66852,Test that the wallet does not return credentials if they do not match the requested constraints.,1. Wallet and Verifier can interact. 2. Wallet received query 3. Wallet sees that constraint is not passed in the matching credential request and hence the credential is not offered. If no others are available wallet states that: I have no credentials to meet your requirement.,A,None.,none,yes,yes,authorization_request; raw.authorization_request_delivered; raw.presentation_response_http; raw.presentation_response_verifier_http; checks,none,none,submitted mirror cross-checked to 2b223b56be0d0a073ee0cdc9db1d7fd31d9529a1 (2026-08-13); current ASSERTION_REVIEW_BACKLOG.md; current Capture Wallet contract
WS_RP_IA_MainInteraction__033,Interaction/MainInteraction/WS_RP_IA_MainInteraction__033.md,11a05e26d23987a403e399195a6560a9f26418a58c65b0450e165a55862f866e,"Verify that the Wallet correctly evaluates a combination of value constraints in a single DCQL Query, withholding any credentials that fail even a single individual requested criterion.","1. Wallet and Verifier successfully initiate interaction. 2. The Wallet only prompts the user to release Credential A. 3. The Wallet completely excludes all target ""trap"" credentials (B1 through B7) from the user selection prompt.",A,None.,none,yes,yes,authorization_request; raw.authorization_request_delivered; raw.presentation_response_http; raw.presentation_response_verifier_http; checks,none,none,submitted mirror cross-checked to 2b223b56be0d0a073ee0cdc9db1d7fd31d9529a1 (2026-08-13); current ASSERTION_REVIEW_BACKLOG.md; current Capture Wallet contract
WS_RP_IA_MainInteraction__034,Interaction/MainInteraction/WS_RP_IA_MainInteraction__034.md,87b5986151029108cbfcb3a7459f600aaab689a2a32f6ecb26eb6982554ad526,"Test when the Wallet cannot deliver all non-optional Credentials requested by the Verifier, it MUST NOT return any Credential(s).","1. Wallet sees it can return 1 credential, it cannot return the other 2. Wallet does NOT return EITHER credential, sends a privacy keeping requirement not met response",A,None.,none,yes,yes,authorization_request; raw.authorization_request_delivered; raw.presentation_response_http; raw.presentation_response_verifier_http; checks,none,none,submitted mirror cross-checked to 2b223b56be0d0a073ee0cdc9db1d7fd31d9529a1 (2026-08-13); current ASSERTION_REVIEW_BACKLOG.md; current Capture Wallet contract
WS_RP_IA_MainInteraction__034a,Interaction/MainInteraction/WS_RP_IA_MainInteraction__034a.md,f6fd352d61d08d83fba6bd54e4f019874de63ddcf405491b4e1e9f4838375277,"Verify that the Wallet responds to a DCQL-query for two selectively disclosable claims with disclosure of both claims, and does not include other selectively disclosable claims, for a credential in SD-JWT VC format.","1. The Wallet responds with a presentation of 'default_credential_A'. 2. The presentation has the following characteristics: 1. The presentation is for a credential in SD-JWT VC format, of the verifiable credential type and with the `vct` claim as requested. 2. The presentation contains the disclosures of both claims requested, as top-level claims in the verifiable credential. 3. The presentation does not contain any other disclosures for claims that allow for selective disclosure in the SD-JWT VC credential.",A,None.,none,yes,yes,authorization_request; raw.authorization_request_delivered; raw.presentation_response_http; raw.presentation_response_verifier_http; checks,none,none,submitted mirror cross-checked to 2b223b56be0d0a073ee0cdc9db1d7fd31d9529a1 (2026-08-13); current ASSERTION_REVIEW_BACKLOG.md; current Capture Wallet contract
WS_RP_IA_MainInteraction__034b,Interaction/MainInteraction/WS_RP_IA_MainInteraction__034b.md,655274773a8421ffa5a86e9eac47ec942545794687c663555d5ec926924a58a2,"Verify that the Wallet responds to a DCQL-query for two data elements with both data elements present, and does not include other data elements, for a credential in mdoc format.","1. The Wallet responds with a presentation of 'default_credential_A'. 2. The presentation has the following characteristics: 1. The presentation is for a credential in mdoc format, and has the doctype as requested. 2. The presentation contains both requested data elements. 3. The presentation does not contain any other data elements in the mdoc credential.",A,None.,none,yes,yes,authorization_request; raw.authorization_request_delivered; raw.presentation_response_http; raw.presentation_response_verifier_http; checks,none,none,submitted mirror cross-checked to 2b223b56be0d0a073ee0cdc9db1d7fd31d9529a1 (2026-08-13); current ASSERTION_REVIEW_BACKLOG.md; current Capture Wallet contract
WS_RP_IA_MainInteraction__034c,Interaction/MainInteraction/WS_RP_IA_MainInteraction__034c.md,538f61ab80a681bc608e42e79c5a2c44feb2306332154ff3e9462f09b172e95e,"Verify that the Wallet responds to a DCQL-query selecting one element of a top-level array claim by its array index, and does not include other selectively disclosable claims, for a credential in SD-JWT VC format.","1. The Wallet responds with a presentation of 'default_credential_A'. 2. The presentation has the following characteristics: 1. The presentation is for a credential in SD-JWT VC format, of the verifiable credential type and with the `vct` claim as requested. 2. The presentation contains the disclosure of the array element selected by the requested index. 3. The presentation does not contain any other disclosures for claims that allow for selective disclosure in the SD-JWT VC credential.",A,None.,none,yes,yes,authorization_request; raw.authorization_request_delivered; raw.presentation_response_http; raw.presentation_response_verifier_http; checks,none,none,submitted mirror cross-checked to 2b223b56be0d0a073ee0cdc9db1d7fd31d9529a1 (2026-08-13); current ASSERTION_REVIEW_BACKLOG.md; current Capture Wallet contract
WS_RP_IA_MainInteraction__034d,Interaction/MainInteraction/WS_RP_IA_MainInteraction__034d.md,c5e67c10651558eb49657a5d78ac70f367740e50a3b164103ab9a08bc3ede852,"Verify that the Wallet responds to a DCQL-query selecting one property of a top-level object claim, and does not include other selectively disclosable claims, for a credential in SD-JWT VC format.","1. The Wallet responds with a presentation of 'default_credential_A'. 2. The presentation has the following characteristics: 1. The presentation is for a credential in SD-JWT VC format, of the verifiable credential type and with the `vct` claim as requested. 2. The presentation contains the disclosure of the selected property of the top-level object claim. 3. The presentation does not contain any other disclosures for claims that allow for selective disclosure in the SD-JWT VC credential.",A,None.,none,yes,yes,authorization_request; raw.authorization_request_delivered; raw.presentation_response_http; raw.presentation_response_verifier_http; checks,none,none,submitted mirror cross-checked to 2b223b56be0d0a073ee0cdc9db1d7fd31d9529a1 (2026-08-13); current ASSERTION_REVIEW_BACKLOG.md; current Capture Wallet contract
WS_RP_IA_MainInteraction__034e,Interaction/MainInteraction/WS_RP_IA_MainInteraction__034e.md,f1d667df8442e746114131e8cf3529c520ad3feb911ac9665066b319159282d1,"Verify that the Wallet responds to a DCQL-query selecting all elements of a top-level array claim with a `null` path component, and does not include other selectively disclosable claims, for a credential in SD-JWT VC format.","1. The Wallet responds with a presentation of 'default_credential_A'. 2. The presentation has the following characteristics: 1. The presentation is for a credential in SD-JWT VC format, of the verifiable credential type and with the `vct` claim as requested. 2. The presentation contains the disclosures of all elements of the selected top-level array claim. 3. The presentation does not contain any other disclosures for claims that allow for selective disclosure in the SD-JWT VC credential.",A,None.,none,yes,yes,authorization_request; raw.authorization_request_delivered; raw.presentation_response_http; raw.presentation_response_verifier_http; checks,none,none,submitted mirror cross-checked to 2b223b56be0d0a073ee0cdc9db1d7fd31d9529a1 (2026-08-13); current ASSERTION_REVIEW_BACKLOG.md; current Capture Wallet contract
WS_RP_IA_MainInteraction__034f,Interaction/MainInteraction/WS_RP_IA_MainInteraction__034f.md,6facb46edf5132be845d0ad84e9e01b734c80d680c251a652401780cfb9ad669,"Verify that the Wallet responds to a DCQL-query selecting the first element of a top-level array claim, and does not include other selectively disclosable claims, for a credential in SD-JWT VC format.","1. The Wallet responds with a presentation of 'default_credential_A'. 2. The presentation has the following characteristics: 1. The presentation is for a credential in SD-JWT VC format, of the verifiable credential type and with the `vct` claim as requested. 2. The presentation contains the disclosure of the first element of the selected top-level array claim. 3. The presentation does not contain any other disclosures for claims that allow for selective disclosure in the SD-JWT VC credential.",A,None.,none,yes,yes,authorization_request; raw.authorization_request_delivered; raw.presentation_response_http; raw.presentation_response_verifier_http; checks,none,none,submitted mirror cross-checked to 2b223b56be0d0a073ee0cdc9db1d7fd31d9529a1 (2026-08-13); current ASSERTION_REVIEW_BACKLOG.md; current Capture Wallet contract
WS_RP_IA_MainInteraction__034g,Interaction/MainInteraction/WS_RP_IA_MainInteraction__034g.md,abc870684702876e1c9e99c3e97b726393ebc25ca8c05595895b377901fae153,"Verify that the Wallet responds to a DCQL-query selecting the last element of a top-level array claim, and does not include other selectively disclosable claims, for a credential in SD-JWT VC format.","1. The Wallet responds with a presentation of 'default_credential_A'. 2. The presentation has the following characteristics: 1. The presentation is for a credential in SD-JWT VC format, of the verifiable credential type and with the `vct` claim as requested. 2. The presentation contains the disclosure of the last element of the selected top-level array claim. 3. The presentation does not contain any other disclosures for claims that allow for selective disclosure in the SD-JWT VC credential.",A,None.,none,yes,yes,authorization_request; raw.authorization_request_delivered; raw.presentation_response_http; raw.presentation_response_verifier_http; checks,none,none,submitted mirror cross-checked to 2b223b56be0d0a073ee0cdc9db1d7fd31d9529a1 (2026-08-13); current ASSERTION_REVIEW_BACKLOG.md; current Capture Wallet contract
WS_RP_IA_MainInteraction__034h_UF,Interaction/MainInteraction/WS_RP_IA_MainInteraction__034h_UF.md,0a7eefdf825836c5209cf8969ba60ddee2d96cb3dd8b63c14a75b4d937046fe5,"Verify that the Wallet does not present a credential in response to a DCQL-query requesting two claims, of which one is selectively disclosable in the held credential and the other is not present in it, for a credential in SD-JWT VC format.","1. The Wallet does not complete the presentation interaction, and 1. informs, if applicable, the user of not having the requested credential as it does not have the requested attributes, and 2. aborting the interaction with the Verifier, either by 1. responding with an error `access_denied`, or 2. responding by returning an error without any details, or 3. discontinuing the interaction, e.g. by closing the communication channel, if applicable. 3. if any response is shared to the Verifier, the response does not include a `vp_token`.",A,None.,none,yes,yes,authorization_request; raw.authorization_request_delivered; raw.presentation_response_http; raw.presentation_response_verifier_http; checks,none,none,submitted mirror cross-checked to 2b223b56be0d0a073ee0cdc9db1d7fd31d9529a1 (2026-08-13); current ASSERTION_REVIEW_BACKLOG.md; current Capture Wallet contract
WS_RP_IA_MainInteraction__034i_UF,Interaction/MainInteraction/WS_RP_IA_MainInteraction__034i_UF.md,55543a99cc63471bf6ee9ab70be00b20d73cf54f53f112211f1b983575beca42,"Verify that the Wallet does not present a credential in response to a DCQL-query requesting two data elements, of which one is not present in the held credential, for a credential in mdoc format.","1. The Wallet does not complete the presentation interaction, and 1. informs, if applicable, the user of not having the requested credential as it does not have the requested attributes, and 2. aborting the interaction with the Verifier, either by 1. responding with an error `access_denied`, or 2. responding by returning an error without any details, or 3. discontinuing the interaction, e.g. by closing the communication channel, if applicable. 3. if any response is shared to the Verifier, the response does not include a `vp_token`.",A,None.,none,yes,yes,authorization_request; raw.authorization_request_delivered; raw.presentation_response_http; raw.presentation_response_verifier_http; checks,none,none,submitted mirror cross-checked to 2b223b56be0d0a073ee0cdc9db1d7fd31d9529a1 (2026-08-13); current ASSERTION_REVIEW_BACKLOG.md; current Capture Wallet contract
WS_RP_IA_MainInteraction__035,Interaction/MainInteraction/WS_RP_IA_MainInteraction__035.md,9520b9e4f6cb9504fb0ed6ea21e164513e996f5123f620137e6c1790434911a8,Test that the wallet returns the VP token in the Authorization response if the response type value is vp_token.,1. Wallet and Verifier can interact. 2. The Wallet prompts the user to release the requested credential. 3. The Verifier receives an Authorization Response containing a valid vp_token parameter holding the cryptographically signed credential data.,A,None.,none,yes,yes,authorization_request; raw.authorization_request_delivered; raw.presentation_response_http; raw.presentation_response_verifier_http; checks,none,none,submitted mirror cross-checked to 2b223b56be0d0a073ee0cdc9db1d7fd31d9529a1 (2026-08-13); current ASSERTION_REVIEW_BACKLOG.md; current Capture Wallet contract
WS_RP_IA_MainInteraction__036,Interaction/MainInteraction/WS_RP_IA_MainInteraction__036.md,6528700628524410cd46b4a0e3b2c196a18fdfeadd9567fffe1a878b3d9bb1d5,Test that the vp_token parameter returned by the wallet must be a JSON-encoded object.,"1. Wallet and Verifier can interact. 2. The Wallet prompts the user to release the requested credential. 3. The Verifier receives an Authorization Response where the vp_token parameter is successfully parsed as a valid, well-formed JSON object containing the requested credential structure.",A,None.,none,yes,yes,authorization_request; raw.authorization_request_delivered; raw.presentation_response_http; raw.presentation_response_verifier_http; checks,none,none,submitted mirror cross-checked to 2b223b56be0d0a073ee0cdc9db1d7fd31d9529a1 (2026-08-13); current ASSERTION_REVIEW_BACKLOG.md; current Capture Wallet contract
WS_RP_IA_MainInteraction__037,Interaction/MainInteraction/WS_RP_IA_MainInteraction__037.md,23e92f2d022456844778aa655ec2ed52d8e2f27f3d8088fe50d49aae56e0579a,"Test that the vp_token parameter returned by the wallet, contains ID(s), aligning with the ID value of the credential query.",1. Wallet and Verifier can interact. 2. The Wallet prompts the user to release the requested credential. 3. The Verifier receives an Authorization Response where the top-level keys within the vp_token object exactly match the credential query ID specified in the request.,A,None.,none,yes,yes,authorization_request; raw.authorization_request_delivered; raw.presentation_response_http; raw.presentation_response_verifier_http; checks,none,none,submitted mirror cross-checked to 2b223b56be0d0a073ee0cdc9db1d7fd31d9529a1 (2026-08-13); current ASSERTION_REVIEW_BACKLOG.md; current Capture Wallet contract
WS_RP_IA_MainInteraction__038,Interaction/MainInteraction/WS_RP_IA_MainInteraction__038.md,2aae392523ba8199738560970509faed61f1f9f7b5a2327cbf007dd2a0f2026c,Test that the vp_token parameter returned by the wallet contains entries where the value(s) are formatted as array(s) of presentation(s) matching the respective credential query ID.,1. Wallet and Verifier can interact. 2. The Wallet prompts the user to release the requested credential. 3. The Verifier receives an Authorization Response where the value associated with the credential query ID key inside the vp_token parameter is an array containing the requested presentation data.,A,None.,none,yes,yes,authorization_request; raw.authorization_request_delivered; raw.presentation_response_http; raw.presentation_response_verifier_http; checks,none,none,submitted mirror cross-checked to 2b223b56be0d0a073ee0cdc9db1d7fd31d9529a1 (2026-08-13); current ASSERTION_REVIEW_BACKLOG.md; current Capture Wallet contract
WS_RP_IA_MainInteraction__039,Interaction/MainInteraction/WS_RP_IA_MainInteraction__039.md,6e305dd0def24a5c647cc215f50fff6f80152108ae9c5aa4415cac49cd3faa12,"Test that when the wallet returns a vp_token parameter for a multi-credential request, all returned key-value pairs simultaneously and correctly match their respective credential queries.","1. Wallet and Verifier can interact. 2. The Wallet prompts the user to release both requested credentials. 3. The Verifier receives an Authorization Response where the vp_token parameter is a single JSON object containing both distinct keys, with each key strictly mapping to its respective signed presentation value.",A,None.,none,yes,yes,authorization_request; raw.authorization_request_delivered; raw.presentation_response_http; raw.presentation_response_verifier_http; checks,none,none,submitted mirror cross-checked to 2b223b56be0d0a073ee0cdc9db1d7fd31d9529a1 (2026-08-13); current ASSERTION_REVIEW_BACKLOG.md; current Capture Wallet contract
WS_RP_IA_MainInteraction__040,Interaction/MainInteraction/WS_RP_IA_MainInteraction__040.md,28db2c70d7b5196a0bacf5d680c680549786b922bce0c99eb7f14b396cc7be13,"Test that if the multiple parameter is omitted in a credential query, it defaults to false, and the wallet includes only one presentation in the corresponding response array.",1. Wallet and Verifier can interact. 2. The Wallet recieves request. 3. The Verifier receives an Authorization Response where the array associated with the credential query ID inside the vp_token object contains exactly one presentation.,A,None.,none,yes,yes,authorization_request; raw.authorization_request_delivered; raw.presentation_response_http; raw.presentation_response_verifier_http; checks,none,none,submitted mirror cross-checked to 2b223b56be0d0a073ee0cdc9db1d7fd31d9529a1 (2026-08-13); current ASSERTION_REVIEW_BACKLOG.md; current Capture Wallet contract
WS_RP_IA_MainInteraction__041,Interaction/MainInteraction/WS_RP_IA_MainInteraction__041.md,2280d0c09f05f299b7cc40a6180386d0063f8d81d89148db2f8cd5d2b7fb5576,"Test that if the multiple parameter is explicitly set to false in a credential query, the wallet includes only one presentation in the corresponding response array.",1. Wallet and Verifier can interact. 2. The Wallet recieves request. 3. The Verifier receives an Authorization Response where the array associated with the credential query ID inside the vp_token object contains exactly one presentation.,A,None.,none,yes,yes,authorization_request; raw.authorization_request_delivered; raw.presentation_response_http; raw.presentation_response_verifier_http; checks,none,none,submitted mirror cross-checked to 2b223b56be0d0a073ee0cdc9db1d7fd31d9529a1 (2026-08-13); current ASSERTION_REVIEW_BACKLOG.md; current Capture Wallet contract
WS_RP_IA_MainInteraction__042,Interaction/MainInteraction/WS_RP_IA_MainInteraction__042.md,ea4d1525df92960fdc359cd7ed6df62780371c21731e7b2411e029db7a67591b,"Test the wallet does NOT include entries in the vp_token, for optional Credential Queries, when there are no matching Credentials.","1. Wallet-verifier interaction is successfully initiated 2. Wallet receives request, and user gives permission. 3. Verify the vp_token entries contains only credential B",A,None.,none,yes,yes,authorization_request; raw.authorization_request_delivered; raw.presentation_response_http; raw.presentation_response_verifier_http; checks,none,none,submitted mirror cross-checked to 2b223b56be0d0a073ee0cdc9db1d7fd31d9529a1 (2026-08-13); current ASSERTION_REVIEW_BACKLOG.md; current Capture Wallet contract
WS_RP_IA_MainInteraction__043,Interaction/MainInteraction/WS_RP_IA_MainInteraction__043.md,a58eb2e0581a77ebb0811c0fae0a760af4f012d01ea869b0d9eaa36a77a7d558,Test the wallet omits optional DCQL query keys in the presentation when no matching credentials exist.,"1. Wallet-verifier interaction is successfully initiated. 2. Wallet receives request, user gives consent. 3. Verify the vp_token returned is empty and does NOT contain key IDs from the optional credentials.",A,None.,none,yes,yes,authorization_request; raw.authorization_request_delivered; raw.presentation_response_http; raw.presentation_response_verifier_http; checks,none,none,submitted mirror cross-checked to 2b223b56be0d0a073ee0cdc9db1d7fd31d9529a1 (2026-08-13); current ASSERTION_REVIEW_BACKLOG.md; current Capture Wallet contract
WS_RP_IA_MainInteraction__046,Interaction/MainInteraction/WS_RP_IA_MainInteraction__046.md,25f759460ca4e4ce86de2afcfa55a160147b344c440ccd7ce3f207d3dff27a73,"Test for responses of size > URL limits of user agents, the Wallet can respond to the Verifier using the direct_post mechanism.","1. Wallet-verifier interaction is successfully initiated 2. Wallet receives request 3. The wallet processes the request successfully, recognises that the response exceeds the user-agent URL limit, and prepares to submit it to the response_uri. 4. Verify the wallet submits the response to the response_uri, with the Authorization Response as body of the HTTP-request using the POST method.",D,Reference Wallet or environment must provide the source-required execution capability.,7,partial,no,authorization_request; raw.authorization_request_delivered; raw.presentation_response_http; raw.presentation_response_verifier_http; checks,"The required Wallet profile, invocation path, device condition, or transport limit is unavailable.",reference Wallet / environment,submitted mirror cross-checked to 2b223b56be0d0a073ee0cdc9db1d7fd31d9529a1 (2026-08-13); current ASSERTION_REVIEW_BACKLOG.md; current Capture Wallet contract
WS_RP_IA_MainInteraction__049,Interaction/MainInteraction/WS_RP_IA_MainInteraction__049.md,0a637dce9ea71c7a6b2c3fc99631452db7b95fa6dbf4298caa294b73def11204,"Test when using response mode ""direct_post.jwt"" the Wallet encodes the Authorization Response, in the HTTP POST request body, using format defined by application/x‑www‑form‑urlencoded.",1. Wallet-verifier interaction is successfully initiated 2. Wallet receives request 3. The wallet processes the request successfully and prepares an Authorization Response encoded as application/x-www-form-urlencoded for submission to the response_uri. 4. Verify the wallet submits the response including the Authorization Response encoded using format defined by application/x‑www‑form‑urlencoded.,A,None.,none,yes,yes,authorization_request; raw.authorization_request_delivered; raw.presentation_response_http; raw.presentation_response_verifier_http; checks,none,none,submitted mirror cross-checked to 2b223b56be0d0a073ee0cdc9db1d7fd31d9529a1 (2026-08-13); current ASSERTION_REVIEW_BACKLOG.md; current Capture Wallet contract
WS_RP_IA_MainInteraction__052,Interaction/MainInteraction/WS_RP_IA_MainInteraction__052.md,88fa9aece82ebfea0c338d050306da550ed7979da159ffccaec82ba68c4be7d4,Test all parameters in the HTTP POST request body are encoded using UTF‑8.,1. Wallet-verifier interaction is successfully initiated 2. Wallet receives request 3. The wallet processes the request successfully and prepares the HTTP POST body with all parameters encoded using UTF-8. 4. Verify that all parameters in the HTTP POST request body are encoded using UTF‑8.,A,None.,none,yes,yes,authorization_request; raw.authorization_request_delivered; raw.presentation_response_http; raw.presentation_response_verifier_http; checks,none,none,submitted mirror cross-checked to 2b223b56be0d0a073ee0cdc9db1d7fd31d9529a1 (2026-08-13); current ASSERTION_REVIEW_BACKLOG.md; current Capture Wallet contract
WS_RP_IA_MainInteraction__053,Interaction/MainInteraction/WS_RP_IA_MainInteraction__053.md,7f4568b9d4e60d48dd20643e50cd4929dc33bebc8c20089f8ca95fd0a090d8a8,Test that the wallet rejects a request when the response_uri parameter is missing and when Response Mode = direct_post.jwt,1. Wallet-verifier interaction is successfully initiated 2. Wallet receives request 3. Wallet returns an error.,A,None.,none,yes,yes,authorization_request; raw.authorization_request_delivered; raw.presentation_response_http; raw.presentation_response_verifier_http; checks,none,none,submitted mirror cross-checked to 2b223b56be0d0a073ee0cdc9db1d7fd31d9529a1 (2026-08-13); current ASSERTION_REVIEW_BACKLOG.md; current Capture Wallet contract
WS_RP_IA_MainInteraction__054,Interaction/MainInteraction/WS_RP_IA_MainInteraction__054.md,cc3eb9c6ebff21b8d9a4f2530c3249099d8a173ca6d3b4154fa0f156fa28f412,Test that the Wallet sends the Authorization Response to the provided response_uri using an HTTP POST request.,1. Wallet-verifier interaction is successfully initiated 2. Wallet receives request 3. The wallet processes the request successfully and prepares the Authorization Response for submission to the response_uri. 4. Verify the wallet submits the response to the response_uri,A,None.,none,yes,yes,authorization_request; raw.authorization_request_delivered; raw.presentation_response_http; raw.presentation_response_verifier_http; checks,none,none,submitted mirror cross-checked to 2b223b56be0d0a073ee0cdc9db1d7fd31d9529a1 (2026-08-13); current ASSERTION_REVIEW_BACKLOG.md; current Capture Wallet contract
WS_RP_IA_MainInteraction__055,Interaction/MainInteraction/WS_RP_IA_MainInteraction__055.md,6931f9dc2267fa3d5d961ce7b5a5b48a4b22620b40d0bc9ade34a7fc2476666a,"When the response_uri parameter is present, the redirect_uri Authorization Request parameter MUST NOT be present.",1. Wallet-verifier interaction is successfully initiated 2. Wallet receives request 3. Wallet returns an error.,A,None.,none,yes,yes,authorization_request; raw.authorization_request_delivered; raw.presentation_response_http; raw.presentation_response_verifier_http; checks,none,none,submitted mirror cross-checked to 2b223b56be0d0a073ee0cdc9db1d7fd31d9529a1 (2026-08-13); current ASSERTION_REVIEW_BACKLOG.md; current Capture Wallet contract
WS_RP_IA_MainInteraction__056,Interaction/MainInteraction/WS_RP_IA_MainInteraction__056.md,16b53d5daadf9c092d05cc8d801c93fabfee89393cbcccb0e36db490c871627c,"Test that the Wallet validates the response_uri according to the strict matching rules defined in [OID4VP] Section 5.9, and rejects the request if the value is invalid.",1. Wallet-verifier interaction is successfully initiated 2. Wallet receives request 3. Wallet returns an error.,A,None.,none,yes,yes,authorization_request; raw.authorization_request_delivered; raw.presentation_response_http; raw.presentation_response_verifier_http; checks,none,none,submitted mirror cross-checked to 2b223b56be0d0a073ee0cdc9db1d7fd31d9529a1 (2026-08-13); current ASSERTION_REVIEW_BACKLOG.md; current Capture Wallet contract
WS_RP_IA_MainInteraction__057,Interaction/MainInteraction/WS_RP_IA_MainInteraction__057.md,afe019879d1f64ec9fc773a42ae9cb7ba40e43a521d00b5b5f0fd330d35e6ba3,Test that Wallet accepts an HTTP 200 response with Content-Type: application/json after sending the Authorization Response to the response_uri.,"1. Wallet-verifier interaction is successfully initiated 2. Wallet receives request 3. The wallet processes the request successfully and submits the Authorization Response to the response_uri. 4. The verifier returns an HTTP 200 status code with a JSON body containing a redirect URL or equivalent post-response payload. 5. Wallet does NOT return an error, returns user to URL provided in the redirect_uri parameter.",A,None.,none,yes,yes,authorization_request; raw.authorization_request_delivered; raw.presentation_response_http; raw.presentation_response_verifier_http; checks,none,none,submitted mirror cross-checked to 2b223b56be0d0a073ee0cdc9db1d7fd31d9529a1 (2026-08-13); current ASSERTION_REVIEW_BACKLOG.md; current Capture Wallet contract
WS_RP_IA_MainInteraction__060,Interaction/MainInteraction/WS_RP_IA_MainInteraction__060.md,3a93a5d2a438163b45b914f0fe54609a7881c1a3e19d4f17a3014ed15ed3c6c8,Test the Wallet redirects the user agent to the redirect_uri if this parameter is included in the initial Authorization Request.,"1. Wallet-verifier interaction is successfully initiated. 2. Wallet receives request. 3. The wallet processes the request successfully and proceeds to construct the URL with the Authorization Response appended. 4. Verify the wallet appends the Authorization response to the redirect_uri, opens URL in the browser.",F,None.,7,no,no,authorization_request; raw.authorization_request_delivered; raw.presentation_response_http; raw.presentation_response_verifier_http; checks,Source applicability requires an unsupported response-mode/profile combination.,upstream / reference Wallet profile,submitted mirror cross-checked to 2b223b56be0d0a073ee0cdc9db1d7fd31d9529a1 (2026-08-13); current ASSERTION_REVIEW_BACKLOG.md; current Capture Wallet contract
WS_RP_IA_MainInteraction__061,Interaction/MainInteraction/WS_RP_IA_MainInteraction__061.md,03822c417f61d388b31bdefc10693fbeb4bd04f0e536f21780c754f40e38098b,Test the Wallet handles a redirect_uri when a response_uri returns after a successful Response.,"1. Wallet-verifier interaction is successfully initiated. 2. Wallet receives request. 3. The wallet posts the Authorization Response to the response_uri. 4. Verify the wallet DOES NOT append the Authorization response to the redirect_uri. 5. Wallet opens redirect_uri, shows user success page.",A,None.,none,yes,yes,authorization_request; raw.authorization_request_delivered; raw.presentation_response_http; raw.presentation_response_verifier_http; checks,none,none,submitted mirror cross-checked to 2b223b56be0d0a073ee0cdc9db1d7fd31d9529a1 (2026-08-13); current ASSERTION_REVIEW_BACKLOG.md; current Capture Wallet contract
WS_RP_IA_MainInteraction__064,Interaction/MainInteraction/WS_RP_IA_MainInteraction__064.md,f5254af66b94f3c91cdb53e19de5516ae1d4e48eb0e5d584c63fa2baea994101,Test the Wallet handles a redirect_uri when a response_uri returns after an error response.,1. Wallet-verifier interaction is successfully initiated. 2. Wallet receives request. 3. The wallet posts the Authorization Response to the response_uri. 4. Verify the Wallet recognizes the HTTP error status but successfully parses the redirect_uri from the error response body. 5. Wallet opens redirect_uri,A,None.,none,yes,yes,authorization_request; raw.authorization_request_delivered; raw.presentation_response_http; raw.presentation_response_verifier_http; checks,none,none,submitted mirror cross-checked to 2b223b56be0d0a073ee0cdc9db1d7fd31d9529a1 (2026-08-13); current ASSERTION_REVIEW_BACKLOG.md; current Capture Wallet contract
WS_RP_IA_MainInteraction__065,Interaction/MainInteraction/WS_RP_IA_MainInteraction__065.md,818e5c3e680de17fe59859a71720cbdc357cf07c26aa5dadfc3017c32f39aa16,"Verify that Wallet supports receiving a Credential Query from the Verifier in DCQL language, including the object `trusted_authorities` (aki)-based as defined in section 6.1.1.1 of [OIDF.OID4VP].",1. Wallet-verifier interaction is successfully initiated. 2. Wallet receives the request. 3. Verify that the Wallet correctly parses the trusted_authorities query without throwing a processing error or returning an invalid_request. 4. Verify that the Wallet identifies the matching credential and presents consent to the user. 5. User consent is captured successfully. 6. Verify that the Wallet compiles the requested payload and successfully transmits the response to the verifier.,E,"Provide the source-defined trusted-list, certificate-chain, or AKI fixture.",5.8,no,no,authorization_request; raw.authorization_request_delivered; raw.presentation_response_http; raw.presentation_response_verifier_http; checks,ETSI trusted-list infrastructure and controlled issuer chains are absent.,external trust infrastructure,submitted mirror cross-checked to 2b223b56be0d0a073ee0cdc9db1d7fd31d9529a1 (2026-08-13); current ASSERTION_REVIEW_BACKLOG.md; current Capture Wallet contract
WS_RP_IA_MainInteraction__066,Interaction/MainInteraction/WS_RP_IA_MainInteraction__066.md,6b574392b109ab73c19005418aea31b0c56269b40c17428e79534763c5baf7e3,"Verify the HAIP requirement that, in the presentation flow via Redirects, Wallet raises an error if Verifier does not include `redirect_uri` in the HTTP response to the Wallet's HTTP POST to the `response_uri`, as defined in section 8.2 of [OIDF.OID4VP].",1. Wallet-verifier interaction is successfully initiated. 2. Wallet receives request. 3. Wallet successfully sends the HTTP POST payload to the response_uri. 4. The Verifier's response is received without a redirect_uri parameter. 5. The Wallet raises an invalid_request error or terminates transaction.,A,None.,none,yes,yes,authorization_request; raw.authorization_request_delivered; raw.presentation_response_http; raw.presentation_response_verifier_http; checks,none,none,submitted mirror cross-checked to 2b223b56be0d0a073ee0cdc9db1d7fd31d9529a1 (2026-08-13); current ASSERTION_REVIEW_BACKLOG.md; current Capture Wallet contract
WS_RP_IA_MainInteraction__067,Interaction/MainInteraction/WS_RP_IA_MainInteraction__067.md,dc91048eac3c41f4998d349116b8f0b7d39a89b10ce2f23e731050d288cbc9f8,"Verify the HAIP requirement that, in the presentation flow via Redirects, Wallet follows `redirect_uri` sent by the Verifier.",1. Wallet-verifier interaction is successfully initiated. 2. Wallet receives request. 3. Wallet successfully sends the HTTP POST payload to the response_uri. 4. The Verifier's response is received containing the redirect_uri parameter. 5. Verify the Wallet processes the response successfully and triggers the user agent to navigate to the redirect_uri sent by the Verifier.,A,None.,none,yes,yes,authorization_request; raw.authorization_request_delivered; raw.presentation_response_http; raw.presentation_response_verifier_http; checks,none,none,submitted mirror cross-checked to 2b223b56be0d0a073ee0cdc9db1d7fd31d9529a1 (2026-08-13); current ASSERTION_REVIEW_BACKLOG.md; current Capture Wallet contract
WS_RP_IA_Metadata__008,Interaction/Metadata/WS_RP_IA_Metadata__008.md,9c476cfbbc55e0560c89e27e9fb5e07a74c801df21ccdf733353d6625f3ce52d,"Verify that when the Wallet receives an Authorization Request with response_mode = ""direct_post.jwt"" and a valid HTTPS response_uri, it sends the Authorization Response (vp_token) to the response_uri via an HTTP POST request using HTTPS",1. Wallet-verifier interaction is successfully initiated. 2. Wallet sends the vp_token Authorization Response to the response_uri via an HTTP POST request using HTTPS; response body is encoded as application/x-www-form-urlencoded.,A,None.,none,yes,yes,authorization_request; raw.authorization_request_delivered; raw.outer_request_delivered; raw.request_uri_http; raw.request_uri_response_http; raw.presentation_response_http; raw.presentation_response_verifier_http,none,none,submitted mirror cross-checked to 2b223b56be0d0a073ee0cdc9db1d7fd31d9529a1 (2026-08-13); current ASSERTION_REVIEW_BACKLOG.md; current Capture Wallet contract
WS_RP_IA_Metadata__009,Interaction/Metadata/WS_RP_IA_Metadata__009.md,0382f8ce6d4d5b1ceb847cc3f14e91b5063d2f84bf7109259cec9a8bc6cd362a,"Verify that when the Wallet receives an Authorization Request with response_mode = ""direct_post.jwt"", it sends the Authorization Response to the response_uri as an encrypted JWE over HTTPS.",1. Wallet-verifier interaction is successfully initiated. 2. Wallet sends an encrypted Authorization Response (JWE) to the response_uri via HTTPS.,A,None.,none,yes,yes,authorization_request; raw.authorization_request_delivered; raw.outer_request_delivered; raw.request_uri_http; raw.request_uri_response_http; raw.presentation_response_http; raw.presentation_response_verifier_http,none,none,submitted mirror cross-checked to 2b223b56be0d0a073ee0cdc9db1d7fd31d9529a1 (2026-08-13); current ASSERTION_REVIEW_BACKLOG.md; current Capture Wallet contract
WS_RP_IA_Metadata__010,Interaction/Metadata/WS_RP_IA_Metadata__010.md,65d533172a517bcc908ef9ec7a6d14b2fd094843ce78dbc3450065481ad7f84e,"Verify that when the Wallet receives an Authorization Request with response_mode = ""direct_post.jwt"" where both response_uri and redirect_uri are present, it rejects the request with an invalid_request error since the two parameters are mutually exclusive.",1. Wallet-verifier interaction is successfully initiated. 2. Wallet returns an invalid_request error because redirect_uri and response_uri MUST NOT both be present.,A,None.,none,yes,yes,authorization_request; raw.authorization_request_delivered; raw.outer_request_delivered; raw.request_uri_http; raw.request_uri_response_http; raw.presentation_response_http; raw.presentation_response_verifier_http,none,none,submitted mirror cross-checked to 2b223b56be0d0a073ee0cdc9db1d7fd31d9529a1 (2026-08-13); current ASSERTION_REVIEW_BACKLOG.md; current Capture Wallet contract
WS_RP_IA_Metadata__011,Interaction/Metadata/WS_RP_IA_Metadata__011.md,40d552e725b9b8fcc338d53fabfff8f739eb697a61ad85740c8bbda793bd9fcc,Test that the wallet rejects the Authorization Request if aud does NOT match the issuer claim value in the wallet metadata.,1. Wallet-verifier interaction is successfully initiated. 2. The Wallet rejects the Request Object due to the aud mismatch and does not proceed to credential selection or user authorization. 3. The Wallet returns an error response (e.g. invalid_request).,A,None.,none,yes,yes,authorization_request; raw.authorization_request_delivered; raw.outer_request_delivered; raw.request_uri_http; raw.request_uri_response_http; raw.presentation_response_http; raw.presentation_response_verifier_http,none,none,submitted mirror cross-checked to 2b223b56be0d0a073ee0cdc9db1d7fd31d9529a1 (2026-08-13); request_mutation can set the delivered signed Request Object aud
WS_RP_IA_Metadata__012,Interaction/Metadata/WS_RP_IA_Metadata__012.md,2ad7f25d2cc0f319c18ce00855b57707cd067c66b1539c3316211ccd54f90d86,"Verify that when the Wallet receives a Request Object using Static Discovery metadata with the aud claim set to the SIOPv2 static identifier ""https://self-issued.me/v2"", it accepts and processes the request.","1. Wallet-verifier interaction is successfully initiated. 2. Wallet successfully receives the Request Object. 3. Wallet successfully parses the Request Object. 4. Wallet validates that the aud claim equals ""https://self-issued.me/v2"". 5. Wallet accepts and processes the request; the flow proceeds normally.",A,None.,none,yes,yes,authorization_request; raw.authorization_request_delivered; raw.outer_request_delivered; raw.request_uri_http; raw.request_uri_response_http; raw.presentation_response_http; raw.presentation_response_verifier_http,none,none,submitted mirror cross-checked to 2b223b56be0d0a073ee0cdc9db1d7fd31d9529a1 (2026-08-13); Credo-generated Request Object already uses the SIOPv2 static aud
WS_RP_IA_Metadata__013,Interaction/Metadata/WS_RP_IA_Metadata__013.md,0aef88d9f1c5f1c4fba36a81491de57a44014c71dba1ee6e9e859c93bcf4caf1,"Verify that when the Wallet receives a Request Object using Static Discovery metadata with an aud claim whose value is NOT the SIOPv2 static identifier ""https://self-issued.me/v2"", it rejects the request and returns an invalid_request error.","1. Wallet-verifier interaction is successfully initiated. 2. Wallet successfully receives the Request Object. 3. Wallet successfully parses the Request Object. 4. Wallet validates the aud claim and detects that it does not equal ""https://self-issued.me/v2"". 5. Wallet rejects the request and returns an invalid_request error due to the invalid aud value.",A,None.,none,yes,yes,authorization_request; raw.authorization_request_delivered; raw.outer_request_delivered; raw.request_uri_http; raw.request_uri_response_http; raw.presentation_response_http; raw.presentation_response_verifier_http,none,none,submitted mirror cross-checked to 2b223b56be0d0a073ee0cdc9db1d7fd31d9529a1 (2026-08-13); request_mutation can set the delivered signed Request Object aud
WS_RP_IA_Metadata__014,Interaction/Metadata/WS_RP_IA_Metadata__014.md,56e5cd7a73d634b4611e0c25f943443ae4f490f162173a931a009add675bc197,"Verify that when the Wallet receives an Authorization Request using the openid_federation Client Identifier Prefix with a resolvable Entity Identifier, the Wallet resolves the Entity via OpenID Federation and processes the request.",1. Wallet-verifier interaction is successfully initiated. 2. Wallet successfully receives the Authorization Request. 3. Wallet successfully parses the Authorization Request. 4. Wallet successfully resolves the Entity via OpenID Federation and processes the request; presentation flow proceeds.,E,Provide the source-defined OpenID Federation trust chain and authority.,5.7,no,no,authorization_request; raw.authorization_request_delivered; raw.outer_request_delivered; raw.request_uri_http; raw.request_uri_response_http; raw.presentation_response_http; raw.presentation_response_verifier_http,"Federation entity statements, authority, and resolvable trust chain are absent.",external trust infrastructure,submitted mirror cross-checked to 2b223b56be0d0a073ee0cdc9db1d7fd31d9529a1 (2026-08-13); current ASSERTION_REVIEW_BACKLOG.md; current Capture Wallet contract
WS_RP_IA_Metadata__015,Interaction/Metadata/WS_RP_IA_Metadata__015.md,96793c149e099319b3263771b82e920ea3c82752b3ecaebeba53d469e834b752,"Verify that when the Wallet receives a Request Object using the decentralized_identifier Client Identifier Prefix with a resolvable DID Document and all non-key Verifier metadata present in client_metadata, the Wallet performs DID Resolution for the public key and obtains all other metadata from client_metadata.",1. Wallet-verifier interaction is successfully initiated. 2. Wallet successfully receives the Request Object. 3. Wallet successfully parses the Request Object. 4. Wallet successfully resolves the DID Document and obtains the public key. 5. Wallet uses client_metadata for all non-key Verifier metadata; presentation flow proceeds.,A,None.,none,yes,yes,authorization_request; raw.authorization_request_delivered; raw.outer_request_delivered; raw.request_uri_http; raw.request_uri_response_http; raw.presentation_response_http; raw.presentation_response_verifier_http,none,none,submitted mirror cross-checked to 2b223b56be0d0a073ee0cdc9db1d7fd31d9529a1 (2026-08-13); current ASSERTION_REVIEW_BACKLOG.md; current Capture Wallet contract
WS_RP_IA_Metadata__016,Interaction/Metadata/WS_RP_IA_Metadata__016.md,90869ae2b5eb734a6bdb9d365bab216ee73e3312d97a54d4089db809f5ad05f9,"Verify that when the Wallet receives a Request Object using the decentralized_identifier Client Identifier Prefix with an empty client_metadata parameter, the Wallet rejects the request since non-key Verifier metadata MUST be obtained from client_metadata.",1. Wallet-verifier interaction is successfully initiated. 2. Wallet successfully receives the Request Object. 3. Wallet successfully parses the Request Object. 4. Wallet rejects the Authorization Request and returns an invalid_request error due to empty client_metadata (required for non-key Verifier metadata); presentation flow is not initiated.,A,None.,none,yes,yes,authorization_request; raw.authorization_request_delivered; raw.outer_request_delivered; raw.request_uri_http; raw.request_uri_response_http; raw.presentation_response_http; raw.presentation_response_verifier_http,none,none,submitted mirror cross-checked to 2b223b56be0d0a073ee0cdc9db1d7fd31d9529a1 (2026-08-13); current ASSERTION_REVIEW_BACKLOG.md; current Capture Wallet contract
WS_RP_IA_Metadata__017,Interaction/Metadata/WS_RP_IA_Metadata__017.md,6e1f98ad6ae73536c851cade7cf5a68fe463a81303f0e3b9461cbc06bafc32d1,Verify that Wallet states explicit in its metadata which other algorithms and key types are supported for the cryptographic operations.,1. This is the case. 2. Verify if Wallet Metadata is explicit for which other algorithms and key types are supported for the cryptographic operations.,A,None.,none,yes,yes,authorization_request; raw.authorization_request_delivered; raw.outer_request_delivered; raw.request_uri_http; raw.request_uri_response_http; raw.presentation_response_http; raw.presentation_response_verifier_http,none,none,submitted mirror cross-checked to 2b223b56be0d0a073ee0cdc9db1d7fd31d9529a1 (2026-08-13); current ASSERTION_REVIEW_BACKLOG.md; current Capture Wallet contract
WS_RP_IA_ProtocolFlow__001,Interaction/ProtocolFlow/WS_RP_IA_ProtocolFlow__001.md,a0376504dbfd67fdc6fda3ef24fdfaa429313b71e1cf7f3f06507a72fea2d6ed,"Verify that when the Wallet receives a Request Object via the Request URI flow, it extracts the set of Authorization Request parameters from the Request Object and uses them for further processing.",1. Wallet-verifier interaction is successfully initiated. 2. Wallet successfully receives the Authorization Request. 3. Wallet successfully receives the Request Object. 4. The Authorization Response sent by the Wallet is consistent with the parameter values from the Request Object.,A,None.,none,yes,yes,authorization_request; raw.authorization_request_delivered; raw.presentation_response_http; raw.presentation_response_verifier_http; checks,none,none,submitted mirror cross-checked to 2b223b56be0d0a073ee0cdc9db1d7fd31d9529a1 (2026-08-13); current ASSERTION_REVIEW_BACKLOG.md; current Capture Wallet contract
WS_RP_IA_ProtocolFlow__002,Interaction/ProtocolFlow/WS_RP_IA_ProtocolFlow__002.md,b2a609322e048c55f66dd8fc5687717c6a8ebda1d8e29ec185c798e514ca9710,"Verify that, in the presentation flow via Redirects, the Wallet supports receiving a Signed Authorization Request using JWT-Secured Authorization Request (JAR) [RFC9101] with the `request_uri` parameter.",1. This is the case. 2. This is the case. 3. Wallet obtains the request object from the `request_uri`. 4. Wallet authenticates successfully request object signature. 5. Wallet asks for user consent. 6. This is the case. 7. Wallet answers successfully (presents the Credential) without rejecting transaction.,A,None.,none,yes,yes,authorization_request; raw.authorization_request_delivered; raw.presentation_response_http; raw.presentation_response_verifier_http; checks,none,none,submitted mirror cross-checked to 2b223b56be0d0a073ee0cdc9db1d7fd31d9529a1 (2026-08-13); current ASSERTION_REVIEW_BACKLOG.md; current Capture Wallet contract
WS_RP_IA_ProtocolFlow__002a,Interaction/ProtocolFlow/WS_RP_IA_ProtocolFlow__002a.md,3eec08e5dee46e8c8017eadf7d9e0bd231be099a402de17a707486c1e104b2df,"Verify that, in the presentation flow via Redirects, the Wallet supports receiving a Signed Authorization Request using JWT-Secured Authorization Request (JAR, [RFC9101]) through the `request_uri` parameter, when the `request_uri_method` parameter has value `get`.","1. User-agent presents an option to the End-user to engage the presentation. 2. The Wallet is invoked. 3. Wallet makes a HTTP request at the Verifier's endpoint, using a TLS connection. The HTTP request: 1. Uses the GET method. 2. Has the 'hostname', and 'port-number' if applicable, of the provided `request_uri` as `Host` header. 3. Requests the 'path' of the `request_uri`, without a query or fragment part. 4. Wallet responds with a presentation of 'default_credential_A'.",A,None.,none,yes,yes,authorization_request; raw.authorization_request_delivered; raw.presentation_response_http; raw.presentation_response_verifier_http; checks,none,none,submitted mirror cross-checked to 2b223b56be0d0a073ee0cdc9db1d7fd31d9529a1 (2026-08-13); current ASSERTION_REVIEW_BACKLOG.md; current Capture Wallet contract
WS_RP_IA_ProtocolFlow__002b,Interaction/ProtocolFlow/WS_RP_IA_ProtocolFlow__002b.md,24fe3f2d6339f4504dd8e13c0e6947f0158400f6424f230affc659e8eea8d4aa,"Verify that, in the presentation flow via Redirects, a ""Request URI method `post`""-supporting Wallet supports receiving a Signed Authorization Request using JWT-Secured Authorization Request (JAR, [RFC9101]) through the `request_uri` parameter, when the `request_uri_method` parameter has value `post`.","1. User-agent presents an option to the End-user to engage the presentation. 2. The Wallet is invoked. 3. Wallet makes a HTTP request at the Verifier's endpoint, using a TLS connection. The HTTP request: 1. Uses the POST method. 2. Has the 'hostname', and 'port-number' if applicable, of the provided `request_uri` as `Host` header. 3. Requests the 'path' of the `request_uri`, without a query or fragment part. 4. Wallet responds to the request with a presentation of 'default_credential_A'.",A,None.,none,yes,yes,authorization_request; raw.authorization_request_delivered; raw.presentation_response_http; raw.presentation_response_verifier_http; checks,none,none,submitted mirror cross-checked to 2b223b56be0d0a073ee0cdc9db1d7fd31d9529a1 (2026-08-13); current ASSERTION_REVIEW_BACKLOG.md; current Capture Wallet contract
WS_RP_IA_ProtocolFlow__002c,Interaction/ProtocolFlow/WS_RP_IA_ProtocolFlow__002c.md,2740d1de640f6c3a926c379a210cd879a34e04b5f7fd1abab5f16eb7c9ce0933,"Verify that, in the presentation flow via Redirects, the Wallet supports receiving a Signed Authorization Request using JWT-Secured Authorization Request (JAR, [RFC9101]) through the `request_uri` parameter, when the `request_uri_method` parameter is omitted.","1. User-agent presents an option to the End-user to engage the presentation. 2. The Wallet is invoked. 3. Wallet makes a HTTP request at the Verifier's endpoint, using a TLS connection. The HTTP request: 1. Uses the GET method. 2. Has the 'hostname', and 'port-number' if applicable, of the provided `request_uri` as `Host` header. 3. Requests the 'path' of the `request_uri`, without a query or fragment part. 4. Wallet responds with a presentation of 'default_credential_A'.",A,None.,none,yes,yes,authorization_request; raw.authorization_request_delivered; raw.presentation_response_http; raw.presentation_response_verifier_http; checks,none,none,submitted mirror cross-checked to 2b223b56be0d0a073ee0cdc9db1d7fd31d9529a1 (2026-08-13); current ASSERTION_REVIEW_BACKLOG.md; current Capture Wallet contract
WS_RP_IA_ProtocolFlow__002d,Interaction/ProtocolFlow/WS_RP_IA_ProtocolFlow__002d.md,503506d43f4565d77d2828e841b0047eab14d0b7c2776711a25331699468f460,"Verify that, in the presentation flow via Redirects, a non-""Request URI method `post`""-supporting Wallet supports receiving a Signed Authorization Request using JWT-Secured Authorization Request (JAR, [RFC9101]) through the `request_uri` parameter, when the `request_uri_method` parameter has value `post`.","1. User-agent presents an option to the End-user to engage the presentation. 2. The Wallet is invoked. 3. Wallet makes a HTTP request at the Verifier's endpoint, using a TLS connection. The HTTP request: 1. Uses the GET method. 2. Has the 'hostname', and 'port-number' if applicable, of the provided `request_uri` as `Host` header. 3. Requests the 'path' of the `request_uri`, without a query or fragment part. 4. Wallet responds to the request with a presentation of 'default_credential_A'.",D,Reference Wallet or environment must provide the source-required execution capability.,7,partial,no,authorization_request; raw.authorization_request_delivered; raw.presentation_response_http; raw.presentation_response_verifier_http; checks,"The required Wallet profile, invocation path, device condition, or transport limit is unavailable.",reference Wallet / environment,submitted mirror cross-checked to 2b223b56be0d0a073ee0cdc9db1d7fd31d9529a1 (2026-08-13); current ASSERTION_REVIEW_BACKLOG.md; current Capture Wallet contract
WS_RP_IA_ProtocolFlow__002e_UF,Interaction/ProtocolFlow/WS_RP_IA_ProtocolFlow__002e_UF.md,b3b6415221807d161699bc59c134cc4e0f8ab18c08c5abac0294581d58d47163,"Verify that, in the presentation flow via Redirects, the Wallet rejects receiving a Signed Authorization Request using JWT-Secured Authorization Request (JAR, [RFC9101]) through the `request_uri` parameter, when the `request_uri_method` parameter has an invalid value.","1. User-agent presents option to End-user to engage presentation. 2. The Wallet is invoked and does not engage with the Verifier, i.e. no request is received at the endpoint stated in `request_uri`, informing the User on the invalid link provided, if applicable.",A,None.,none,yes,yes,authorization_request; raw.authorization_request_delivered; raw.presentation_response_http; raw.presentation_response_verifier_http; checks,none,none,submitted mirror cross-checked to 2b223b56be0d0a073ee0cdc9db1d7fd31d9529a1 (2026-08-13); current ASSERTION_REVIEW_BACKLOG.md; current Capture Wallet contract
WS_RP_IA_ProtocolFlow__003a,Interaction/ProtocolFlow/WS_RP_IA_ProtocolFlow__003a.md,283a8d10ab35c06b55e8d9f67441b7e4097f67eed5eb548d448be9e49bda62bb,"Verify that the Wallet, in the presentation flow via DC API using OpenID4VP, supports the Response mode `dc_api.jwt`.","1. User-agent presents option to End-user to engage presentation. 2. The Wallet is invoked. 3. The Authorization Response is made available as response through the W3C DC API or equivalent platform API as an encrypted JWT, that is a series of 5 sets of base64url-encoded concatenated by periods ('.').",A,None.,none,yes,yes,authorization_request; raw.authorization_request_delivered; raw.presentation_response_http; raw.presentation_response_verifier_http; checks,none,none,submitted mirror cross-checked to 2b223b56be0d0a073ee0cdc9db1d7fd31d9529a1 (2026-08-13); current ASSERTION_REVIEW_BACKLOG.md; current Capture Wallet contract
WS_RP_IA_ProtocolFlow__003b_UF,Interaction/ProtocolFlow/WS_RP_IA_ProtocolFlow__003b_UF.md,58afe4bfd5d91511c0db03dd2c6c971433c0537b287353f12185ce0fde410e21,"Verify that the Wallet, in the presentation flow via DC API using OpenID4VP, does not provide a response with the Response mode `dc_api`.","1. User-agent presents option to End-user to engage presentation. 2. The Wallet is invoked. 3. Wallet does not complete the presentation interaction, and 1. informs, if applicable, the user of an invalid request, and 2. aborting the interaction with the Verifier, either by 1. responding with an error `invalid_request`, or 2. responding by returning an error without any details, or 3. discontinuing the interaction, e.g. by closing the communication channel, if applicable. 3. if any response is shared to the Verifier, the response does not include a `vp_token`.",A,None.,none,yes,yes,authorization_request; raw.authorization_request_delivered; raw.presentation_response_http; raw.presentation_response_verifier_http; checks,none,none,submitted mirror cross-checked to 2b223b56be0d0a073ee0cdc9db1d7fd31d9529a1 (2026-08-13); current ASSERTION_REVIEW_BACKLOG.md; current Capture Wallet contract
WS_RP_IA_Supportive__001,Interaction/Supportive/WS_RP_IA_Supportive__001.md,3a174e4a1d94286f5af4a69b010bebda67a00379671f2a154b750f340887249d,"Verify that, in the presentation flow via Redirects, Wallet processes successfully HTTP response to the Wallet's HTTP POST to the `response_uri`, including `redirect_uri`.",1. The Verifier successfully initiates the presentation request flow with the end-user. 2. The Wallet receives the presentation request with response_mode = direct_post and a response_uri parameter. 3. The Wallet sends the Authorization Response to the response_uri via HTTP POST. 4. The Wallet receives the verifier's HTTP response containing a redirect_uri. 5. The Wallet successfully processes the verifier's response and opens the redirect_uri in the user agent.,A,None.,none,yes,yes,authorization_request; raw.authorization_request_delivered; raw.presentation_response_http; raw.presentation_response_verifier_http; checks,none,none,submitted mirror cross-checked to 2b223b56be0d0a073ee0cdc9db1d7fd31d9529a1 (2026-08-13); current ASSERTION_REVIEW_BACKLOG.md; current Capture Wallet contract
WS_RP_IA_Supportive__002,Interaction/Supportive/WS_RP_IA_Supportive__002.md,2d2aa001c31dbe9fc9c2b9b886152269e442d15fe43d28e11ba01672ad98d516,Verify that upon any HTTP error response from the Request-URI endpoint the Wallet terminates the process.,1. Wallet-verifier interaction is successfully initiated. 2. Wallet successfully receives the Authorization Request. 3. Wallet successfully sends the POST request. 4. Wallet terminates the Authorization Request process; presentation flow is not initiated.,A,None.,none,yes,yes,authorization_request; raw.authorization_request_delivered; raw.presentation_response_http; raw.presentation_response_verifier_http; checks,none,none,submitted mirror cross-checked to 2b223b56be0d0a073ee0cdc9db1d7fd31d9529a1 (2026-08-13); current ASSERTION_REVIEW_BACKLOG.md; current Capture Wallet contract
WS_RP_IA_Supportive__006,Interaction/Supportive/WS_RP_IA_Supportive__006.md,3d3aa888992c8ff44078843c957927e6ff86b276a37af60c620d3499b76ebfac,Test the wallet returns the error message: wallet_unavailable when the device the wallet is located on is under extreme load and hence is out of RAM/ disk space.,"1. Wallet-verifier interaction is successfully initiated 2. Wallet receives request. 3. Wallet cannot process request due to RAM/disk space. 4. Verify the Wallet does NOT return a credential; instead, it returns an error response where the error parameter is exactly wallet_unavailable.",D,Reference Wallet or environment must provide the source-required execution capability.,7,partial,no,authorization_request; raw.authorization_request_delivered; raw.presentation_response_http; raw.presentation_response_verifier_http; checks,"The required Wallet profile, invocation path, device condition, or transport limit is unavailable.",reference Wallet / environment,submitted mirror cross-checked to 2b223b56be0d0a073ee0cdc9db1d7fd31d9529a1 (2026-08-13); current ASSERTION_REVIEW_BACKLOG.md; current Capture Wallet contract
WS_RP_IA_Supportive__007,Interaction/Supportive/WS_RP_IA_Supportive__007.md,600c11754871177b45510985bd7d668b14acfd8b0663c63994682a949bffc76f,"Verify that, in the presentation flow via Redirects, if Verifier sends a Signed Authorization Request, but it does not use a JWT-Secured Authorization Request (JAR) [RFC9101] with the `request_uri` parameter, the Wallet responds with an error (detailed or not) or discontinues the transaction.","1. This is the case. 2. This is the case. 3. Wallet either: - (a) Answers with an error with details (`invalid_request`), - (b) Answers with an error without providing details or, - (c) Discontinues the interaction.",A,None.,none,yes,yes,authorization_request; raw.authorization_request_delivered; raw.presentation_response_http; raw.presentation_response_verifier_http; checks,none,none,submitted mirror cross-checked to 2b223b56be0d0a073ee0cdc9db1d7fd31d9529a1 (2026-08-13); current ASSERTION_REVIEW_BACKLOG.md; current Capture Wallet contract
WS_RP_MS_CredentialFormats__029,MessageStructure/CredentialFormats/WS_RP_MS_CredentialFormats__029.md,d64d1d9914beb1e1a63c16490ed11c7d75ba804c18b2d91c7c9d426823d65b29,"Verify that the EUDI Wallet can receive, hold and store a JWT Referenced Token that includes a status_list claim.",1. The JWT Referenced Token with status_list claim is stored by the Wallet.,A,None.,none,yes,yes,issued credential; raw.presentation_response; decoded_presentations,none,none,submitted mirror cross-checked to 2b223b56be0d0a073ee0cdc9db1d7fd31d9529a1 (2026-08-13); current ASSERTION_REVIEW_BACKLOG.md; current Capture Wallet contract
WS_RP_MS_CredentialFormats__029a,MessageStructure/CredentialFormats/WS_RP_MS_CredentialFormats__029a.md,3720aa99b64d5c2596ad823f6a93b704ef1632b9cf84771fbf74a2599a9c747f,"Verify that the Wallet includes the `status` claim in a SD-JWT VC presentation, when the issuer included the status information in the credential.",1. The presented SD-JWT VC contains a top-level `status` claim in the body of the SD-JWT.,A,None.,none,yes,yes,issued credential; raw.presentation_response; decoded_presentations,none,none,submitted mirror cross-checked to 2b223b56be0d0a073ee0cdc9db1d7fd31d9529a1 (2026-08-13); current ASSERTION_REVIEW_BACKLOG.md; current Capture Wallet contract
WS_RP_MS_CredentialFormats__029b,MessageStructure/CredentialFormats/WS_RP_MS_CredentialFormats__029b.md,3a2fa75589311ac1010dd7bb5f3b96b3d33f92951160502d44765e330e48ba20,"Verify that the Wallet includes a correctly formatted `status` claim in a SD-JWT VC presentation, when the issuer included the status information in the credential.",1. The value of the `status` claim in the SD-JWT is a JSON object.,A,None.,none,yes,yes,issued credential; raw.presentation_response; decoded_presentations,none,none,submitted mirror cross-checked to 2b223b56be0d0a073ee0cdc9db1d7fd31d9529a1 (2026-08-13); current ASSERTION_REVIEW_BACKLOG.md; current Capture Wallet contract
WS_RP_MS_CredentialFormats__029c,MessageStructure/CredentialFormats/WS_RP_MS_CredentialFormats__029c.md,8393f5307822c7154f0cfc647c0eadf41e1b2f9c5ae3bf2afe492ce66188545e,"Verify that the Wallet includes the `status_list` status mechanism in the `status` claim in a SD-JWT VC presentation, when the issuer included the status information in the credential.",1. The top-level `status` claim in the presented SD-JWT VC contains a `status_list` member.,A,None.,none,yes,yes,issued credential; raw.presentation_response; decoded_presentations,none,none,submitted mirror cross-checked to 2b223b56be0d0a073ee0cdc9db1d7fd31d9529a1 (2026-08-13); current ASSERTION_REVIEW_BACKLOG.md; current Capture Wallet contract
WS_RP_MS_CredentialFormats__029d,MessageStructure/CredentialFormats/WS_RP_MS_CredentialFormats__029d.md,8de41f7efa274f2ea0389716308200d291ccbe1c7d6ec0c058ba4e9f34090643,"Verify that the Wallet includes a correctly formatted `status_list` status mechanism in the `status` claim in a SD-JWT VC presentation, when the issuer included the status information in the credential in Token Status List format.",1. The value of the `status_list` member of the top-level `status` claim in the presented SD-JWT VC is a JSON object.,A,None.,none,yes,yes,issued credential; raw.presentation_response; decoded_presentations,none,none,submitted mirror cross-checked to 2b223b56be0d0a073ee0cdc9db1d7fd31d9529a1 (2026-08-13); current ASSERTION_REVIEW_BACKLOG.md; current Capture Wallet contract
WS_RP_MS_CredentialFormats__029e,MessageStructure/CredentialFormats/WS_RP_MS_CredentialFormats__029e.md,76880dbc9f89ef1766f4a3cd0fd9455b552b0ed0149e2b1f5c93a77183c7e630,"Verify that the Wallet includes all relevant claims in the `status_list` status mechanism in the `status` claim in a SD-JWT VC presentation, when the issuer included the status information in the credential in Token Status List format.",1. The `status_list` member in the `status` claim in the SD-JWT contains a `idx` and a `uri` claim.,A,None.,none,yes,yes,issued credential; raw.presentation_response; decoded_presentations,none,none,submitted mirror cross-checked to 2b223b56be0d0a073ee0cdc9db1d7fd31d9529a1 (2026-08-13); current ASSERTION_REVIEW_BACKLOG.md; current Capture Wallet contract
WS_RP_MS_CredentialFormats__029f,MessageStructure/CredentialFormats/WS_RP_MS_CredentialFormats__029f.md,365692092ea8a0af6aed3568becafaa6b99b307580c5542ba6d331ea52c40e13,"Verify that the Wallet includes a correctly formatted `idx` claim in the `status_list` status mechanism in the `status` claim in a SD-JWT VC presentation, when the issuer included the status information in the credential in Token Status List format.",1. The value of the `idx` claim in the `status_list` member in the `status` claim in the SD-JWT is a non-negative integer.,A,None.,none,yes,yes,issued credential; raw.presentation_response; decoded_presentations,none,none,submitted mirror cross-checked to 2b223b56be0d0a073ee0cdc9db1d7fd31d9529a1 (2026-08-13); current ASSERTION_REVIEW_BACKLOG.md; current Capture Wallet contract
WS_RP_MS_CredentialFormats__029g,MessageStructure/CredentialFormats/WS_RP_MS_CredentialFormats__029g.md,0fc15660874474e8a8b333648f5bfd784b34b45cf90abdab4357352e4b8b953d,"Verify that the Wallet includes a correctly formatted `uri` claim in the `status_list` status mechanism in the `status` claim in a SD-JWT VC presentation, when the issuer included the status information in the credential in Token Staus List format.",1. The value of the `uri` claim in the `status_list` member in the `status` claim in the SD-JWT is a string that is a URI according to [RFC3986].,A,None.,none,yes,yes,issued credential; raw.presentation_response; decoded_presentations,none,none,submitted mirror cross-checked to 2b223b56be0d0a073ee0cdc9db1d7fd31d9529a1 (2026-08-13); current ASSERTION_REVIEW_BACKLOG.md; current Capture Wallet contract
WS_RP_MS_CredentialFormats__030,MessageStructure/CredentialFormats/WS_RP_MS_CredentialFormats__030.md,88e16fae271b71c160a86f96d3e575319c8e614eac60ab00da8009d481a66046,"Verify that the EUDI Wallet can receive, hold and store an SD-JWT Referenced Token that includes a status_list claim.",1. The SD-JWT Referenced Token with status_list claim is stored by the Wallet.,A,None.,none,yes,yes,issued credential; raw.presentation_response; decoded_presentations,none,none,submitted mirror cross-checked to 2b223b56be0d0a073ee0cdc9db1d7fd31d9529a1 (2026-08-13); current ASSERTION_REVIEW_BACKLOG.md; current Capture Wallet contract
WS_RP_MS_CredentialFormats__031,MessageStructure/CredentialFormats/WS_RP_MS_CredentialFormats__031.md,102225aaeb6449567537d3efe30d3376b48b6a04378e7caa8c6042b36b82c87a,"Verify that the EUDI Wallet can receive, hold and store an SD-JWT VC Referenced Token that includes a status_list claim.",1. The SD-JWT VC Referenced Token with status_list claim is stored by the Wallet.,A,None.,none,yes,yes,issued credential; raw.presentation_response; decoded_presentations,none,none,submitted mirror cross-checked to 2b223b56be0d0a073ee0cdc9db1d7fd31d9529a1 (2026-08-13); current ASSERTION_REVIEW_BACKLOG.md; current Capture Wallet contract
WS_RP_MS_CredentialFormats__032,MessageStructure/CredentialFormats/WS_RP_MS_CredentialFormats__032.md,4c21d4e1eb69e3bcec60b2444cfd0f379022519befa32d3dd0f7087be79f6200,"Verify that the EUDI Wallet can receive, hold and store a CWT Referenced Token that includes a status claim.",1. The CWT Referenced Token with status claim is stored by the Wallet.,A,None.,none,yes,yes,issued credential; raw.presentation_response; decoded_presentations,none,none,submitted mirror cross-checked to 2b223b56be0d0a073ee0cdc9db1d7fd31d9529a1 (2026-08-13); current ASSERTION_REVIEW_BACKLOG.md; current Capture Wallet contract
WS_RP_MS_CredentialFormats__033,MessageStructure/CredentialFormats/WS_RP_MS_CredentialFormats__033.md,60c9ccc7296bef6de863fad45bf9690a6b6ea9ceebc6331fe8b84e23854c1ffc,"Verify that the EUDI Wallet can receive, hold and store an ISO mdoc Referenced Token that includes a status claim.",1. The ISO mdoc Referenced Token with status claim is stored by the Wallet.,A,None.,none,yes,yes,issued credential; raw.presentation_response; decoded_presentations,none,none,submitted mirror cross-checked to 2b223b56be0d0a073ee0cdc9db1d7fd31d9529a1 (2026-08-13); current ASSERTION_REVIEW_BACKLOG.md; current Capture Wallet contract
WS_RP_MS_CredentialFormats__033a,MessageStructure/CredentialFormats/WS_RP_MS_CredentialFormats__033a.md,9d2b6b0105259745cfda30f03f36601d457ed97e14362c5f6709731b3d4f12e1,"Verify that the Wallet includes the `status` element in a mdoc presentation, when the issuer included the status information in the credential.",1. The MSO of the presented mdoc contains a `status` key in the MSO.,A,None.,none,yes,yes,issued credential; raw.presentation_response; decoded_presentations,none,none,submitted mirror cross-checked to 2b223b56be0d0a073ee0cdc9db1d7fd31d9529a1 (2026-08-13); current ASSERTION_REVIEW_BACKLOG.md; current Capture Wallet contract
WS_RP_MS_CredentialFormats__033b,MessageStructure/CredentialFormats/WS_RP_MS_CredentialFormats__033b.md,c8d5855fa9105fd7aaced5afa52c7a7c9d43e68940bb21be363f2f03113d2f97,"Verify that the Wallet includes a correctly formatted `status` claim in a mdoc presentation, when the issuer included the status information in the credential.",1. The value of the `status` element in the MSO is a CBOR Map (major type 5).,A,None.,none,yes,yes,issued credential; raw.presentation_response; decoded_presentations,none,none,submitted mirror cross-checked to 2b223b56be0d0a073ee0cdc9db1d7fd31d9529a1 (2026-08-13); current ASSERTION_REVIEW_BACKLOG.md; current Capture Wallet contract
WS_RP_MS_CredentialFormats__033c,MessageStructure/CredentialFormats/WS_RP_MS_CredentialFormats__033c.md,db8d071b5295f0da70d3732d467d2250e3be11f29e723932a3a83ee96b66bb72,"Verify that the Wallet includes the `status_list` in the `status` element in a mdoc presentation, when the issuer included the status information in the credential in Token Status List format.",1. The `status` element in the MSO of the presented mdoc contains a `status_list` key.,A,None.,none,yes,yes,issued credential; raw.presentation_response; decoded_presentations,none,none,submitted mirror cross-checked to 2b223b56be0d0a073ee0cdc9db1d7fd31d9529a1 (2026-08-13); current ASSERTION_REVIEW_BACKLOG.md; current Capture Wallet contract
WS_RP_MS_CredentialFormats__033d,MessageStructure/CredentialFormats/WS_RP_MS_CredentialFormats__033d.md,08a11106f96211b0a5a46c8fcf1784e5c36f92a77429d1c1a99bb6905df10ec8,"Verify that the Wallet includes a correctly formatted `status_list` element in the `status` element in a mdoc presentation, when the issuer included the status information in the credential in Token Status List format.",1. The value of the `status_list` element in the `status` element in the MSO is a CBOR Map (major type 5).,A,None.,none,yes,yes,issued credential; raw.presentation_response; decoded_presentations,none,none,submitted mirror cross-checked to 2b223b56be0d0a073ee0cdc9db1d7fd31d9529a1 (2026-08-13); current ASSERTION_REVIEW_BACKLOG.md; current Capture Wallet contract
WS_RP_MS_CredentialFormats__033e,MessageStructure/CredentialFormats/WS_RP_MS_CredentialFormats__033e.md,5df0c4527f2040ad41b43577527c9ad7c58e968a98026279fced43200693b2dd,"Verify that the Wallet includes all relevant elements in the `status_list` revocation mechanism in the `status` element in a mdoc presentation, when the issuer included the status information in the credential in Token Status List format.",1. The `status_list` element in the `status` element in the MSO contains a `idx` and a `uri` element.,A,None.,none,yes,yes,issued credential; raw.presentation_response; decoded_presentations,none,none,submitted mirror cross-checked to 2b223b56be0d0a073ee0cdc9db1d7fd31d9529a1 (2026-08-13); current ASSERTION_REVIEW_BACKLOG.md; current Capture Wallet contract
WS_RP_MS_CredentialFormats__033f,MessageStructure/CredentialFormats/WS_RP_MS_CredentialFormats__033f.md,79f0e74f8cc8a93ce69b218d898d6fc8f66f269fd7ba5729742e4f821beba273,"Verify that the Wallet includes a correctly formatted `idx` element in the `status_list` revocation mechanism in the `status` element in a mdoc presentation, when the issuer included the status information in the credential in Token Status List format.",1. The value of the `idx` element in the `status_list` element in the `status` element in the MSO is a non-negative integer (CBOR major type 0).,A,None.,none,yes,yes,issued credential; raw.presentation_response; decoded_presentations,none,none,submitted mirror cross-checked to 2b223b56be0d0a073ee0cdc9db1d7fd31d9529a1 (2026-08-13); current ASSERTION_REVIEW_BACKLOG.md; current Capture Wallet contract
WS_RP_MS_CredentialFormats__033g,MessageStructure/CredentialFormats/WS_RP_MS_CredentialFormats__033g.md,691aa4bef87cdd599f1e1a52925a7b4db40af8dc8571961c28979d69a9f03a7a,"Verify that the Wallet includes a correctly formatted `uri` element in the `status_list` revocation mechanism in the `status` element in a mdoc presentation, when the issuer included the status information in the credential in Token Status List format.",1. The value of the `uri` element in the `status_list` element in the `status` element in the MSO is a tstr (CBOR major type 3).,A,None.,none,yes,yes,issued credential; raw.presentation_response; decoded_presentations,none,none,submitted mirror cross-checked to 2b223b56be0d0a073ee0cdc9db1d7fd31d9529a1 (2026-08-13); current ASSERTION_REVIEW_BACKLOG.md; current Capture Wallet contract
WS_RP_MS_CredentialFormats__033h,MessageStructure/CredentialFormats/WS_RP_MS_CredentialFormats__033h.md,59dfa6550784a96ed3148b587cabca466ab4ded35f0c5e691b97df72506db1b9,"Verify that the Wallet includes a correctly formatted value of the `uri` element in the `status_list` revocation mechanism in the `status` element in a mdoc presentation, when the issuer included the status information in the credential in Token Status List format.",1. The value of the `uri` element in the `status_list` element in the `status` element in the MSO is a URI according to [RFC3986].,A,None.,none,yes,yes,issued credential; raw.presentation_response; decoded_presentations,none,none,submitted mirror cross-checked to 2b223b56be0d0a073ee0cdc9db1d7fd31d9529a1 (2026-08-13); current ASSERTION_REVIEW_BACKLOG.md; current Capture Wallet contract
WS_RP_MS_CredentialFormats__034,MessageStructure/CredentialFormats/WS_RP_MS_CredentialFormats__034.md,7169f0958ae5f485e781fa6a2d4ac22427d5706415df86553cccb19ec86d7856,"Test that when a wallet matches a mdoc-based Credential, the CBOR values are matched by first converting to JSON.","1. Wallet and Verifier can interact. 2. Wallet receives the request. 3. The Wallet retrieves the mdoc from secure storage, noting CBOR format. - The Wallet converts the CBOR value into a JSON-compatible representation to compare it against the query filter - it uses the guidance from Section 6.1 of [RFC8949] to avoid issues like Data Type fidelity - The Wallet performs the matching logic",A,None.,none,yes,yes,issued credential; raw.presentation_response; decoded_presentations,none,none,submitted mirror cross-checked to 2b223b56be0d0a073ee0cdc9db1d7fd31d9529a1 (2026-08-13); current ASSERTION_REVIEW_BACKLOG.md; current Capture Wallet contract
WS_RP_MS_CredentialFormats__035,MessageStructure/CredentialFormats/WS_RP_MS_CredentialFormats__035.md,34a416b524d8111868a07b7bcfe54003c2cfa73e021dc2e803d7778a15aa7041,Verify that Wallet supports ISO mdoc in the presentation flow.,1. This is the case 2. This is the case. 3. Wallet asks for user consent. 4. This is the case. 5. Wallet presents Credential to the Verifier successfully. 6. Credential presented has Credential Format Identifier value set to `mso_mdoc`.,A,None.,none,yes,yes,issued credential; raw.presentation_response; decoded_presentations,none,none,submitted mirror cross-checked to 2b223b56be0d0a073ee0cdc9db1d7fd31d9529a1 (2026-08-13); current ASSERTION_REVIEW_BACKLOG.md; current Capture Wallet contract
WS_RP_MS_CredentialFormats__036,MessageStructure/CredentialFormats/WS_RP_MS_CredentialFormats__036.md,ade8461b0e1827077172732ea8774ffd8416f98d2ca1b71e4bdef40434de84d5,Verify that Wallet supports IETF SD-JWT VC in the presentation flow.,1. This is the case. 2. This is the case. 3. Wallet asks for user consent. 4. This is the case. 5. Wallet presents Credential to the Verifier successfully. 6. Credential presented has Credential Format Identifier value set to `dc+sd-jwt`.,A,None.,none,yes,yes,issued credential; raw.presentation_response; decoded_presentations,none,none,submitted mirror cross-checked to 2b223b56be0d0a073ee0cdc9db1d7fd31d9529a1 (2026-08-13); current ASSERTION_REVIEW_BACKLOG.md; current Capture Wallet contract
WS_RP_MS_CredentialFormats__037,MessageStructure/CredentialFormats/WS_RP_MS_CredentialFormats__037.md,06425cf206d05c0c23e248126105d0d8d13c7921e89eef3c990ed1b807f03616,Verify that Wallet supports IETF SD-JWT VC and ISO mdoc in the presentation flow.,1. This is the case 2. This is the case. 3. Wallet asks for user consent. 4. This is the case. 5. Wallet presents Credential to the Verifier successfully. 6. Credential presented has Credential Format Identifier value set to `mso_mdoc`. 7. This is the case. 8. This is the case. 9. Wallet asks for user consent. 10. This is the case. 11. Wallet presents Credential to the Verifier successfully. 12. Credential presented has Credential Format Identifier value set to `dc+sd-jwt`.,A,None.,none,yes,yes,issued credential; raw.presentation_response; decoded_presentations,none,none,submitted mirror cross-checked to 2b223b56be0d0a073ee0cdc9db1d7fd31d9529a1 (2026-08-13); current ASSERTION_REVIEW_BACKLOG.md; current Capture Wallet contract
WS_RP_MS_CredentialFormats__038,MessageStructure/CredentialFormats/WS_RP_MS_CredentialFormats__038.md,c6d08e80c736fb5b56df3b14f3e8b6338e2c97c82488310b169f84f8e64d2a6d,Verify that Wallet can handle receiving authorization request with response type `vp_token` and answering properly.,1. This is the case. 2. This is the case. 3. Wallet process successfully Authorization Request with response type `vp_token` sent by the Verifier. 4. Wallet asks for user consent. 5. This is the case. 6. Wallet includes `vp_token` parameter in its response.,A,None.,none,yes,yes,issued credential; raw.presentation_response; decoded_presentations,none,none,submitted mirror cross-checked to 2b223b56be0d0a073ee0cdc9db1d7fd31d9529a1 (2026-08-13); current ASSERTION_REVIEW_BACKLOG.md; current Capture Wallet contract
WS_RP_MS_CredentialFormats__039,MessageStructure/CredentialFormats/WS_RP_MS_CredentialFormats__039.md,09ea8d9104ca8b159699d108163aa7fc2480940345556b9813c7d0c279dcd387,"Verify that when the Verifier uses the `vp_token id_token` response type, the Wallet responds with an error (detailed or not) or discontinues the transaction.","1. This is the case. 2. This is the case. 3. Wallet either: - (a) answers with an error with details (`unsupported_response_type`), - (b) answers with an error without providing details or, - (c) discontinues the interaction.",A,None.,none,yes,yes,issued credential; raw.presentation_response; decoded_presentations,none,none,submitted mirror cross-checked to 2b223b56be0d0a073ee0cdc9db1d7fd31d9529a1 (2026-08-13); current ASSERTION_REVIEW_BACKLOG.md; current Capture Wallet contract
WS_RP_MS_CredentialFormats__040,MessageStructure/CredentialFormats/WS_RP_MS_CredentialFormats__040.md,b87ab872cca7c2723b7d59ab2d635f86905e241da51ea8d80d140ff5e7e65f6c,"Verify that when the Verifier uses the `code` response type, the Wallet responds with an error (detailed or not) or discontinues the transaction.","1. This is the case. 2. This is the case. 3. Wallet either: - (a) answers with an error with details (`unsupported_response_type`), - (b) answers with an error without providing details or, - (c) discontinues the interaction.",A,None.,none,yes,yes,issued credential; raw.presentation_response; decoded_presentations,none,none,submitted mirror cross-checked to 2b223b56be0d0a073ee0cdc9db1d7fd31d9529a1 (2026-08-13); current ASSERTION_REVIEW_BACKLOG.md; current Capture Wallet contract
WS_RP_MS_CredentialFormats__041,MessageStructure/CredentialFormats/WS_RP_MS_CredentialFormats__041.md,215d2786a0f480dac0c5267c342f4c28eea53c63306e974952e58d51c815822e,"Verify that when Wallet is presenting several ISO mdocs, each ISO mdoc is returned in a separate `DeviceResponse` (as defined in 8.3.2.1.2.2 of [ISO.18013-5]), each matching to a respective DCQL query. Therefore, the resulting `vp_token` contains multiple `DeviceResponse` instances.","1. This is the case. 2. This is the case. 3. This is the case. 4. Wallet receives multiple DCQL queries for Credentials in ISO mdoc format successfully. 5. Wallet asks for user consent. 6. This is the case. 7. `vp_token` contains multiple `DeviceResponse` instances. 8. For each query, Wallet returns one Device Response matching each DCQL query.",A,None.,none,yes,yes,issued credential; raw.presentation_response; decoded_presentations,none,none,submitted mirror cross-checked to 2b223b56be0d0a073ee0cdc9db1d7fd31d9529a1 (2026-08-13); current ASSERTION_REVIEW_BACKLOG.md; current Capture Wallet contract
WS_RP_MS_CredentialFormats__044,MessageStructure/CredentialFormats/WS_RP_MS_CredentialFormats__044.md,8dd7e20c6b0ae5aadcc600141194947ed7907f4c2806543fd9b13fcf0bab0ba8,"Verify that when the Wallet presentation to the Verifier includes `status` claim, it contains `status_list` as defined in [I-D.ietf-oauth-status-list].",1. This is the case. 2. This is the case. 3. Wallet asks for user consent. 4. This is the case. 5. Wallet presents Credential in IETF SD-JWT VC format. 6. `status` claim is present. 7. `status` claim contains `status_list`.,A,None.,none,yes,yes,issued credential; raw.presentation_response; decoded_presentations,none,none,submitted mirror cross-checked to 2b223b56be0d0a073ee0cdc9db1d7fd31d9529a1 (2026-08-13); current ASSERTION_REVIEW_BACKLOG.md; current Capture Wallet contract
WS_RP_MS_CredentialFormats__045,MessageStructure/CredentialFormats/WS_RP_MS_CredentialFormats__045.md,9b2ebaae576c11fd3bd4a8b4b07ff91fb89619c71954f47f62c44a9dd9e6908d,Verify that Wallet can handle presenting Credential in IETF SD-JWT VC format using compact serialization as defined in [RFC9901] when there is key binding.,"1. This is the case. 2. This is the case. 3. Wallet presents successfully Credential in IETF SD-JWT VC format using compact serialization. That is, the compact serialized format for the SD-JWT is the concatenation of each part delineated with a single tilde ('~') character as follows, where ""D.1"" to ""D.N"" represent the respective Disclosures: `<Issuer-signed JWT>~<D.1>~<D.2>~...~<D.N>~` The order of the concatenated parts is the Issuer-signed JWT, a tilde character, zero or more Disclosures each followed by a tilde character, and lastly the Key Binding JWT.",A,None.,none,yes,yes,issued credential; raw.presentation_response; decoded_presentations,none,none,submitted mirror cross-checked to 2b223b56be0d0a073ee0cdc9db1d7fd31d9529a1 (2026-08-13); current ASSERTION_REVIEW_BACKLOG.md; current Capture Wallet contract
WS_RP_MS_CredentialFormats__045a,MessageStructure/CredentialFormats/WS_RP_MS_CredentialFormats__045a.md,e5f6426706b5699933ae8f7d8ad7ec21d538a25c32796be32fa1a7e6f93edeb9,"Verify that the Wallet syntactically correctly serializes a presentation of a credential in SD-JWT VC format, when the issuer is using compact serialization, the credential has key binding and using OpenID4VP.","1. The presentation value is a string consisting of: 1. a signed JWT, that is a series of 3 sets of base64url-encoded data concatenated by period ('.'), 2. optionally, when including disclosure(s): 1. followed by a tilde ('~'), 2. followed by disclosures, that are series of base64url-encoded data, concatenated by a tilde ('~'), 3. followed by a tilde ('~'), 4. followed by another signed JWT, that is a series of 3 sets of base64url-encoded data concatenated by period ('.').",A,None.,none,yes,yes,issued credential; raw.presentation_response; decoded_presentations,none,none,submitted mirror cross-checked to 2b223b56be0d0a073ee0cdc9db1d7fd31d9529a1 (2026-08-13); current ASSERTION_REVIEW_BACKLOG.md; current Capture Wallet contract
WS_RP_MS_CredentialFormats__045b,MessageStructure/CredentialFormats/WS_RP_MS_CredentialFormats__045b.md,f0f15e3419fe066f65b8115da6012b1f87c7593951d846006d46f1e6354474a6,"Verify that the Wallet correctly serializes the SD-JWT in a presentation of a credential in SD-JWT VC format, when the issuer is using compact serialization, the credential has key binding and using OpenID4VP.",1. The SD-JWT part contains a compact serialized Signed JWT (i.e. base64.base64.base64 pattern). 2. All test cases pass.,A,None.,none,yes,yes,issued credential; raw.presentation_response; decoded_presentations,none,none,submitted mirror cross-checked to 2b223b56be0d0a073ee0cdc9db1d7fd31d9529a1 (2026-08-13); current ASSERTION_REVIEW_BACKLOG.md; current Capture Wallet contract
WS_RP_MS_CredentialFormats__045c,MessageStructure/CredentialFormats/WS_RP_MS_CredentialFormats__045c.md,cf7dc26421789d9e34c8654a20ea8ccee6e168e4436986a03cedde64e16167d7,"Verify that the Wallet correctly serializes the disclosure(s) in a presentation of a credential in SD-JWT VC format, when the issuer is using compact serialization, the credential has key binding and using OpenID4VP.","1. Each disclosure part contains base64url-encoded data and can be base64-decoded. 2. All test cases pass, for each disclosure part. 3. Each disclosure part is a JSON array, of length 2 or 3.",A,None.,none,yes,yes,issued credential; raw.presentation_response; decoded_presentations,none,none,submitted mirror cross-checked to 2b223b56be0d0a073ee0cdc9db1d7fd31d9529a1 (2026-08-13); current ASSERTION_REVIEW_BACKLOG.md; current Capture Wallet contract
WS_RP_MS_CredentialFormats__045d,MessageStructure/CredentialFormats/WS_RP_MS_CredentialFormats__045d.md,9803338aec6695c51723f3366401e04f8fa50018c3eaf662395c6adf7b5fb68a,"Verify that the Wallet correctly serializes the key binding JWT in a presentation of a credential in SD-JWT VC format, when the issuer is using compact serialization, the credential has key binding and using OpenID4VP.",1. The key binding part contains a compact serialized Signed JWT (i.e. base64.base64.base64 pattern). 2. All test cases pass.,A,None.,none,yes,yes,issued credential; raw.presentation_response; decoded_presentations,none,none,submitted mirror cross-checked to 2b223b56be0d0a073ee0cdc9db1d7fd31d9529a1 (2026-08-13); current ASSERTION_REVIEW_BACKLOG.md; current Capture Wallet contract
WS_RP_MS_CredentialFormats__046,MessageStructure/CredentialFormats/WS_RP_MS_CredentialFormats__046.md,00a991dad9c63153363bbe1ccb954f112bd66e2c11d211d8ec4d29d86254bcbb,Verify that Wallet can handle being presenting Credential in IETF SD-JWT VC format using compact serialization as defined in [RFC9901] when there is no key binding.,"1. End-user interacts with the Verifier, triggering the Verifier to send a presentation request. 2. Verifier sends presentation request for Credential in IETF SD-JWT VC format. 3. Wallet presents successfully Credential in IETF SD-JWT VC format using compact serialization. That is, the compact serialized format for the SD-JWT is the concatenation of each part delineated with a single tilde ('~') character as follows, where ""D.1"" to ""D.N"" represent the respective Disclosures: `<Issuer-signed JWT>~<D.1>~<D.2>~...~<D.N>~` The order of the concatenated parts is the Issuer-signed JWT, a tilde character, zero or more Disclosures each followed by a tilde character, the last element is an empty string and the last separating tilde character is not omitted.""",C,Issue a credential without cryptographic holder binding.,4.2,no,no,issued credential; raw.presentation_response; decoded_presentations,Credo currently rejects require_cryptographic_holder_binding=false during issuance (credo-ts#2936).,Credo-TS,submitted mirror cross-checked to 2b223b56be0d0a073ee0cdc9db1d7fd31d9529a1 (2026-08-13); current ASSERTION_REVIEW_BACKLOG.md; current Capture Wallet contract
WS_RP_MS_CredentialFormats__048,MessageStructure/CredentialFormats/WS_RP_MS_CredentialFormats__048.md,48e5b3333030e3c03307810960e9ac7082992c01d43060ccf87ff5b76fc3047a,Verify that Wallet can handle presenting a Credential using JSON serialization if required by the Wallet profile.,1. This is the case. 2. This is the case. 3. Wallet presents successfully Credential in IETF SD-JWT VC format using JSON serialization.,C,Issue and verify SD-JWT VC JSON serialization.,4.4,no,no,issued credential; raw.presentation_response; decoded_presentations,Only compact SD-JWT VC serialization is available.,capture-wallet / Credo-TS,submitted mirror cross-checked to 2b223b56be0d0a073ee0cdc9db1d7fd31d9529a1 (2026-08-13); current ASSERTION_REVIEW_BACKLOG.md; current Capture Wallet contract
WS_RP_MS_Metadata__081,MessageStructure/Metadata/WS_RP_MS_Metadata__081.md,0d4a51b36241546688e103abb7c9204af248fde2ae3c70b41c6a955118b1af2c,"Verify that the EUDI Wallet accepts a JOSE-based Referenced Token containing a ""status"" claim with a valid ""status_list"" JSON Object.","1. The ""status"" claim contains a valid ""status_list"" object and the token is accepted.",A,None.,none,yes,yes,authorization_request; raw.authorization_request_delivered; raw.outer_request_delivered; raw.request_uri_http; raw.request_uri_response_http; raw.presentation_response_http; raw.presentation_response_verifier_http,none,none,submitted mirror cross-checked to 2b223b56be0d0a073ee0cdc9db1d7fd31d9529a1 (2026-08-13); current ASSERTION_REVIEW_BACKLOG.md; current Capture Wallet contract
WS_RP_MS_Metadata__082,MessageStructure/Metadata/WS_RP_MS_Metadata__082.md,2be6f9201986ded9bff5b599b2d7fc7c5bbb3653034036219ae85f13c8dedf54,"Verify that the EUDI Wallet handles a JOSE-based Referenced Token without a ""status"" claim according to local policy.","1. The Wallet handles the absent ""status"" claim according to local policy.",A,None.,none,yes,yes,authorization_request; raw.authorization_request_delivered; raw.outer_request_delivered; raw.request_uri_http; raw.request_uri_response_http; raw.presentation_response_http; raw.presentation_response_verifier_http,none,none,submitted mirror cross-checked to 2b223b56be0d0a073ee0cdc9db1d7fd31d9529a1 (2026-08-13); current ASSERTION_REVIEW_BACKLOG.md; current Capture Wallet contract
WS_RP_MS_Metadata__083,MessageStructure/Metadata/WS_RP_MS_Metadata__083.md,b2477119edfb03bb9517f3f177e4b27968d320d929ff729319436ba95922539e,"Verify that the EUDI Wallet accepts a JOSE-based Referenced Token containing a ""status_list"" JSON Object within the ""status"" claim, with valid ""idx"" and ""uri"" fields.","1. The ""status_list"" object contains valid ""idx"" and ""uri"" fields and the token is accepted.",A,None.,none,yes,yes,authorization_request; raw.authorization_request_delivered; raw.outer_request_delivered; raw.request_uri_http; raw.request_uri_response_http; raw.presentation_response_http; raw.presentation_response_verifier_http,none,none,submitted mirror cross-checked to 2b223b56be0d0a073ee0cdc9db1d7fd31d9529a1 (2026-08-13); current ASSERTION_REVIEW_BACKLOG.md; current Capture Wallet contract
WS_RP_MS_Metadata__084,MessageStructure/Metadata/WS_RP_MS_Metadata__084.md,d9abbb518eb498945239aa641bfd46d93a0a66c697552e39044340f449f1b2db,"Verify that the EUDI Wallet handles a JOSE-based Referenced Token where the ""status"" claim does not contain a ""status_list"" object.",1. The Wallet rejects the Referenced Token when there is no status_list JSON object present in the status JWT Claims Set,A,None.,none,yes,yes,authorization_request; raw.authorization_request_delivered; raw.outer_request_delivered; raw.request_uri_http; raw.request_uri_response_http; raw.presentation_response_http; raw.presentation_response_verifier_http,none,none,submitted mirror cross-checked to 2b223b56be0d0a073ee0cdc9db1d7fd31d9529a1 (2026-08-13); current ASSERTION_REVIEW_BACKLOG.md; current Capture Wallet contract
WS_RP_MS_Metadata__085,MessageStructure/Metadata/WS_RP_MS_Metadata__085.md,f8a007b8666c89621871306f5c20a886c00bca7dd86162e0d771fc66d7ffd73e,"Verify that the EUDI Wallet accepts a JOSE-based Referenced Token where the ""idx"" claim within ""status_list"" is a valid non-negative integer.","1. The ""idx"" value is a non-negative integer and the token is accepted.",A,None.,none,yes,yes,authorization_request; raw.authorization_request_delivered; raw.outer_request_delivered; raw.request_uri_http; raw.request_uri_response_http; raw.presentation_response_http; raw.presentation_response_verifier_http,none,none,submitted mirror cross-checked to 2b223b56be0d0a073ee0cdc9db1d7fd31d9529a1 (2026-08-13); current ASSERTION_REVIEW_BACKLOG.md; current Capture Wallet contract
WS_RP_MS_Metadata__086,MessageStructure/Metadata/WS_RP_MS_Metadata__086.md,1d545e83e76024c4ec326583c82738646e14726ab1f5cb36f267bac43b3478e9,"Verify that the EUDI Wallet rejects a JOSE-based Referenced Token where the ""idx"" claim within ""status_list"" is a negative integer.",1. The Referenced Token is rejected.,A,None.,none,yes,yes,authorization_request; raw.authorization_request_delivered; raw.outer_request_delivered; raw.request_uri_http; raw.request_uri_response_http; raw.presentation_response_http; raw.presentation_response_verifier_http,none,none,submitted mirror cross-checked to 2b223b56be0d0a073ee0cdc9db1d7fd31d9529a1 (2026-08-13); current ASSERTION_REVIEW_BACKLOG.md; current Capture Wallet contract
WS_RP_MS_Metadata__087,MessageStructure/Metadata/WS_RP_MS_Metadata__087.md,7fe28ffc1ab9351652543fd580a26f8a83e79627e73157b2c954d51adb913480,"Verify that the EUDI Wallet rejects a JOSE-based Referenced Token where the required ""idx"" claim within ""status_list"" is missing.",1. The Referenced Token is rejected.,A,None.,none,yes,yes,authorization_request; raw.authorization_request_delivered; raw.outer_request_delivered; raw.request_uri_http; raw.request_uri_response_http; raw.presentation_response_http; raw.presentation_response_verifier_http,none,none,submitted mirror cross-checked to 2b223b56be0d0a073ee0cdc9db1d7fd31d9529a1 (2026-08-13); current ASSERTION_REVIEW_BACKLOG.md; current Capture Wallet contract
WS_RP_MS_Metadata__088,MessageStructure/Metadata/WS_RP_MS_Metadata__088.md,8254c829820da10d8ce47ea5cf958321c572d57b6c11979c549c4c45f937ba4c,"Verify that the EUDI Wallet accepts a JOSE-based Referenced Token where the ""uri"" claim within ""status_list"" is a valid URI per RFC 3986.","1. The ""uri"" value is a valid URI and the token is accepted.",A,None.,none,yes,yes,authorization_request; raw.authorization_request_delivered; raw.outer_request_delivered; raw.request_uri_http; raw.request_uri_response_http; raw.presentation_response_http; raw.presentation_response_verifier_http,none,none,submitted mirror cross-checked to 2b223b56be0d0a073ee0cdc9db1d7fd31d9529a1 (2026-08-13); current ASSERTION_REVIEW_BACKLOG.md; current Capture Wallet contract
WS_RP_MS_Metadata__089,MessageStructure/Metadata/WS_RP_MS_Metadata__089.md,bbab3b5083ec0c732644a31ce2977a274d55a82860c572a26f69496db1e2d93d,"Verify that the EUDI Wallet rejects a JOSE-based Referenced Token where the ""uri"" claim within ""status_list"" is malformed.","1. The Wallet rejects the Referenced Token (missing scheme). 2. The Wallet rejects the Referenced Token (invalid character in host). 3. The Wallet rejects the Referenced Token (malformed percent-encoding). 4. The Wallet rejects the Referenced Token (illegal characters <, >, | are not permitted in URIs per RFC 3986). 5. The Wallet rejects the Referenced Token (empty URI).",C,Issue every source-defined malformed status-list URI shape.,4.3,partial,partial,authorization_request; raw.authorization_request_delivered; raw.outer_request_delivered; raw.request_uri_http; raw.request_uri_response_http; raw.presentation_response_http; raw.presentation_response_verifier_http,Only the unparseable URI fixture exists; additional source-defined URI shapes are absent.,capture-wallet,submitted mirror cross-checked to 2b223b56be0d0a073ee0cdc9db1d7fd31d9529a1 (2026-08-13); current ASSERTION_REVIEW_BACKLOG.md; current Capture Wallet contract
WS_RP_MS_Metadata__090,MessageStructure/Metadata/WS_RP_MS_Metadata__090.md,7e96f0455077183199842041c84e8f93d725377abc586ced7ef8a4f45a66fe4c,"Verify that the EUDI Wallet rejects a JOSE-based Referenced Token where the required ""uri"" claim within ""status_list"" is missing.",1. The Referenced Token is rejected.,A,None.,none,yes,yes,authorization_request; raw.authorization_request_delivered; raw.outer_request_delivered; raw.request_uri_http; raw.request_uri_response_http; raw.presentation_response_http; raw.presentation_response_verifier_http,none,none,submitted mirror cross-checked to 2b223b56be0d0a073ee0cdc9db1d7fd31d9529a1 (2026-08-13); current ASSERTION_REVIEW_BACKLOG.md; current Capture Wallet contract
WS_RP_MS_Metadata__091,MessageStructure/Metadata/WS_RP_MS_Metadata__091.md,ca963b63231f4059779ca671505aaa5c03d4265360466990d9127a6522a2951a,"Verify that the EUDI Wallet accepts a COSE-based Referenced Token containing a valid Status CBOR structure (Map) with at least a ""status_list"" entry.","1. The Status CBOR Map contains a valid ""status_list"" entry and the token is accepted.",A,None.,none,yes,yes,authorization_request; raw.authorization_request_delivered; raw.outer_request_delivered; raw.request_uri_http; raw.request_uri_response_http; raw.presentation_response_http; raw.presentation_response_verifier_http,none,none,submitted mirror cross-checked to 2b223b56be0d0a073ee0cdc9db1d7fd31d9529a1 (2026-08-13); current ASSERTION_REVIEW_BACKLOG.md; current Capture Wallet contract
WS_RP_MS_Metadata__092,MessageStructure/Metadata/WS_RP_MS_Metadata__092.md,7f148064cedb5a036808d193d9fc81ddcdda521cd25761da3d770ab5d8a8fdd3,Verify that the EUDI Wallet rejects a COSE-based Referenced Token containing an empty Status CBOR Map.,1. The Referenced Token is rejected.,A,None.,none,yes,yes,authorization_request; raw.authorization_request_delivered; raw.outer_request_delivered; raw.request_uri_http; raw.request_uri_response_http; raw.presentation_response_http; raw.presentation_response_verifier_http,none,none,submitted mirror cross-checked to 2b223b56be0d0a073ee0cdc9db1d7fd31d9529a1 (2026-08-13); current ASSERTION_REVIEW_BACKLOG.md; current Capture Wallet contract
WS_RP_MS_Metadata__093,MessageStructure/Metadata/WS_RP_MS_Metadata__093.md,0f42103d92ce2ff4a2f888846bc768582366f0fe71b9aa8b4de95dec990ec752,"Verify that the EUDI Wallet accepts a COSE-based Referenced Token containing a ""status_list"" CBOR structure within the Status Map, with valid ""idx"" and ""uri"" fields.","1. The ""status_list"" structure contains valid ""idx"" and ""uri"" fields and the token is accepted.",A,None.,none,yes,yes,authorization_request; raw.authorization_request_delivered; raw.outer_request_delivered; raw.request_uri_http; raw.request_uri_response_http; raw.presentation_response_http; raw.presentation_response_verifier_http,none,none,submitted mirror cross-checked to 2b223b56be0d0a073ee0cdc9db1d7fd31d9529a1 (2026-08-13); current ASSERTION_REVIEW_BACKLOG.md; current Capture Wallet contract
WS_RP_MS_Metadata__094,MessageStructure/Metadata/WS_RP_MS_Metadata__094.md,6dac5fa68708c7c6e4c7c92189170b7d508ed0f2311d62b30a3fde5e7e334bfb,"Verify that the EUDI Wallet handles a COSE-based Referenced Token where the Status Map does not contain a ""status_list"" entry.","1. The Wallet handles the missing ""status_list"" according to local policy.",A,None.,none,yes,yes,authorization_request; raw.authorization_request_delivered; raw.outer_request_delivered; raw.request_uri_http; raw.request_uri_response_http; raw.presentation_response_http; raw.presentation_response_verifier_http,none,none,submitted mirror cross-checked to 2b223b56be0d0a073ee0cdc9db1d7fd31d9529a1 (2026-08-13); current ASSERTION_REVIEW_BACKLOG.md; current Capture Wallet contract
WS_RP_MS_Metadata__095,MessageStructure/Metadata/WS_RP_MS_Metadata__095.md,d595b6f990d3f1b32c4c98fea056703f3ab13e0e0f4a325751bb7270380c3968,"Verify that the EUDI Wallet accepts a COSE-based Referenced Token where the ""idx"" field within ""status_list"" is a valid unsigned integer (major type 0)","1. The ""idx"" value is a valid unsigned integer and the token is accepted.",A,None.,none,yes,yes,authorization_request; raw.authorization_request_delivered; raw.outer_request_delivered; raw.request_uri_http; raw.request_uri_response_http; raw.presentation_response_http; raw.presentation_response_verifier_http,none,none,submitted mirror cross-checked to 2b223b56be0d0a073ee0cdc9db1d7fd31d9529a1 (2026-08-13); current ASSERTION_REVIEW_BACKLOG.md; current Capture Wallet contract
WS_RP_MS_Metadata__096,MessageStructure/Metadata/WS_RP_MS_Metadata__096.md,245e17ad0dacea7343ee9111f83bdde12f4ea026ce931c1d3853801e1cb2ce4c,"Verify that the EUDI Wallet rejects a COSE-based Referenced Token where the ""idx"" field within ""status_list"" has an invalid type (negative or wrong CBOR type).",1. The Referenced Token is rejected.,A,None.,none,yes,yes,authorization_request; raw.authorization_request_delivered; raw.outer_request_delivered; raw.request_uri_http; raw.request_uri_response_http; raw.presentation_response_http; raw.presentation_response_verifier_http,none,none,submitted mirror cross-checked to 2b223b56be0d0a073ee0cdc9db1d7fd31d9529a1 (2026-08-13); current ASSERTION_REVIEW_BACKLOG.md; current Capture Wallet contract
WS_RP_MS_Metadata__097,MessageStructure/Metadata/WS_RP_MS_Metadata__097.md,ed264a0fbf4c0dda83c4959b647b45705efa75e068824339ea45f2ac591488c4,"Verify that the EUDI Wallet rejects a COSE-based Referenced Token where the required ""idx"" field within ""status_list"" is missing.",1. The Referenced Token is rejected.,A,None.,none,yes,yes,authorization_request; raw.authorization_request_delivered; raw.outer_request_delivered; raw.request_uri_http; raw.request_uri_response_http; raw.presentation_response_http; raw.presentation_response_verifier_http,none,none,submitted mirror cross-checked to 2b223b56be0d0a073ee0cdc9db1d7fd31d9529a1 (2026-08-13); current ASSERTION_REVIEW_BACKLOG.md; current Capture Wallet contract
WS_RP_MS_Metadata__098,MessageStructure/Metadata/WS_RP_MS_Metadata__098.md,231ea02dc190e7d624e6090b5e275df4d1c92267c76509667f1b42e5aa1b7ff5,"Verify that the EUDI Wallet accepts a COSE-based Referenced Token where the ""uri"" field within ""status_list"" is a valid text string URI of major type 3.","1. The ""uri"" value is a valid text string URI and the token is accepted.",A,None.,none,yes,yes,authorization_request; raw.authorization_request_delivered; raw.outer_request_delivered; raw.request_uri_http; raw.request_uri_response_http; raw.presentation_response_http; raw.presentation_response_verifier_http,none,none,submitted mirror cross-checked to 2b223b56be0d0a073ee0cdc9db1d7fd31d9529a1 (2026-08-13); current ASSERTION_REVIEW_BACKLOG.md; current Capture Wallet contract
WS_RP_MS_Metadata__099,MessageStructure/Metadata/WS_RP_MS_Metadata__099.md,cd507673f0d9cdd9a8e2463eab852d25fbe8e0a0b7fe57a666b9717a19b1f49c,"Verify that the EUDI Wallet rejects a COSE-based Referenced Token where the ""uri"" field within ""status_list"" is malformed.","1. The Wallet rejects the Referenced Token (missing scheme). 2. The Wallet rejects the Referenced Token (invalid character in host). 3. The Wallet rejects the Referenced Token (malformed percent-encoding). 4. The Wallet rejects the Referenced Token (illegal characters <, >, | are not permitted in URIs per RFC 3986). 5. The Wallet rejects the Referenced Token (empty URI).",C,Issue every source-defined malformed status-list URI shape.,4.3,partial,partial,authorization_request; raw.authorization_request_delivered; raw.outer_request_delivered; raw.request_uri_http; raw.request_uri_response_http; raw.presentation_response_http; raw.presentation_response_verifier_http,Only the unparseable URI fixture exists; additional source-defined URI shapes are absent.,capture-wallet,submitted mirror cross-checked to 2b223b56be0d0a073ee0cdc9db1d7fd31d9529a1 (2026-08-13); current ASSERTION_REVIEW_BACKLOG.md; current Capture Wallet contract
WS_RP_MS_Metadata__100,MessageStructure/Metadata/WS_RP_MS_Metadata__100.md,e689d4d30ba7f799bf2f4098ffd18b482823101bac8045421635ae95bb5b5089,"Verify that the EUDI Wallet rejects a COSE-based Referenced Token where the required ""uri"" field within ""status_list"" is missing.",1. The Referenced Token is rejected.,A,None.,none,yes,yes,authorization_request; raw.authorization_request_delivered; raw.outer_request_delivered; raw.request_uri_http; raw.request_uri_response_http; raw.presentation_response_http; raw.presentation_response_verifier_http,none,none,submitted mirror cross-checked to 2b223b56be0d0a073ee0cdc9db1d7fd31d9529a1 (2026-08-13); current ASSERTION_REVIEW_BACKLOG.md; current Capture Wallet contract
WS_RP_MS_Metadata__101,MessageStructure/Metadata/WS_RP_MS_Metadata__101.md,b41332058dcdf2eb9b9fbbb1ad5bb37af3c56aa786154fb5c22dd2d8870b0aa9,Verify that the EUDI Wallet accepts a COSE-based Referenced Token containing the status claim at CBOR label 65535 with a valid Status CBOR structure.,1. The status claim at label 65535 contains a valid Status CBOR structure and the token is accepted.,A,None.,none,yes,yes,authorization_request; raw.authorization_request_delivered; raw.outer_request_delivered; raw.request_uri_http; raw.request_uri_response_http; raw.presentation_response_http; raw.presentation_response_verifier_http,none,none,submitted mirror cross-checked to 2b223b56be0d0a073ee0cdc9db1d7fd31d9529a1 (2026-08-13); current ASSERTION_REVIEW_BACKLOG.md; current Capture Wallet contract
WS_RP_MS_Metadata__102,MessageStructure/Metadata/WS_RP_MS_Metadata__102.md,08bf61b9b666763faab14b113c915ea0004c9c5638d026e7038dadd6df6759b3,Verify that the EUDI Wallet rejects a COSE-based Referenced Token where the required status claim at CBOR label 65535 is missing.,1. The Referenced Token is rejected.,A,None.,none,yes,yes,authorization_request; raw.authorization_request_delivered; raw.outer_request_delivered; raw.request_uri_http; raw.request_uri_response_http; raw.presentation_response_http; raw.presentation_response_verifier_http,none,none,submitted mirror cross-checked to 2b223b56be0d0a073ee0cdc9db1d7fd31d9529a1 (2026-08-13); current ASSERTION_REVIEW_BACKLOG.md; current Capture Wallet contract
WS_RP_MS_Metadata__103,MessageStructure/Metadata/WS_RP_MS_Metadata__103.md,929482f312a6b46b1be5a8f2524a3a5c0f1b120d8cca2c07d562cf821c518cae,"Verify that the number, keys, and value types of data items in the StatusListInfo CBOR structure within a COSE-based Referenced Token are correct.","1. The value of the additional information (encoding the number of key-value pairs in the map) is 2 or 3: - 2 if only the required fields are present (idx, uri) - 3 if the optional certificate field is also present 2. The key-value pairs present have the following properties: key major type = 3 (tstr), key value = ""idx"" & value major type = 0 (uint), key major type = 3 (tstr), key value = ""uri"" & value major type = 3 (tstr), optionally: key major type = 3 (tstr), key value = ""certificate"" & value major type = 2 (bstr). 3. No unrecognized key-value pairs with key major type 3 (tstr) are present beyond those listed in step 2.",A,None.,none,yes,yes,authorization_request; raw.authorization_request_delivered; raw.outer_request_delivered; raw.request_uri_http; raw.request_uri_response_http; raw.presentation_response_http; raw.presentation_response_verifier_http,none,none,submitted mirror cross-checked to 2b223b56be0d0a073ee0cdc9db1d7fd31d9529a1 (2026-08-13); current ASSERTION_REVIEW_BACKLOG.md; current Capture Wallet contract
WS_RP_MS_Metadata__104,MessageStructure/Metadata/WS_RP_MS_Metadata__104.md,b91177861139173a64f0d4c5679a6b006f4887d4c78778e3efba766d8e49aac7,"Verify that when the client_metadata parameter is included in an Authorization Request, it is a valid UTF-8 encoded JSON object and that the Wallet processes only the defined metadata parameters.",1. Wallet-verifier interaction is successfully initiated. 2. Wallet accepts the request and processes only the defined metadata parameters from client_metadata.,A,None.,none,yes,yes,authorization_request; raw.authorization_request_delivered; raw.outer_request_delivered; raw.request_uri_http; raw.request_uri_response_http; raw.presentation_response_http; raw.presentation_response_verifier_http,none,none,submitted mirror cross-checked to 2b223b56be0d0a073ee0cdc9db1d7fd31d9529a1 (2026-08-13); current ASSERTION_REVIEW_BACKLOG.md; current Capture Wallet contract
WS_RP_MS_Metadata__105,MessageStructure/Metadata/WS_RP_MS_Metadata__105.md,7da6b46935a35eea10ffcacc011efc4e7d9501c1652f128963adb264deecc733,"Verify that when the client_metadata parameter is included in an Authorization Request, it is a valid UTF-8 encoded JSON object and that the Wallet processes only the defined metadata parameters.",1. Wallet-verifier interaction is successfully initiated. 2. Wallet processes only the defined metadata parameters; unrecognized parameters are silently ignored; presentation flow proceeds.,A,None.,none,yes,yes,authorization_request; raw.authorization_request_delivered; raw.outer_request_delivered; raw.request_uri_http; raw.request_uri_response_http; raw.presentation_response_http; raw.presentation_response_verifier_http,none,none,submitted mirror cross-checked to 2b223b56be0d0a073ee0cdc9db1d7fd31d9529a1 (2026-08-13); current ASSERTION_REVIEW_BACKLOG.md; current Capture Wallet contract
WS_RP_MS_Metadata__106,MessageStructure/Metadata/WS_RP_MS_Metadata__106.md,083612b5ff71b834cb0abc150a4d5a7b68a446df72db001c26563d70e5c5e9e3,"VVerify that the Wallet rejects the Authorization Request when the client_metadata parameter is not a valid UTF-8 encoded JSON object, returning an invalid_request error.",1. Wallet-verifier interaction is successfully initiated. 2. Wallet rejects the Authorization Request due to invalid encoding or structure and returns an invalid_request error.,A,None.,none,yes,yes,authorization_request; raw.authorization_request_delivered; raw.outer_request_delivered; raw.request_uri_http; raw.request_uri_response_http; raw.presentation_response_http; raw.presentation_response_verifier_http,none,none,submitted mirror cross-checked to 2b223b56be0d0a073ee0cdc9db1d7fd31d9529a1 (2026-08-13); current ASSERTION_REVIEW_BACKLOG.md; current Capture Wallet contract
WS_RP_MS_Metadata__107,MessageStructure/Metadata/WS_RP_MS_Metadata__107.md,88b6f03433ca3e1a8a66670c789c2d2458123569514966a35132dcbd71724470,"Verify that when the Verifier sets request_uri_method = ""post"" without client_metadata, the Wallet still proceeds by sending its full supported wallet_metadata in the POST request to the request_uri.",1. Wallet-verifier interaction is successfully initiated. 2. Wallet successfully parses the Authorization Request. 3. Wallet proceeds without Verifier capability information. 4. Wallet POSTs to the request_uri with wallet_metadata containing its full set of supported capabilities; Wallet retrieves the Request Object and proceeds with the flow.,A,None.,none,yes,yes,authorization_request; raw.authorization_request_delivered; raw.outer_request_delivered; raw.request_uri_http; raw.request_uri_response_http; raw.presentation_response_http; raw.presentation_response_verifier_http,none,none,submitted mirror cross-checked to 2b223b56be0d0a073ee0cdc9db1d7fd31d9529a1 (2026-08-13); current ASSERTION_REVIEW_BACKLOG.md; current Capture Wallet contract
WS_RP_MS_Metadata__108,MessageStructure/Metadata/WS_RP_MS_Metadata__108.md,65474170ad1a21432b8608d4f5e0a0cb79fd85382c2a450b718a48d29317856f,"Verify that when the Wallet receives an Authorization Request where all Verifier metadata is provided within the client_metadata parameter, the Wallet processes the metadata exclusively from client_metadata.",1. Wallet-verifier interaction is successfully initiated. 2. Wallet successfully receives the Authorization Request. 3. Wallet successfully parses the Authorization Request. 4. Wallet processes all Verifier metadata exclusively from the client_metadata parameter and proceeds with the flow.,A,None.,none,yes,yes,authorization_request; raw.authorization_request_delivered; raw.outer_request_delivered; raw.request_uri_http; raw.request_uri_response_http; raw.presentation_response_http; raw.presentation_response_verifier_http,none,none,submitted mirror cross-checked to 2b223b56be0d0a073ee0cdc9db1d7fd31d9529a1 (2026-08-13); current ASSERTION_REVIEW_BACKLOG.md; current Capture Wallet contract
WS_RP_MS_Metadata__109,MessageStructure/Metadata/WS_RP_MS_Metadata__109.md,33a18c5ff365f313766993c5ee620992ab4e5da1144d475142dca25d09711115,"Verify that when the Wallet receives an Authorization Request where some Verifier metadata is provided outside the client_metadata parameter, the Wallet ignores such metadata and processes only what is contained within client_metadata.",1. Wallet-verifier interaction is successfully initiated. 2. Wallet successfully receives the Authorization Request. 3. Wallet successfully parses the Authorization Request. 4. Wallet ignores Verifier metadata provided outside the client_metadata parameter and processes only the metadata within client_metadata; flow proceeds accordingly.,A,None.,none,yes,yes,authorization_request; raw.authorization_request_delivered; raw.outer_request_delivered; raw.request_uri_http; raw.request_uri_response_http; raw.presentation_response_http; raw.presentation_response_verifier_http,none,none,submitted mirror cross-checked to 2b223b56be0d0a073ee0cdc9db1d7fd31d9529a1 (2026-08-13); current ASSERTION_REVIEW_BACKLOG.md; current Capture Wallet contract
WS_RP_MS_Metadata__110,MessageStructure/Metadata/WS_RP_MS_Metadata__110.md,d99c2a1b92e140feb7705de22ae634dc9b9442a05ad134ec75a0cdcf8c13f09a,"Verify that when the Wallet receives a signed Authorization Request using the redirect_uri Client Identifier Prefix, it rejects the request since the redirect_uri prefix cannot be used with signed requests.",1. Wallet-verifier interaction is successfully initiated. 2. Wallet successfully receives the Authorization Request. 3. Wallet successfully parses the Authorization Request. 4. Wallet rejects the Authorization Request (cannot verify signature with no trusted key available for the redirect_uri prefix) and returns an invalid_request error; presentation flow is not initiated.,A,None.,none,yes,yes,authorization_request; raw.authorization_request_delivered; raw.outer_request_delivered; raw.request_uri_http; raw.request_uri_response_http; raw.presentation_response_http; raw.presentation_response_verifier_http,none,none,submitted mirror cross-checked to 2b223b56be0d0a073ee0cdc9db1d7fd31d9529a1 (2026-08-13); current ASSERTION_REVIEW_BACKLOG.md; current Capture Wallet contract
WS_RP_MS_Metadata__111,MessageStructure/Metadata/WS_RP_MS_Metadata__111.md,2890e0c0ebeb59c236636d6e014cb704d3450084e1305712e55aff0b1936cdaf,"Verify that when the Wallet receives a signed Authorization Request using a Client Identifier Prefix that supports signing (e.g. x509_hash, openid_federation, verifier_attestation, decentralized_identifier, x509_san_dns), the Wallet accepts the request and proceeds with the presentation flow.",1. Wallet-verifier interaction is successfully initiated. 2. Wallet successfully receives the Authorization Request. 3. Wallet successfully verifies the signature and processes the signed request; presentation flow proceeds.,A,None.,none,yes,yes,authorization_request; raw.authorization_request_delivered; raw.outer_request_delivered; raw.request_uri_http; raw.request_uri_response_http; raw.presentation_response_http; raw.presentation_response_verifier_http,none,none,submitted mirror cross-checked to 2b223b56be0d0a073ee0cdc9db1d7fd31d9529a1 (2026-08-13); current ASSERTION_REVIEW_BACKLOG.md; current Capture Wallet contract
WS_RP_MS_Metadata__112,MessageStructure/Metadata/WS_RP_MS_Metadata__112.md,b2cbaa2af2c863e3a7cd3624e487e870be8d09d8d20d49351fc1c447a70837c9,"Verify that when the Wallet receives an Authorization Request using the openid_federation Client Identifier Prefix containing a valid trust_chain parameter, the Wallet processes the trust_chain and uses it for Verifier trust establishment.","1. Wallet-verifier interaction is successfully initiated. 2. Wallet successfully receives the Authorization Request. 3. Wallet successfully parses the Authorization Request. 4. Wallet successfully validates the trust_chain, establishes Verifier trust, and proceeds with the presentation flow.",E,Provide a registry- or Wallet-trusted certificate with the source-required DNS SAN or verifier-attestation trust configuration.,5.1/5.5,partial,no,authorization_request; raw.authorization_request_delivered; raw.outer_request_delivered; raw.request_uri_http; raw.request_uri_response_http; raw.presentation_response_http; raw.presentation_response_verifier_http,The deployment certificate has no DNS SAN and the fixture attestation issuer is not Wallet-trusted.,certificate operator / reference Wallet,submitted mirror cross-checked to 2b223b56be0d0a073ee0cdc9db1d7fd31d9529a1 (2026-08-13); current ASSERTION_REVIEW_BACKLOG.md; current Capture Wallet contract
WS_RP_MS_Metadata__113,MessageStructure/Metadata/WS_RP_MS_Metadata__113.md,24ce9905a1eb05be637583d08a0f6e8d11358b1d969976ef0a9179b2fb7abd5b,"Verify that when the Wallet receives an Authorization Request using the openid_federation Client Identifier Prefix containing a trust_chain parameter that cannot be validated, the Wallet rejects the request in accordance with its trust policy.",1. Wallet-verifier interaction is successfully initiated. 2. Wallet successfully receives the Authorization Request. 3. Wallet successfully parses the Authorization Request. 4. Wallet rejects the Authorization Request (trust chain validation failure) and returns an appropriate error per its trust policy; presentation flow is not initiated.,E,Provide a registry- or Wallet-trusted certificate with the source-required DNS SAN or verifier-attestation trust configuration.,5.1/5.5,partial,no,authorization_request; raw.authorization_request_delivered; raw.outer_request_delivered; raw.request_uri_http; raw.request_uri_response_http; raw.presentation_response_http; raw.presentation_response_verifier_http,The deployment certificate has no DNS SAN and the fixture attestation issuer is not Wallet-trusted.,certificate operator / reference Wallet,submitted mirror cross-checked to 2b223b56be0d0a073ee0cdc9db1d7fd31d9529a1 (2026-08-13); current ASSERTION_REVIEW_BACKLOG.md; current Capture Wallet contract
WS_RP_MS_Metadata__114,MessageStructure/Metadata/WS_RP_MS_Metadata__114.md,d67f6202bcc360ab71a26452651be2d925b5599e87d9b9b258610e025314fc4c,"Verify that when the Wallet receives an Authorization Request using the openid_federation Client Identifier Prefix and client_metadata is present, the Wallet ignores the client_metadata parameter and resolves Verifier metadata via OpenID Federation.",1. Wallet-verifier interaction is successfully initiated. 2. Wallet successfully receives the Authorization Request. 3. Wallet successfully parses the Authorization Request. 4. Wallet ignores the client_metadata parameter and obtains all Verifier metadata via OpenID Federation; presentation flow proceeds.,E,Provide a registry- or Wallet-trusted certificate with the source-required DNS SAN or verifier-attestation trust configuration.,5.1/5.5,partial,no,authorization_request; raw.authorization_request_delivered; raw.outer_request_delivered; raw.request_uri_http; raw.request_uri_response_http; raw.presentation_response_http; raw.presentation_response_verifier_http,The deployment certificate has no DNS SAN and the fixture attestation issuer is not Wallet-trusted.,certificate operator / reference Wallet,submitted mirror cross-checked to 2b223b56be0d0a073ee0cdc9db1d7fd31d9529a1 (2026-08-13); current ASSERTION_REVIEW_BACKLOG.md; current Capture Wallet contract
WS_RP_MS_Metadata__115,MessageStructure/Metadata/WS_RP_MS_Metadata__115.md,731069fc14b0c2ad9a6d7aa6ea8861c1142352b11f80dc6dd22f9e32bccbb90f,"Verify that when the Wallet receives an Authorization Request using the openid_federation Client Identifier Prefix without a client_metadata parameter, the Wallet resolves all Verifier metadata via OpenID Federation.",1. Wallet-verifier interaction is successfully initiated. 2. Wallet successfully receives the Authorization Request. 3. Wallet successfully parses the Authorization Request. 4. Wallet successfully resolves all Verifier metadata via OpenID Federation; presentation flow proceeds.,E,Provide a registry- or Wallet-trusted certificate with the source-required DNS SAN or verifier-attestation trust configuration.,5.1/5.5,partial,no,authorization_request; raw.authorization_request_delivered; raw.outer_request_delivered; raw.request_uri_http; raw.request_uri_response_http; raw.presentation_response_http; raw.presentation_response_verifier_http,The deployment certificate has no DNS SAN and the fixture attestation issuer is not Wallet-trusted.,certificate operator / reference Wallet,submitted mirror cross-checked to 2b223b56be0d0a073ee0cdc9db1d7fd31d9529a1 (2026-08-13); current ASSERTION_REVIEW_BACKLOG.md; current Capture Wallet contract
WS_RP_MS_Metadata__116,MessageStructure/Metadata/WS_RP_MS_Metadata__116.md,28bdaf460bfa9ed6766552ba2b038fff925532c475d48742affc9e430e5cbf67,"Verify that when the Wallet receives an Authorization Request using the verifier_attestation Client Identifier Prefix where the original Client Identifier (part after the prefix) equals the subclaim of the Verifier attestation JWT, the Wallet processes the request.",1. Wallet-verifier interaction is successfully initiated. 2. Wallet successfully receives the Authorization Request. 3. Wallet successfully parses the Authorization Request. 4. Wallet verifies the Client Identifier matches the subclaim; request is processed; presentation flow proceeds.,E,Provide a registry- or Wallet-trusted certificate with the source-required DNS SAN or verifier-attestation trust configuration.,5.1/5.5,partial,no,authorization_request; raw.authorization_request_delivered; raw.outer_request_delivered; raw.request_uri_http; raw.request_uri_response_http; raw.presentation_response_http; raw.presentation_response_verifier_http,The deployment certificate has no DNS SAN and the fixture attestation issuer is not Wallet-trusted.,certificate operator / reference Wallet,submitted mirror cross-checked to 2b223b56be0d0a073ee0cdc9db1d7fd31d9529a1 (2026-08-13); current ASSERTION_REVIEW_BACKLOG.md; current Capture Wallet contract
WS_RP_MS_Metadata__117,MessageStructure/Metadata/WS_RP_MS_Metadata__117.md,390d41d7dea4b4604d088571ed3b9379b763ce4b57bc01a74035b3b6472824ef,"Verify that when the Wallet receives an Authorization Request using the verifier_attestation Client Identifier Prefix where the original Client Identifier does NOT match the subclaim of the Verifier attestation JWT, the Wallet rejects the request.",1. Wallet-verifier interaction is successfully initiated. 2. Wallet successfully receives the Authorization Request. 3. Wallet successfully parses the Authorization Request. 4. Wallet rejects the Authorization Request and returns an invalid_request error due to Client Identifier / subclaim mismatch; presentation flow is not initiated.,E,Provide a registry- or Wallet-trusted certificate with the source-required DNS SAN or verifier-attestation trust configuration.,5.1/5.5,partial,no,authorization_request; raw.authorization_request_delivered; raw.outer_request_delivered; raw.request_uri_http; raw.request_uri_response_http; raw.presentation_response_http; raw.presentation_response_verifier_http,The deployment certificate has no DNS SAN and the fixture attestation issuer is not Wallet-trusted.,certificate operator / reference Wallet,submitted mirror cross-checked to 2b223b56be0d0a073ee0cdc9db1d7fd31d9529a1 (2026-08-13); current ASSERTION_REVIEW_BACKLOG.md; current Capture Wallet contract
WS_RP_MS_Metadata__118,MessageStructure/Metadata/WS_RP_MS_Metadata__118.md,8265cb4af41d164c7014f567b08bf3ca8717764fc10e6c936b2bceeae4eb2e45,"Verify that when the Wallet receives a Request Object using the verifier_attestation Client Identifier Prefix with the Verifier attestation JWT correctly placed in the jwt JOSE header, the Wallet locates and processes the attestation JWT.",1. Wallet-verifier interaction is successfully initiated. 2. Wallet successfully receives the Authorization Request. 3. Wallet successfully parses the Request Object JOSE header. 4. Wallet successfully locates and processes the Verifier attestation JWT from the jwt JOSE header; presentation flow proceeds.,E,Provide a registry- or Wallet-trusted certificate with the source-required DNS SAN or verifier-attestation trust configuration.,5.1/5.5,partial,no,authorization_request; raw.authorization_request_delivered; raw.outer_request_delivered; raw.request_uri_http; raw.request_uri_response_http; raw.presentation_response_http; raw.presentation_response_verifier_http,The deployment certificate has no DNS SAN and the fixture attestation issuer is not Wallet-trusted.,certificate operator / reference Wallet,submitted mirror cross-checked to 2b223b56be0d0a073ee0cdc9db1d7fd31d9529a1 (2026-08-13); current ASSERTION_REVIEW_BACKLOG.md; current Capture Wallet contract
WS_RP_MS_Metadata__119,MessageStructure/Metadata/WS_RP_MS_Metadata__119.md,169b1897d13589ee269395115f7ef9b5535735be770947106b17aaa59e82c521,"Verify that when the Wallet receives a Request Object using the verifier_attestation Client Identifier Prefix where the jwt JOSE header is absent or does not contain the Verifier attestation JWT, the Wallet rejects the request.",1. Wallet-verifier interaction is successfully initiated. 2. Wallet successfully receives the Request Object. 3. Wallet successfully parses the Request Object JOSE header. 4. Wallet rejects the Authorization Request and returns an invalid_request error due to missing jwt JOSE header / Verifier attestation JWT; presentation flow is not initiated.,E,Provide a registry- or Wallet-trusted certificate with the source-required DNS SAN or verifier-attestation trust configuration.,5.1/5.5,partial,no,authorization_request; raw.authorization_request_delivered; raw.outer_request_delivered; raw.request_uri_http; raw.request_uri_response_http; raw.presentation_response_http; raw.presentation_response_verifier_http,The deployment certificate has no DNS SAN and the fixture attestation issuer is not Wallet-trusted.,certificate operator / reference Wallet,submitted mirror cross-checked to 2b223b56be0d0a073ee0cdc9db1d7fd31d9529a1 (2026-08-13); current ASSERTION_REVIEW_BACKLOG.md; current Capture Wallet contract
WS_RP_MS_Metadata__120,MessageStructure/Metadata/WS_RP_MS_Metadata__120.md,683960d06c2d1a517b2df49cb01920a1dec042bd665baadef22cae7976678fd2,"Verify that when the Verifier attestation JWT contains a redirect_uris claim and the redirect_uri request parameter exactly matches one of its entries, the Wallet processes the request.",1. Wallet-verifier interaction is successfully initiated. 2. Wallet successfully receives the Request Object. 3. Wallet successfully parses the Request Object and the attestation JWT. 4. Wallet verifies the exact match; request is processed; presentation flow proceeds.,E,Provide a registry- or Wallet-trusted certificate with the source-required DNS SAN or verifier-attestation trust configuration.,5.1/5.5,partial,no,authorization_request; raw.authorization_request_delivered; raw.outer_request_delivered; raw.request_uri_http; raw.request_uri_response_http; raw.presentation_response_http; raw.presentation_response_verifier_http,The deployment certificate has no DNS SAN and the fixture attestation issuer is not Wallet-trusted.,certificate operator / reference Wallet,submitted mirror cross-checked to 2b223b56be0d0a073ee0cdc9db1d7fd31d9529a1 (2026-08-13); current ASSERTION_REVIEW_BACKLOG.md; current Capture Wallet contract
WS_RP_MS_Metadata__121,MessageStructure/Metadata/WS_RP_MS_Metadata__121.md,9de93e12948ca2e8ceb11a5b4b117be2e7b71e1900cdc8d6f851a2f6c89ebfba,"Verify that when the Verifier attestation JWT contains a redirect_uris claim and the redirect_uri request parameter does NOT exactly match any entry, the Wallet rejects the request.",1. Wallet-verifier interaction is successfully initiated. 2. Wallet successfully receives the Request Object. 3. Wallet successfully parses the Request Object and the attestation JWT. 4. Wallet rejects the Request Object and returns an invalid_request error due to redirect_uri mismatch; presentation flow is not initiated.,E,Provide a registry- or Wallet-trusted certificate with the source-required DNS SAN or verifier-attestation trust configuration.,5.1/5.5,partial,no,authorization_request; raw.authorization_request_delivered; raw.outer_request_delivered; raw.request_uri_http; raw.request_uri_response_http; raw.presentation_response_http; raw.presentation_response_verifier_http,The deployment certificate has no DNS SAN and the fixture attestation issuer is not Wallet-trusted.,certificate operator / reference Wallet,submitted mirror cross-checked to 2b223b56be0d0a073ee0cdc9db1d7fd31d9529a1 (2026-08-13); current ASSERTION_REVIEW_BACKLOG.md; current Capture Wallet contract
WS_RP_MS_Metadata__122,MessageStructure/Metadata/WS_RP_MS_Metadata__122.md,c365b7f85951f2ad6bcd53bb88a3e55b3df9fe184bb9c26e1308f8d2a02c80c0,"Verify that when the Verifier attestation JWT does NOT contain a redirect_uris claim, the Wallet does not enforce a redirect_uri match against the attestation and processes the request normally.",1. Wallet-verifier interaction is successfully initiated. 2. Wallet successfully receives the Request Object. 3. Wallet successfully parses the Request Object and the attestation JWT. 4. Wallet does not enforce redirect_uri against the attestation; request is processed normally; presentation flow proceeds.,E,Provide a registry- or Wallet-trusted certificate with the source-required DNS SAN or verifier-attestation trust configuration.,5.1/5.5,partial,no,authorization_request; raw.authorization_request_delivered; raw.outer_request_delivered; raw.request_uri_http; raw.request_uri_response_http; raw.presentation_response_http; raw.presentation_response_verifier_http,The deployment certificate has no DNS SAN and the fixture attestation issuer is not Wallet-trusted.,certificate operator / reference Wallet,submitted mirror cross-checked to 2b223b56be0d0a073ee0cdc9db1d7fd31d9529a1 (2026-08-13); current ASSERTION_REVIEW_BACKLOG.md; current Capture Wallet contract
WS_RP_MS_Metadata__123,MessageStructure/Metadata/WS_RP_MS_Metadata__123.md,33a17029f2d1b3336b7c454a558e65b706b67868e4f47762f8ad45435a65b8e1,"Verify that when the Wallet receives a Request Object using the verifier_attestation Client Identifier Prefix where non-key Verifier metadata is provided outside the client_metadata parameter, the Wallet ignores such metadata and processes only what is contained within client_metadata.",1. Wallet-verifier interaction is successfully initiated. 2. Wallet successfully receives the Request Object. 3. Wallet successfully parses the Request Object. 4. Wallet ignores non-key Verifier metadata provided outside client_metadata and processes only the metadata within client_metadata; presentation flow proceeds.,E,Provide a registry- or Wallet-trusted certificate with the source-required DNS SAN or verifier-attestation trust configuration.,5.1/5.5,partial,no,authorization_request; raw.authorization_request_delivered; raw.outer_request_delivered; raw.request_uri_http; raw.request_uri_response_http; raw.presentation_response_http; raw.presentation_response_verifier_http,The deployment certificate has no DNS SAN and the fixture attestation issuer is not Wallet-trusted.,certificate operator / reference Wallet,submitted mirror cross-checked to 2b223b56be0d0a073ee0cdc9db1d7fd31d9529a1 (2026-08-13); current ASSERTION_REVIEW_BACKLOG.md; current Capture Wallet contract
WS_RP_MS_Metadata__124,MessageStructure/Metadata/WS_RP_MS_Metadata__124.md,a894fdfc5677e3d00f3a53c15bc3be67251361dbe38b31342e1c8098aba95531,"Verify that when the Wallet receives a Request Object using the verifier_attestation Client Identifier Prefix where all non-key Verifier metadata is provided within client_metadata, the Wallet uses client_metadata as the source of all non-key metadata and processes the request.",1. Wallet-verifier interaction is successfully initiated. 2. Wallet successfully receives the Request Object. 3. Wallet successfully parses the Request Object. 4. Wallet obtains all Verifier metadata (except public key) exclusively from client_metadata; presentation flow proceeds.,E,Provide a registry- or Wallet-trusted certificate with the source-required DNS SAN or verifier-attestation trust configuration.,5.1/5.5,partial,no,authorization_request; raw.authorization_request_delivered; raw.outer_request_delivered; raw.request_uri_http; raw.request_uri_response_http; raw.presentation_response_http; raw.presentation_response_verifier_http,The deployment certificate has no DNS SAN and the fixture attestation issuer is not Wallet-trusted.,certificate operator / reference Wallet,submitted mirror cross-checked to 2b223b56be0d0a073ee0cdc9db1d7fd31d9529a1 (2026-08-13); current ASSERTION_REVIEW_BACKLOG.md; current Capture Wallet contract
WS_RP_MS_Metadata__125,MessageStructure/Metadata/WS_RP_MS_Metadata__125.md,524b876df23537d98ce3b40359825b2035507e5b469afa2511a3b48032abfa96,"Verify that when the Wallet receives a Request Object using the x509_san_dns Client Identifier Prefix where the original Client Identifier (DNS name) matches a dNSName SAN entry in the leaf certificate provided in the request, the Wallet accepts the binding.",1. Wallet-verifier interaction is successfully initiated. 2. Wallet successfully receives the Request Object. 3. Wallet successfully parses the Request Object and the x5c chain. 4. Wallet verifies the DNS name matches a SAN dNSName; request is accepted; presentation flow proceeds.,E,Provide a registry- or Wallet-trusted certificate with the source-required DNS SAN or verifier-attestation trust configuration.,5.1/5.5,partial,no,authorization_request; raw.authorization_request_delivered; raw.outer_request_delivered; raw.request_uri_http; raw.request_uri_response_http; raw.presentation_response_http; raw.presentation_response_verifier_http,The deployment certificate has no DNS SAN and the fixture attestation issuer is not Wallet-trusted.,certificate operator / reference Wallet,submitted mirror cross-checked to 2b223b56be0d0a073ee0cdc9db1d7fd31d9529a1 (2026-08-13); current ASSERTION_REVIEW_BACKLOG.md; current Capture Wallet contract
WS_RP_MS_Metadata__126,MessageStructure/Metadata/WS_RP_MS_Metadata__126.md,cd1a16cd768169646c2fc29d6962073df6af4ed7aeaa2925344256001316d40f,"Verify that when the Wallet receives a Request Object using the x509_san_dns Client Identifier Prefix where the DNS name in the Client Identifier does NOT match any dNSName SAN entry in the leaf certificate, the Wallet rejects the request.",1. Wallet-verifier interaction is successfully initiated. 2. Wallet successfully receives the Request Object. 3. Wallet successfully parses the Request Object and the x5c chain. 4. Wallet rejects the Request Object and returns an invalid_request error due to DNS name / SAN mismatch; presentation flow is not initiated.,A,None.,none,yes,yes,authorization_request; raw.authorization_request_delivered; raw.outer_request_delivered; raw.request_uri_http; raw.request_uri_response_http; raw.presentation_response_http; raw.presentation_response_verifier_http,none,none,submitted mirror cross-checked to 2b223b56be0d0a073ee0cdc9db1d7fd31d9529a1 (2026-08-13); current ASSERTION_REVIEW_BACKLOG.md; current Capture Wallet contract
WS_RP_MS_Metadata__127,MessageStructure/Metadata/WS_RP_MS_Metadata__127.md,62f7d2bdd587e880a70f0ed94b031f0a34366c878b4873b8799f933412d0dc81,"Verify that when the Wallet receives a non-DC-API Request Object using the x509_san_dns Client Identifier Prefix and trust in the Client Identifier is established via the certificate, the Wallet allows the redirect_uri provided the FQDN of the redirect_uri matches the Client Identifier hostname; all non-key Verifier metadata is taken from client_metadata.",1. Wallet-verifier interaction is successfully initiated. 2. Wallet successfully receives the Request Object. 3. Wallet successfully parses the Request Object. 4. Wallet verifies the FQDN match. 5. Wallet uses client_metadata for all non-key Verifier metadata; request is accepted; presentation flow proceeds.,E,Provide a registry- or Wallet-trusted certificate with the source-required DNS SAN or verifier-attestation trust configuration.,5.1/5.5,partial,no,authorization_request; raw.authorization_request_delivered; raw.outer_request_delivered; raw.request_uri_http; raw.request_uri_response_http; raw.presentation_response_http; raw.presentation_response_verifier_http,The deployment certificate has no DNS SAN and the fixture attestation issuer is not Wallet-trusted.,certificate operator / reference Wallet,submitted mirror cross-checked to 2b223b56be0d0a073ee0cdc9db1d7fd31d9529a1 (2026-08-13); current ASSERTION_REVIEW_BACKLOG.md; current Capture Wallet contract
WS_RP_MS_Metadata__128,MessageStructure/Metadata/WS_RP_MS_Metadata__128.md,90629d4e16472307b0d8ca36ac713a50755ea5156626f9dcfd6bab2beb412b3f,"Verify that when the Wallet receives a non-DC-API Request Object using the x509_san_dns Client Identifier Prefix and the FQDN of redirect_uri does NOT match the Client Identifier hostname (and trust in the Client Identifier is not otherwise established), the Wallet rejects the request.",1. Wallet-verifier interaction is successfully initiated. 2. Wallet successfully receives the Request Object. 3. Wallet successfully parses the Request Object. 4. Wallet rejects the Request Object and returns an invalid_request error due to FQDN / Client Identifier hostname mismatch; presentation flow is not initiated.,E,Provide a registry- or Wallet-trusted certificate with the source-required DNS SAN or verifier-attestation trust configuration.,5.1/5.5,partial,no,authorization_request; raw.authorization_request_delivered; raw.outer_request_delivered; raw.request_uri_http; raw.request_uri_response_http; raw.presentation_response_http; raw.presentation_response_verifier_http,The deployment certificate has no DNS SAN and the fixture attestation issuer is not Wallet-trusted.,certificate operator / reference Wallet,submitted mirror cross-checked to 2b223b56be0d0a073ee0cdc9db1d7fd31d9529a1 (2026-08-13); current ASSERTION_REVIEW_BACKLOG.md; current Capture Wallet contract
WS_RP_MS_Metadata__129,MessageStructure/Metadata/WS_RP_MS_Metadata__129.md,5de425d2e8acfbcbe8d1ea8add13863d101016d6de257924c20b130d00e9b776,"Verify that when the Wallet receives a Request Object using the x509_hash Client Identifier Prefix where the original Client Identifier equals the base64url-encoded SHA-256 hash of the DER-encoded leaf certificate provided in x5c, the Wallet accepts the binding.",1. Wallet-verifier interaction is successfully initiated. 2. Wallet successfully receives the Request Object. 3. Wallet successfully parses the Request Object and the x5c chain. 4. Wallet verifies that the Client Identifier matches the leaf certificate hash; request is accepted; presentation flow proceeds.,A,None.,none,yes,yes,authorization_request; raw.authorization_request_delivered; raw.outer_request_delivered; raw.request_uri_http; raw.request_uri_response_http; raw.presentation_response_http; raw.presentation_response_verifier_http,none,none,submitted mirror cross-checked to 2b223b56be0d0a073ee0cdc9db1d7fd31d9529a1 (2026-08-13); current ASSERTION_REVIEW_BACKLOG.md; current Capture Wallet contract
WS_RP_MS_Metadata__130,MessageStructure/Metadata/WS_RP_MS_Metadata__130.md,f4047642ea87e624c6ba6f1bbc1384a5b8639fa771255e54c582f0fc31252487,"Verify that when the Wallet receives a Request Object using the x509_hash Client Identifier Prefix where the Client Identifier does NOT match the base64url-encoded SHA-256 hash of the leaf certificate in x5c, the Wallet rejects the request.",1. Wallet-verifier interaction is successfully initiated. 2. Wallet successfully receives the Request Object. 3. Wallet successfully parses the Request Object and x5c. 4. Wallet rejects the Request Object and returns an invalid_request error due to Client Identifier / certificate hash mismatch; presentation flow is not initiated.,A,None.,none,yes,yes,authorization_request; raw.authorization_request_delivered; raw.outer_request_delivered; raw.request_uri_http; raw.request_uri_response_http; raw.presentation_response_http; raw.presentation_response_verifier_http,none,none,submitted mirror cross-checked to 2b223b56be0d0a073ee0cdc9db1d7fd31d9529a1 (2026-08-13); current ASSERTION_REVIEW_BACKLOG.md; current Capture Wallet contract
WS_RP_MS_Metadata__131,MessageStructure/Metadata/WS_RP_MS_Metadata__131.md,0bfdf5cac3971a90e7d8ebd41a1f0669d0c5a5ecdb132bc728b29070a41d7680,"Verify that when the Wallet receives a Request Object using the x509_hash Client Identifier Prefix signed with the private key corresponding to the public key in the leaf X.509 certificate (whose hash is in the Client Identifier), the Wallet successfully verifies the signature.",1. Wallet-verifier interaction is successfully initiated. 2. Wallet successfully receives the Request Object. 3. Wallet successfully parses the Request Object and x5c. 4. Wallet successfully extracts the leaf certificate public key. 5. Wallet successfully verifies the signature; request is processed; presentation flow proceeds.,A,None.,none,yes,yes,authorization_request; raw.authorization_request_delivered; raw.outer_request_delivered; raw.request_uri_http; raw.request_uri_response_http; raw.presentation_response_http; raw.presentation_response_verifier_http,none,none,submitted mirror cross-checked to 2b223b56be0d0a073ee0cdc9db1d7fd31d9529a1 (2026-08-13); current ASSERTION_REVIEW_BACKLOG.md; current Capture Wallet contract
WS_RP_MS_Metadata__132,MessageStructure/Metadata/WS_RP_MS_Metadata__132.md,54be0ad8e4969a2cd0513b6c098e37649afc7cd8d13669d9dad1464b01f72012,"Verify that when the Wallet receives a Request Object using the x509_hash Client Identifier Prefix where the signature key does NOT correspond to the leaf certificate in x5c, the Wallet rejects the request.",1. Wallet-verifier interaction is successfully initiated. 2. Wallet successfully receives the Request Object. 3. Wallet successfully parses the Request Object and x5c. 4. Wallet successfully extracts the leaf certificate public key. 5. Wallet rejects the Request Object and returns an invalid_request error due to signature verification failure; presentation flow is not initiated.,A,None.,none,yes,yes,authorization_request; raw.authorization_request_delivered; raw.outer_request_delivered; raw.request_uri_http; raw.request_uri_response_http; raw.presentation_response_http; raw.presentation_response_verifier_http,none,none,submitted mirror cross-checked to 2b223b56be0d0a073ee0cdc9db1d7fd31d9529a1 (2026-08-13); current ASSERTION_REVIEW_BACKLOG.md; current Capture Wallet contract
WS_RP_MS_Metadata__133,MessageStructure/Metadata/WS_RP_MS_Metadata__133.md,5ceda56ba51ed019b178715ecfc3fc8ee06992f06479e840f21576e77ef919d5,"Verify that when the Wallet receives an Authorization Request using the reserved origin: Client Identifier Prefix outside a DC API context, the Wallet rejects the request.",1. Wallet-verifier interaction is successfully initiated. 2. Wallet successfully receives the Authorization Request. 3. Wallet successfully parses the Authorization Request. 4. Wallet rejects the Authorization Request and returns an invalid_request error (origin: prefix MUST NOT be accepted outside DC API); presentation flow is not initiated.,A,None.,none,yes,yes,authorization_request; raw.authorization_request_delivered; raw.outer_request_delivered; raw.request_uri_http; raw.request_uri_response_http; raw.presentation_response_http; raw.presentation_response_verifier_http,none,none,submitted mirror cross-checked to 2b223b56be0d0a073ee0cdc9db1d7fd31d9529a1 (2026-08-13); current ASSERTION_REVIEW_BACKLOG.md; current Capture Wallet contract
WS_RP_MS_Metadata__134,MessageStructure/Metadata/WS_RP_MS_Metadata__134.md,b3e7eb6ff2781f0fac08766238b81c2921c896acd20f275f2c38dfed7e1d0907,"Verify that when the Wallet requires encrypted Request Objects, it advertises public encryption keys in wallet_metadata.jwks and the supported algorithms via authorization_encryption_alg_values_supported and authorization_encryption_enc_values_supported, and the Wallet successfully decrypts the encrypted Request Object received from the Verifier.",1. Wallet-verifier interaction is successfully initiated. 2. Wallet successfully receives the Authorization Request. 3. Wallet_metadata.jwks is correctly populated with public encryption keys and algorithm preferences. 4. Wallet successfully receives the encrypted Request Object. 5. Wallet successfully decrypts and processes the Request Object; presentation flow proceeds.,B,Encrypt the Request Object to the wallet key obtained through wallet metadata.,5.4,no,no,authorization_request; raw.authorization_request_delivered; raw.outer_request_delivered; raw.request_uri_http; raw.request_uri_response_http; raw.presentation_response_http; raw.presentation_response_verifier_http,Credo-supported Request Object encryption and wallet encryption metadata negotiation.,capture-wallet / Credo-TS,submitted mirror cross-checked to 2b223b56be0d0a073ee0cdc9db1d7fd31d9529a1 (2026-08-13); current ASSERTION_REVIEW_BACKLOG.md; current Capture Wallet contract
WS_RP_MS_Metadata__135,MessageStructure/Metadata/WS_RP_MS_Metadata__135.md,5e680d4a0c2ee464ddb48bea37505a0e2d5ef38d1c1e78adb8a1ac5d9cf35a6d,"Verify that when the Wallet has indicated that encryption is required (via wallet_metadata.jwks and supported algorithms) and the Verifier returns an unencrypted Request Object, the Wallet rejects the Request Object.",1. Wallet-verifier interaction is successfully initiated. 2. Wallet successfully receives the Authorization Request. 3. Wallet_metadata.jwks is correctly populated. 4. Wallet successfully receives the response. 5. Wallet rejects the unencrypted Request Object and returns an invalid_request error; presentation flow is not initiated.,D,Wallet must supply the source-required POST Request URI encryption metadata.,5.4,partial,no,authorization_request; raw.authorization_request_delivered; raw.outer_request_delivered; raw.request_uri_http; raw.request_uri_response_http; raw.presentation_response_http; raw.presentation_response_verifier_http,Reference Wallet does not provide the prerequisite wallet metadata.,reference Wallet / profile,submitted mirror cross-checked to 2b223b56be0d0a073ee0cdc9db1d7fd31d9529a1 (2026-08-13); current ASSERTION_REVIEW_BACKLOG.md; current Capture Wallet contract
WS_RP_MS_Metadata__136,MessageStructure/Metadata/WS_RP_MS_Metadata__136.md,a3318da12250114d30d225661999ece27377bce0e9ba67442c00fdea11d4dab8,"Verify that when the Wallet uses a Client Identifier Prefix that permits signed Request Objects, the Wallet lists supported Request Object signing algorithms in the request_object_signing_alg_values_supported parameter of wallet_metadata.",1. Wallet-verifier interaction is successfully initiated. 2. Wallet successfully receives the Authorization Request. 3. Wallet correctly prepares wallet_metadata. 4. Wallet_metadata includes the request_object_signing_alg_values_supported parameter listing all supported Request Object signing algorithms.,D,Wallet must supply the source-required POST Request URI encryption metadata.,5.4,partial,no,authorization_request; raw.authorization_request_delivered; raw.outer_request_delivered; raw.request_uri_http; raw.request_uri_response_http; raw.presentation_response_http; raw.presentation_response_verifier_http,Reference Wallet does not provide the prerequisite wallet metadata.,reference Wallet / profile,submitted mirror cross-checked to 2b223b56be0d0a073ee0cdc9db1d7fd31d9529a1 (2026-08-13); current ASSERTION_REVIEW_BACKLOG.md; current Capture Wallet contract
WS_RP_MS_Metadata__137,MessageStructure/Metadata/WS_RP_MS_Metadata__137.md,476f0892265a039bc618b8d87b2750415b1f30bc69f9700a18fd932561062532,"Verify that when the Wallet uses a Client Identifier Prefix that precludes signed Request Objects (e.g. redirect_uri:), the Wallet does NOT include the request_object_signing_alg_values_supported parameter in wallet_metadata.",1. Wallet-verifier interaction is successfully initiated. 2. Wallet successfully receives the Authorization Request. 3. Wallet correctly prepares wallet_metadata. 4. Wallet_metadata does NOT include the request_object_signing_alg_values_supported parameter.,D,Wallet must supply the source-required POST Request URI encryption metadata.,5.4,partial,no,authorization_request; raw.authorization_request_delivered; raw.outer_request_delivered; raw.request_uri_http; raw.request_uri_response_http; raw.presentation_response_http; raw.presentation_response_verifier_http,Reference Wallet does not provide the prerequisite wallet metadata.,reference Wallet / profile,submitted mirror cross-checked to 2b223b56be0d0a073ee0cdc9db1d7fd31d9529a1 (2026-08-13); current ASSERTION_REVIEW_BACKLOG.md; current Capture Wallet contract
WS_RP_MS_Metadata__138,MessageStructure/Metadata/WS_RP_MS_Metadata__138.md,aa73deaa458d39bfde256d16dc89965842305b14f7430c0978581219b4a3cd3b,"Verify that when the Wallet sent a wallet_nonce in the POST request and the received Request Object contains the matching wallet_nonce claim, the Wallet validates the match and continues processing.",1. Wallet-verifier interaction is successfully initiated. 2. Wallet successfully receives the Authorization Request. 3. Wallet_nonce is correctly sent in the POST request. 4. Wallet successfully receives the Request Object. 5. Wallet validates the wallet_nonce match and continues processing the request.,A,None.,none,yes,yes,authorization_request; raw.authorization_request_delivered; raw.outer_request_delivered; raw.request_uri_http; raw.request_uri_response_http; raw.presentation_response_http; raw.presentation_response_verifier_http,none,none,submitted mirror cross-checked to 2b223b56be0d0a073ee0cdc9db1d7fd31d9529a1 (2026-08-13); current ASSERTION_REVIEW_BACKLOG.md; current Capture Wallet contract
WS_RP_MS_Metadata__139,MessageStructure/Metadata/WS_RP_MS_Metadata__139.md,097d5710780c62ede1796907282e6e80e7a15f86b5c5935a52c7bf0d6ccb9bdb,"Verify that when the Wallet sent a wallet_nonce in the POST request and the received Request Object contains a different wallet_nonce claim value, the Wallet terminates request processing.",1. Wallet-verifier interaction is successfully initiated. 2. Wallet successfully receives the Authorization Request. 3. Wallet_nonce is correctly sent in the POST request. 4. Wallet successfully receives the Request Object. 5. Wallet terminates request processing due to wallet_nonce mismatch; presentation flow is not initiated.,A,None.,none,yes,yes,authorization_request; raw.authorization_request_delivered; raw.outer_request_delivered; raw.request_uri_http; raw.request_uri_response_http; raw.presentation_response_http; raw.presentation_response_verifier_http,none,none,submitted mirror cross-checked to 2b223b56be0d0a073ee0cdc9db1d7fd31d9529a1 (2026-08-13); current ASSERTION_REVIEW_BACKLOG.md; current Capture Wallet contract
WS_RP_MS_Metadata__140,MessageStructure/Metadata/WS_RP_MS_Metadata__140.md,738e935058b435cf1c85abb35b2f93b220c886445100fa29dc612bbca4ed7557,"Verify that when the Wallet sent a wallet_nonce in the POST request and the received Request Object does NOT contain a wallet_nonce claim, the Wallet terminates request processing.",1. Wallet-verifier interaction is successfully initiated. 2. Wallet successfully receives the Authorization Request. 3. Wallet_nonce is correctly sent in the POST request. 4. Wallet successfully receives the Request Object. 5. Wallet terminates request processing due to missing wallet_nonce claim; presentation flow is not initiated.,A,None.,none,yes,yes,authorization_request; raw.authorization_request_delivered; raw.outer_request_delivered; raw.request_uri_http; raw.request_uri_response_http; raw.presentation_response_http; raw.presentation_response_verifier_http,none,none,submitted mirror cross-checked to 2b223b56be0d0a073ee0cdc9db1d7fd31d9529a1 (2026-08-13); current ASSERTION_REVIEW_BACKLOG.md; current Capture Wallet contract
WS_RP_MS_Metadata__141,MessageStructure/Metadata/WS_RP_MS_Metadata__141.md,aeb2aad0314d10c0f7939fff50b5968949bbd08ced16c39ef63e626b4f86a58a,"Verify that when Wallet is presenting the Credential in IETF SD-JWT VC format, it contains the credential issuer's signing certificate along with a trust chain in the `x5c` JOSE header parameter.",1. This is the case. 2. Wallet presents the Credential in IETF SD-JWT VC format. 3. Credential presented contains the credential issuer's signing certificate along with a trust chain in the `x5c` JOSE header parameter.,A,None.,none,yes,yes,authorization_request; raw.authorization_request_delivered; raw.outer_request_delivered; raw.request_uri_http; raw.request_uri_response_http; raw.presentation_response_http; raw.presentation_response_verifier_http,none,none,submitted mirror cross-checked to 2b223b56be0d0a073ee0cdc9db1d7fd31d9529a1 (2026-08-13); current ASSERTION_REVIEW_BACKLOG.md; current Capture Wallet contract
WS_RP_MS_ProtocolMessages__002,MessageStructure/ProtocolMessages/WS_RP_MS_ProtocolMessages__002.md,3486b2b0cb8a46c16cb2dd86561f5d05df1327d6cd688629872816e9d4754238,"Verify that the Wallet can process a plain RFC9700 Authorization Request where parameters are passed directly as URL-encoded parameters (not as a Request Object, not signed).",1. Wallet-verifier interaction is successfully initiated. 2. Wallet successfully processes the plain RFC9700 Authorization Request and proceeds with the presentation flow.,A,None.,none,yes,yes,authorization_request; raw.authorization_request_delivered; raw.outer_request_delivered; raw.request_uri_http; raw.request_uri_response_http; raw.presentation_response_http; raw.presentation_response_verifier_http,none,none,submitted mirror cross-checked to 2b223b56be0d0a073ee0cdc9db1d7fd31d9529a1 (2026-08-13); current ASSERTION_REVIEW_BACKLOG.md; current Capture Wallet contract
WS_RP_MS_ProtocolMessages__003,MessageStructure/ProtocolMessages/WS_RP_MS_ProtocolMessages__003.md,fd4ffac4cee6dc457f4bfbf5a0de2f9d983df39719f02cc3e45594ae80143278,Verify that the Wallet rejects a Request Object where the typ header parameter equals oauth-authz-req+jwt.,1. Wallet-verifier interaction is successfully initiated. 2. Wallet successfully processes the Authorization Request and proceeds with the presentation flow. Wallet MUST NOT process request objects where the typ does not have the value oauth-authz-req+jwt,A,None.,none,yes,yes,authorization_request; raw.authorization_request_delivered; raw.outer_request_delivered; raw.request_uri_http; raw.request_uri_response_http; raw.presentation_response_http; raw.presentation_response_verifier_http,none,none,submitted mirror cross-checked to 2b223b56be0d0a073ee0cdc9db1d7fd31d9529a1 (2026-08-13); current ASSERTION_REVIEW_BACKLOG.md; current Capture Wallet contract
WS_RP_MS_ProtocolMessages__003_UF,MessageStructure/ProtocolMessages/WS_RP_MS_ProtocolMessages__003_UF.md,d7c2e8b317575216683a620655b5f7521aea63c8fa9ee6f66806cec247f87186,"Verify that the Wallet, when interacting using OpenID4VP, does not process an Authorization Request sent as a Request Object where the `typ` header parameter does not have the value of `oauth-authz-req+jwt` or `application/oauth-authz-req+jwt`.","1. Wallet aborts the presentation interaction, and informs the user on the invalid request, if applicable.",A,None.,none,yes,yes,authorization_request; raw.authorization_request_delivered; raw.outer_request_delivered; raw.request_uri_http; raw.request_uri_response_http; raw.presentation_response_http; raw.presentation_response_verifier_http,none,none,submitted mirror cross-checked to 2b223b56be0d0a073ee0cdc9db1d7fd31d9529a1 (2026-08-13); current ASSERTION_REVIEW_BACKLOG.md; current Capture Wallet contract
WS_RP_MS_ProtocolMessages__004,MessageStructure/ProtocolMessages/WS_RP_MS_ProtocolMessages__004.md,d00b13bb590a5fad7adf057615cf556fadb27ee42c9e65f7b1e34bd85703f922,"Verify that the Wallet, when interacting using OpenID4VP, accepts an Authorization Request sent as a Request Object where the `typ` header parameter has the correct value of `oauth-authz-req+jwt`.",1. Wallet responds with a presentation of 'default_credential_A'.,A,None.,none,yes,yes,authorization_request; raw.authorization_request_delivered; raw.outer_request_delivered; raw.request_uri_http; raw.request_uri_response_http; raw.presentation_response_http; raw.presentation_response_verifier_http,none,none,submitted mirror cross-checked to 2b223b56be0d0a073ee0cdc9db1d7fd31d9529a1 (2026-08-13); current ASSERTION_REVIEW_BACKLOG.md; current Capture Wallet contract
WS_RP_MS_ProtocolMessages__005,MessageStructure/ProtocolMessages/WS_RP_MS_ProtocolMessages__005.md,725a753e48c4cbe8b28eb52f141ffa41d9068ef0be53ea7882a4535c3ecb34c7,"Verify that the Wallet can process an Authorization Request sent as a Request Object by REFERENCE (via request_uri), where the Request Object includes the typ JOSE header parameter with the value oauth-authz-req+jwt.",1. Wallet-verifier interaction is successfully initiated. 2. Wallet receives the Authorization Request and recognizes the request_uri parameter. 3. Wallet successfully fetches the Request Object from the reference URI. 4. Wallet validates the typ header value as oauth-authz-req+jwt and proceeds with the presentation flow.,A,None.,none,yes,yes,authorization_request; raw.authorization_request_delivered; raw.outer_request_delivered; raw.request_uri_http; raw.request_uri_response_http; raw.presentation_response_http; raw.presentation_response_verifier_http,none,none,submitted mirror cross-checked to 2b223b56be0d0a073ee0cdc9db1d7fd31d9529a1 (2026-08-13); current ASSERTION_REVIEW_BACKLOG.md; current Capture Wallet contract
WS_RP_MS_ProtocolMessages__006,MessageStructure/ProtocolMessages/WS_RP_MS_ProtocolMessages__006.md,87a946622ba7162497f1c95541083e25a0acec7b021895660675800c2106dc59,Verify that the Wallet rejects a Request Object where the typ header parameter is missing.,1. Wallet-verifier interaction is successfully initiated. 2. Wallet receives the Authorization Request and recognizes the request_uri parameter. 3. Wallet successfully fetches the Request Object from the reference URI. 4. Wallet does NOT process the request and returns an invalid_request error.,A,None.,none,yes,yes,authorization_request; raw.authorization_request_delivered; raw.outer_request_delivered; raw.request_uri_http; raw.request_uri_response_http; raw.presentation_response_http; raw.presentation_response_verifier_http,none,none,submitted mirror cross-checked to 2b223b56be0d0a073ee0cdc9db1d7fd31d9529a1 (2026-08-13); current ASSERTION_REVIEW_BACKLOG.md; current Capture Wallet contract
WS_RP_MS_ProtocolMessages__007,MessageStructure/ProtocolMessages/WS_RP_MS_ProtocolMessages__007.md,d23dc9f691a8a08c9b5540603937c675cf49112176db8ad3b9f4ff659075a4a5,Verify that the Wallet rejects a Request Object where the typ header parameter does not equal oauth-authz-req+jwt.,1. Wallet-verifier interaction is successfully initiated. 2. Wallet receives the Authorization Request and recognizes the request_uri parameter. 3. Wallet successfully fetches the Request Object from the reference URI. 4. Wallet does NOT process the request and returns an invalid_request error.,A,None.,none,yes,yes,authorization_request; raw.authorization_request_delivered; raw.outer_request_delivered; raw.request_uri_http; raw.request_uri_response_http; raw.presentation_response_http; raw.presentation_response_verifier_http,none,none,submitted mirror cross-checked to 2b223b56be0d0a073ee0cdc9db1d7fd31d9529a1 (2026-08-13); current ASSERTION_REVIEW_BACKLOG.md; current Capture Wallet contract
WS_RP_MS_ProtocolMessages__008,MessageStructure/ProtocolMessages/WS_RP_MS_ProtocolMessages__008.md,26159382db5f2940d21c0fe0d9d0efc05417dc6f5b75709d29201be55f39294f,Verify that the Wallet successfully processes the Authorization Request when client_id is present but iss claim is absent.,1. Wallet-verifier interaction is successfully initiated. 2. Wallet processes the Authorization Request successfully; Verifier is identified by the client_id claim.,A,None.,none,yes,yes,authorization_request; raw.authorization_request_delivered; raw.outer_request_delivered; raw.request_uri_http; raw.request_uri_response_http; raw.presentation_response_http; raw.presentation_response_verifier_http,none,none,submitted mirror cross-checked to 2b223b56be0d0a073ee0cdc9db1d7fd31d9529a1 (2026-08-13); current ASSERTION_REVIEW_BACKLOG.md; current Capture Wallet contract
WS_RP_MS_ProtocolMessages__009,MessageStructure/ProtocolMessages/WS_RP_MS_ProtocolMessages__009.md,ca4c1efdd06253e93565c857fd63b29cb863b2f3c8fa7dc6d513ac69c1e3d956,"Verify that the Wallet successfully processes the Authorization Request when both client_id and iss are present, but their values differ.",1. Wallet-verifier interaction is successfully initiated. 2. Wallet processes the Authorization Request successfully; iss claim is silently ignored; Verifier is identified by the client_id claim only.,A,None.,none,yes,yes,authorization_request; raw.authorization_request_delivered; raw.outer_request_delivered; raw.request_uri_http; raw.request_uri_response_http; raw.presentation_response_http; raw.presentation_response_verifier_http,none,none,submitted mirror cross-checked to 2b223b56be0d0a073ee0cdc9db1d7fd31d9529a1 (2026-08-13); current ASSERTION_REVIEW_BACKLOG.md; current Capture Wallet contract
WS_RP_MS_ProtocolMessages__010,MessageStructure/ProtocolMessages/WS_RP_MS_ProtocolMessages__010.md,8d561bed824aa94e12f87d1297f1c251fe577e2671cf53b8aec782e858fe06d3,Verify that the Wallet does not process the request if client_id is missing from the Request Object.,1. Wallet-verifier interaction is successfully initiated. 2. Wallet rejects the request and returns an invalid_request error indicating missing client_id; presentation flow is not initiated.,A,None.,none,yes,yes,authorization_request; raw.authorization_request_delivered; raw.outer_request_delivered; raw.request_uri_http; raw.request_uri_response_http; raw.presentation_response_http; raw.presentation_response_verifier_http,none,none,submitted mirror cross-checked to 2b223b56be0d0a073ee0cdc9db1d7fd31d9529a1 (2026-08-13); current ASSERTION_REVIEW_BACKLOG.md; current Capture Wallet contract
WS_RP_MS_ProtocolMessages__011,MessageStructure/ProtocolMessages/WS_RP_MS_ProtocolMessages__011.md,e1a6a136ac5ecadcefb499cdee6a808ccb86e48fd31f597fc662c73f68e171a7,Test that wallet continues with JAR when it receives a request_uri_method with the value post but does not support this feature.,1. Wallet-verifier interaction is successfully initiated. 2. Authorization Request is processed by the Wallet. 3. Wallet falls back to JAR processing [RFC9101] using HTTP GET and continues with the flow.,D,Reference Wallet or environment must provide the source-required execution capability.,7,partial,no,authorization_request; raw.authorization_request_delivered; raw.outer_request_delivered; raw.request_uri_http; raw.request_uri_response_http; raw.presentation_response_http; raw.presentation_response_verifier_http,"The required Wallet profile, invocation path, device condition, or transport limit is unavailable.",reference Wallet / environment,submitted mirror cross-checked to 2b223b56be0d0a073ee0cdc9db1d7fd31d9529a1 (2026-08-13); current ASSERTION_REVIEW_BACKLOG.md; current Capture Wallet contract
WS_RP_MS_ProtocolMessages__012,MessageStructure/ProtocolMessages/WS_RP_MS_ProtocolMessages__012.md,6f1889b4fc3748cda59c5b607002e605ca839f0ef9817cc5867a0c993e058326,Verify that the Wallet successfully evaluates a valid dcql_query that matches exactly one credential and proceeds with the presentation flow.,1. Wallet-verifier interaction is successfully initiated. 2. Wallet receives and parses the Authorization Request successfully. 3. Wallet selects the single matching credential and proceeds with the presentation flow.,A,None.,none,yes,yes,authorization_request; raw.authorization_request_delivered; raw.outer_request_delivered; raw.request_uri_http; raw.request_uri_response_http; raw.presentation_response_http; raw.presentation_response_verifier_http,none,none,submitted mirror cross-checked to 2b223b56be0d0a073ee0cdc9db1d7fd31d9529a1 (2026-08-13); current ASSERTION_REVIEW_BACKLOG.md; current Capture Wallet contract
WS_RP_MS_ProtocolMessages__013,MessageStructure/ProtocolMessages/WS_RP_MS_ProtocolMessages__013.md,dc008ed1ea0f69673c06975036c691ff37aed544a17d0432dc2385f88f71a576,Verify that the Wallet successfully evaluates a valid dcql_query that matches multiple credentials and presents the user with all candidate credentials for selection.,1. Wallet-verifier interaction is successfully initiated. 2. Wallet receives and parses the Authorization Request successfully. 3. Wallet presents the user with all matching credentials for selection; presentation flow proceeds after user selection.,A,None.,none,yes,yes,authorization_request; raw.authorization_request_delivered; raw.outer_request_delivered; raw.request_uri_http; raw.request_uri_response_http; raw.presentation_response_http; raw.presentation_response_verifier_http,none,none,submitted mirror cross-checked to 2b223b56be0d0a073ee0cdc9db1d7fd31d9529a1 (2026-08-13); current ASSERTION_REVIEW_BACKLOG.md; current Capture Wallet contract
WS_RP_MS_ProtocolMessages__014,MessageStructure/ProtocolMessages/WS_RP_MS_ProtocolMessages__014.md,88efc68a767ce5eecbdcd752ee83fd3ca30974c23f0eeff639a374b1aa7953cf,Verify that the Wallet returns an error and does not initiate the presentation flow when no credential satisfies the dcql_query.,1. Wallet-verifier interaction is successfully initiated. 2. Wallet receives and parses the Authorization Request successfully. 3. Wallet informs the user that no suitable credential is available and returns an access_denied error to the Verifier; presentation flow is not initiated.,A,None.,none,yes,yes,authorization_request; raw.authorization_request_delivered; raw.outer_request_delivered; raw.request_uri_http; raw.request_uri_response_http; raw.presentation_response_http; raw.presentation_response_verifier_http,none,none,submitted mirror cross-checked to 2b223b56be0d0a073ee0cdc9db1d7fd31d9529a1 (2026-08-13); current ASSERTION_REVIEW_BACKLOG.md; current Capture Wallet contract
WS_RP_MS_ProtocolMessages__015,MessageStructure/ProtocolMessages/WS_RP_MS_ProtocolMessages__015.md,5419cbe9d84d58ef8008842564e05b53f33a6381d8a0fef6b83a7abd215b061b,Verify that the Wallet rejects the Authorization Request and returns an error when the dcql_query is malformed.,1. Wallet-verifier interaction is successfully initiated. 2. Wallet receives the Authorization Request. 3. Wallet rejects the Authorization Request and returns an invalid_request error; no credential is presented.,A,None.,none,yes,yes,authorization_request; raw.authorization_request_delivered; raw.outer_request_delivered; raw.request_uri_http; raw.request_uri_response_http; raw.presentation_response_http; raw.presentation_response_verifier_http,none,none,submitted mirror cross-checked to 2b223b56be0d0a073ee0cdc9db1d7fd31d9529a1 (2026-08-13); current ASSERTION_REVIEW_BACKLOG.md; current Capture Wallet contract
WS_RP_MS_ProtocolMessages__016,MessageStructure/ProtocolMessages/WS_RP_MS_ProtocolMessages__016.md,1362133c85fbdf348ea229595b712127c0bd7e222fc64f75d0d1c172c399ed82,Verify that the Wallet ignores unrecognized parameters in the Authorization Request.,1. Wallet-verifier interaction is successfully initiated. 2. Wallet ignores all unrecognized parameters and proceeds with the presentation flow as if those parameters were absent. No error is returned.,A,None.,none,yes,yes,authorization_request; raw.authorization_request_delivered; raw.outer_request_delivered; raw.request_uri_http; raw.request_uri_response_http; raw.presentation_response_http; raw.presentation_response_verifier_http,none,none,submitted mirror cross-checked to 2b223b56be0d0a073ee0cdc9db1d7fd31d9529a1 (2026-08-13); current ASSERTION_REVIEW_BACKLOG.md; current Capture Wallet contract
WS_RP_MS_ProtocolMessages__017,MessageStructure/ProtocolMessages/WS_RP_MS_ProtocolMessages__017.md,840e99cc0c03d15108062ebc68e186f7546604ddd7121214c762e965f30026d2,Verify that the Wallet rejects an Authorization Request that contains the transaction_data parameter when the wallet does not support this parameter.,1. Wallet-verifier interaction is successfully initiated. 2. Wallet MUST reject the Authorization Request and return an invalid_transaction_data error; the presentation flow is NOT initiated.,D,Wallet must support the source-required transaction-data type or hash profile.,6.2,partial,no,authorization_request; raw.authorization_request_delivered; raw.outer_request_delivered; raw.request_uri_http; raw.request_uri_response_http; raw.presentation_response_http; raw.presentation_response_verifier_http,No reference-Wallet-supported transaction-data type is known.,reference Wallet / profile,submitted mirror cross-checked to 2b223b56be0d0a073ee0cdc9db1d7fd31d9529a1 (2026-08-13); current ASSERTION_REVIEW_BACKLOG.md; current Capture Wallet contract
WS_RP_MS_ProtocolMessages__018,MessageStructure/ProtocolMessages/WS_RP_MS_ProtocolMessages__018.md,ac1b3d112d768c223507e8a659000aa09e2e1a9a2050446195386051c5899023,Verify that the Wallet accepts an Authorization Request that contains the transaction_data parameter when the wallet does support this parameter.,1. Wallet-verifier interaction is successfully initiated. 2. Wallet processes transaction_data correctly and proceeds with the presentation flow.,D,Wallet must support the source-required transaction-data type or hash profile.,6.2,partial,no,authorization_request; raw.authorization_request_delivered; raw.outer_request_delivered; raw.request_uri_http; raw.request_uri_response_http; raw.presentation_response_http; raw.presentation_response_verifier_http,No reference-Wallet-supported transaction-data type is known.,reference Wallet / profile,submitted mirror cross-checked to 2b223b56be0d0a073ee0cdc9db1d7fd31d9529a1 (2026-08-13); current ASSERTION_REVIEW_BACKLOG.md; current Capture Wallet contract
WS_RP_MS_ProtocolMessages__019,MessageStructure/ProtocolMessages/WS_RP_MS_ProtocolMessages__019.md,b25bc19b5ed2a536143969da9b9a360b3f2c3924a2dd165806986bf6356b9879,"Verify that the Wallet processes an Authorization Request containing either a dcql_query parameter, or a scope parameter representing a DCQL Query.",1. Wallet-verifier interaction is successfully initiated. 2. Wallet processes the Authorization Request successfully using the dcql_query.,A,None.,none,yes,yes,authorization_request; raw.authorization_request_delivered; raw.outer_request_delivered; raw.request_uri_http; raw.request_uri_response_http; raw.presentation_response_http; raw.presentation_response_verifier_http,none,none,submitted mirror cross-checked to 2b223b56be0d0a073ee0cdc9db1d7fd31d9529a1 (2026-08-13); current ASSERTION_REVIEW_BACKLOG.md; current Capture Wallet contract
WS_RP_MS_ProtocolMessages__020,MessageStructure/ProtocolMessages/WS_RP_MS_ProtocolMessages__020.md,aea09de885f2fd39691fad5a3d88b3c2c2a0ba1808d02fe1acdf708308a276cc,"Verify that the Wallet processes an Authorization Request containing either a dcql_query parameter, or ascope parameter representing a DCQL Query.",1. Wallet-verifier interaction is successfully initiated. 2. Wallet processes the Authorization Request successfully using the scope parameter.,D,Wallet must resolve a defined scope to its DCQL query.,6.1,partial,no,authorization_request; raw.authorization_request_delivered; raw.outer_request_delivered; raw.request_uri_http; raw.request_uri_response_http; raw.presentation_response_http; raw.presentation_response_verifier_http,No mutually supported scope-to-DCQL mapping is defined.,reference Wallet / profile,submitted mirror cross-checked to 2b223b56be0d0a073ee0cdc9db1d7fd31d9529a1 (2026-08-13); current ASSERTION_REVIEW_BACKLOG.md; current Capture Wallet contract
WS_RP_MS_ProtocolMessages__021,MessageStructure/ProtocolMessages/WS_RP_MS_ProtocolMessages__021.md,ed8b599f205cfc3543095dc01c43c1cea2c74a4d33e9c6f0e6fb05909b2ccc8f,Verify that the Wallet rejects an Authorization Request containing both a dcql_query and a scope parameter simultaneously.,1. Wallet-verifier interaction is successfully initiated. 2. Wallet rejects the Authorization Request and returns an invalid_request error; presentation flow is not initiated.,A,None.,none,yes,yes,authorization_request; raw.authorization_request_delivered; raw.outer_request_delivered; raw.request_uri_http; raw.request_uri_response_http; raw.presentation_response_http; raw.presentation_response_verifier_http,none,none,submitted mirror cross-checked to 2b223b56be0d0a073ee0cdc9db1d7fd31d9529a1 (2026-08-13); current ASSERTION_REVIEW_BACKLOG.md; current Capture Wallet contract
WS_RP_MS_ProtocolMessages__022,MessageStructure/ProtocolMessages/WS_RP_MS_ProtocolMessages__022.md,fd0a707fda6b2fa39375165fb2b21a625f327985add87251fa50a95b4563a94c,"Verify that when the Authorization Request contains a request_uri parameter and request_uri_method = ""get"", the Wallet retrieves the Request Object using HTTP GET as defined in RFC9101.","1. Wallet-verifier interaction is successfully initiated. 2. Request parsed successfully. 3. Wallet sends an HTTP GET to the request_uri, retrieves the Request Object, and processes the Authorization Request successfully.",A,None.,none,yes,yes,authorization_request; raw.authorization_request_delivered; raw.outer_request_delivered; raw.request_uri_http; raw.request_uri_response_http; raw.presentation_response_http; raw.presentation_response_verifier_http,none,none,submitted mirror cross-checked to 2b223b56be0d0a073ee0cdc9db1d7fd31d9529a1 (2026-08-13); current ASSERTION_REVIEW_BACKLOG.md; current Capture Wallet contract
WS_RP_MS_ProtocolMessages__023,MessageStructure/ProtocolMessages/WS_RP_MS_ProtocolMessages__023.md,12d8797233e2ca85bf983767ac051c3670a15d69a89ffd2808758b2c26975e9a,"Verify that when the Authorization Request contains a request_uri parameter and request_uri_method = ""post"", a Wallet that supports POST retrieves the Request Object using HTTP POST as defined in OID4VP Section 5.10.","1. Wallet-verifier interaction is successfully initiated. 2. Request parsed successfully. 3. Wallet sends an HTTP POST to the request_uri, retrieves the Request Object, and processes the Authorization Request successfully.",A,None.,none,yes,yes,authorization_request; raw.authorization_request_delivered; raw.outer_request_delivered; raw.request_uri_http; raw.request_uri_response_http; raw.presentation_response_http; raw.presentation_response_verifier_http,none,none,submitted mirror cross-checked to 2b223b56be0d0a073ee0cdc9db1d7fd31d9529a1 (2026-08-13); current ASSERTION_REVIEW_BACKLOG.md; current Capture Wallet contract
WS_RP_MS_ProtocolMessages__024,MessageStructure/ProtocolMessages/WS_RP_MS_ProtocolMessages__024.md,2385787398aa2e8dea84bde9a7f7ad666401d47d4ccbf717edabf076b68a7cbf,Test that the Wallet returns an error if a request contains even one unrecognized transaction data type or transaction data not conforming to the respective type definition.,1. Wallet-verifier interaction is successfully initiated. 2. Wallet returns an invalid_transaction_data error due to the unrecognized transaction data type; presentation flow is not initiated.,A,None.,none,yes,yes,authorization_request; raw.authorization_request_delivered; raw.outer_request_delivered; raw.request_uri_http; raw.request_uri_response_http; raw.presentation_response_http; raw.presentation_response_verifier_http,none,none,submitted mirror cross-checked to 2b223b56be0d0a073ee0cdc9db1d7fd31d9529a1 (2026-08-13); current ASSERTION_REVIEW_BACKLOG.md; current Capture Wallet contract
WS_RP_MS_ProtocolMessages__025,MessageStructure/ProtocolMessages/WS_RP_MS_ProtocolMessages__025.md,cd5fac0bd2d03544c4cec0277691f9bb2c4bddefca9ce559b3f95b8be7a87125,Verify that the Wallet returns an invalid_transaction_data error when the type field inside a transaction_data object is not a string.,1. Wallet-verifier interaction is successfully initiated. 2. Wallet returns an invalid_transaction_data error; presentation flow is not initiated.,A,None.,none,yes,yes,authorization_request; raw.authorization_request_delivered; raw.outer_request_delivered; raw.request_uri_http; raw.request_uri_response_http; raw.presentation_response_http; raw.presentation_response_verifier_http,none,none,submitted mirror cross-checked to 2b223b56be0d0a073ee0cdc9db1d7fd31d9529a1 (2026-08-13); current ASSERTION_REVIEW_BACKLOG.md; current Capture Wallet contract
WS_RP_MS_ProtocolMessages__026,MessageStructure/ProtocolMessages/WS_RP_MS_ProtocolMessages__026.md,07a70c7d51d2cd2d9e08206e9013215b7310347939d3cbed2851dc5490a289e4,Verify that the Wallet returns an invalid_transaction_data error when the credential_ids field inside a transaction_data object is not a non-empty array of strings.,1. Wallet-verifier interaction is successfully initiated. 2. Wallet returns an invalid_transaction_data error; presentation flow is not initiated.,A,None.,none,yes,yes,authorization_request; raw.authorization_request_delivered; raw.outer_request_delivered; raw.request_uri_http; raw.request_uri_response_http; raw.presentation_response_http; raw.presentation_response_verifier_http,none,none,submitted mirror cross-checked to 2b223b56be0d0a073ee0cdc9db1d7fd31d9529a1 (2026-08-13); current ASSERTION_REVIEW_BACKLOG.md; current Capture Wallet contract
WS_RP_MS_ProtocolMessages__027,MessageStructure/ProtocolMessages/WS_RP_MS_ProtocolMessages__027.md,a1e873b8e7b059b22848e074a27913d83a87b84fd82705f1bd979f5853502f1d,Verify that the Wallet returns an invalid_transaction_data error when a string in the credential_ids array inside a transaction_data object does NOT match any id in the DCQL Credential Query.,1. Wallet-verifier interaction is successfully initiated. 2. Wallet successfully receives and parses the Authorization Request. 3. Wallet returns an invalid_transaction_data error; presentation flow is not initiated.,A,None.,none,yes,yes,authorization_request; raw.authorization_request_delivered; raw.outer_request_delivered; raw.request_uri_http; raw.request_uri_response_http; raw.presentation_response_http; raw.presentation_response_verifier_http,none,none,submitted mirror cross-checked to 2b223b56be0d0a073ee0cdc9db1d7fd31d9529a1 (2026-08-13); current ASSERTION_REVIEW_BACKLOG.md; current Capture Wallet contract
WS_RP_MS_ProtocolMessages__028,MessageStructure/ProtocolMessages/WS_RP_MS_ProtocolMessages__028.md,3637a92bc9e6ee017d56b23757500bf9cffc60f9a83534b9e65b1c11a6786e33,Verify that the Wallet successfully processes a transaction_data object when every string in the credential_ids array matches an id in the DCQL Credential Query.,1. Wallet-verifier interaction is successfully initiated. 2. Wallet successfully receives and parses the Authorization Request. 3. Wallet validates that all credential_ids reference valid dcql_query ids and proceeds with the presentation flow using only the referenced Credentials for transaction authorization.,A,None.,none,yes,yes,authorization_request; raw.authorization_request_delivered; raw.outer_request_delivered; raw.request_uri_http; raw.request_uri_response_http; raw.presentation_response_http; raw.presentation_response_verifier_http,none,none,submitted mirror cross-checked to 2b223b56be0d0a073ee0cdc9db1d7fd31d9529a1 (2026-08-13); current ASSERTION_REVIEW_BACKLOG.md; current Capture Wallet contract
WS_RP_MS_ProtocolMessages__029,MessageStructure/ProtocolMessages/WS_RP_MS_ProtocolMessages__029.md,a728ffa13b46700f9b5bbeff7b34df81a9c36b58cc080d4da84e4bbd6cea39ba,"Verify that when a verifier_info attestation omits the credential_ids field, the Wallet applies the attestation to all Credentials requested in the DCQL query.",1. Wallet-verifier interaction is successfully initiated. 2. Wallet successfully receives and parses the Authorization Request. 3. Wallet applies the attestation to all Credentials requested in the dcql_query; presentation flow proceeds.,A,None.,none,yes,yes,authorization_request; raw.authorization_request_delivered; raw.outer_request_delivered; raw.request_uri_http; raw.request_uri_response_http; raw.presentation_response_http; raw.presentation_response_verifier_http,none,none,submitted mirror cross-checked to 2b223b56be0d0a073ee0cdc9db1d7fd31d9529a1 (2026-08-13); current ASSERTION_REVIEW_BACKLOG.md; current Capture Wallet contract
WS_RP_MS_ProtocolMessages__030,MessageStructure/ProtocolMessages/WS_RP_MS_ProtocolMessages__030.md,8b466b69ce2a3837de81343435d3de84e7045996bf2f6c4328b196553baa67af,"Verify that when the Wallet supports scope-based Presentation requests and receives an Authorization Request containing a scope value it does not recognize, it rejects the request with an appropriate error.",1. Wallet-verifier interaction is successfully initiated. 2. Wallet successfully receives and parses the Authorization Request. 3. Wallet rejects the Authorization Request and returns an invalid_scope error; presentation flow is not initiated.,A,None.,none,yes,yes,authorization_request; raw.authorization_request_delivered; raw.outer_request_delivered; raw.request_uri_http; raw.request_uri_response_http; raw.presentation_response_http; raw.presentation_response_verifier_http,none,none,submitted mirror cross-checked to 2b223b56be0d0a073ee0cdc9db1d7fd31d9529a1 (2026-08-13); current ASSERTION_REVIEW_BACKLOG.md; current Capture Wallet contract
WS_RP_MS_ProtocolMessages__031,MessageStructure/ProtocolMessages/WS_RP_MS_ProtocolMessages__031.md,6f68fedceb03592cb7cb1a78f0895ef2f6da3163fbbef33809e56a8a56db5812,"Verify that when the Wallet receives an Authorization Request containing a state parameter with a valid ASCII URL-safe value, it processes the request and returns the state unchanged in the Authorization Response.",1. Wallet-verifier interaction is successfully initiated. 2. Wallet successfully parses the Authorization Request. 3. Wallet processes the request and returns the state parameter unchanged in the Authorization Response.,A,None.,none,yes,yes,authorization_request; raw.authorization_request_delivered; raw.outer_request_delivered; raw.request_uri_http; raw.request_uri_response_http; raw.presentation_response_http; raw.presentation_response_verifier_http,none,none,submitted mirror cross-checked to 2b223b56be0d0a073ee0cdc9db1d7fd31d9529a1 (2026-08-13); current ASSERTION_REVIEW_BACKLOG.md; current Capture Wallet contract
WS_RP_MS_ProtocolMessages__032,MessageStructure/ProtocolMessages/WS_RP_MS_ProtocolMessages__032.md,e2d0a9696613d50e2a1d5cd2e4fafe3b242f6912fc1d75e6a742a56fcf864843,"Verify that when the Wallet receives an Authorization Request without a state parameter, it processes the request successfully without returning a state in the Authorization Response.",1. Wallet-verifier interaction is successfully initiated. 2. Wallet successfully parses the Authorization Request. 3. Wallet processes the request successfully without returning a state in the Authorization Response.,A,None.,none,yes,yes,authorization_request; raw.authorization_request_delivered; raw.outer_request_delivered; raw.request_uri_http; raw.request_uri_response_http; raw.presentation_response_http; raw.presentation_response_verifier_http,none,none,submitted mirror cross-checked to 2b223b56be0d0a073ee0cdc9db1d7fd31d9529a1 (2026-08-13); current ASSERTION_REVIEW_BACKLOG.md; current Capture Wallet contract
WS_RP_MS_ProtocolMessages__033,MessageStructure/ProtocolMessages/WS_RP_MS_ProtocolMessages__033.md,a370951547919515a9ba06c5aa6191192145cf308d4b409a7f968edad45f9be9,"Verify that when the Wallet receives an Authorization Request containing a state parameter whose value is not a valid ASCII URL-safe string (e.g. a non-string type or contains disallowed characters), it rejects the request.",1. Wallet-verifier interaction is successfully initiated. 2. Wallet successfully parses the Authorization Request. 3. Wallet rejects the Authorization Request and returns an invalid_request error; presentation flow is not initiated.,A,None.,none,yes,yes,authorization_request; raw.authorization_request_delivered; raw.outer_request_delivered; raw.request_uri_http; raw.request_uri_response_http; raw.presentation_response_http; raw.presentation_response_verifier_http,none,none,submitted mirror cross-checked to 2b223b56be0d0a073ee0cdc9db1d7fd31d9529a1 (2026-08-13); current ASSERTION_REVIEW_BACKLOG.md; current Capture Wallet contract
WS_RP_MS_ProtocolMessages__034,MessageStructure/ProtocolMessages/WS_RP_MS_ProtocolMessages__034.md,52c4474af5d34fb879bb6ee2549edc68ec3c2baa581f8477e4a752cacf738d9b,"Verify that when the Wallet receives an Authorization Request under the conditions of Section 5.3 (i.e. require_cryptographic_holder_binding = false) without a state parameter, it rejects the request.",1. Wallet-verifier interaction is successfully initiated. 2. Wallet successfully parses the Authorization Request. 3. Wallet rejects the Authorization Request and returns an invalid_request error; presentation flow is not initiated.,A,None.,none,yes,yes,authorization_request; raw.authorization_request_delivered; raw.outer_request_delivered; raw.request_uri_http; raw.request_uri_response_http; raw.presentation_response_http; raw.presentation_response_verifier_http,none,none,submitted mirror cross-checked to 2b223b56be0d0a073ee0cdc9db1d7fd31d9529a1 (2026-08-13); current ASSERTION_REVIEW_BACKLOG.md; current Capture Wallet contract
WS_RP_MS_ProtocolMessages__035,MessageStructure/ProtocolMessages/WS_RP_MS_ProtocolMessages__035.md,65d782463d33fc1e15b862e36d50b4f8c50c67c1c6dca63949be3550c11a61c0,Verify that the Wallet accepts vp_token as a valid response_type value in an Authorization Request and does not reject the request.,1. Wallet-verifier interaction is successfully initiated. 2. Wallet successfully receives the Authorization Request. 3. Wallet accepts the response_type value and proceeds with the presentation flow without rejecting the request.,A,None.,none,yes,yes,authorization_request; raw.authorization_request_delivered; raw.outer_request_delivered; raw.request_uri_http; raw.request_uri_response_http; raw.presentation_response_http; raw.presentation_response_verifier_http,none,none,submitted mirror cross-checked to 2b223b56be0d0a073ee0cdc9db1d7fd31d9529a1 (2026-08-13); current ASSERTION_REVIEW_BACKLOG.md; current Capture Wallet contract
WS_RP_MS_ProtocolMessages__036,MessageStructure/ProtocolMessages/WS_RP_MS_ProtocolMessages__036.md,344854f0dce7c5fc1da994122864c36b0f40c8a244bf47663190236c2091f950,"Test that when wallet receives a `response_type` of `vp_token` in an Authorization Request, that a successful response includes the `vp_token` parameter.",1. Wallet-verifier interaction is successfully initiated. 2. Wallet successfully receives the Authorization Request. 3. Wallet successfully parses and validates the Authorization Request. 4. Wallet identifies and selects a matching credential. 5. Wallet returns a successful Authorization Response that includes the vp_token parameter.,A,None.,none,yes,yes,authorization_request; raw.authorization_request_delivered; raw.outer_request_delivered; raw.request_uri_http; raw.request_uri_response_http; raw.presentation_response_http; raw.presentation_response_verifier_http,none,none,submitted mirror cross-checked to 2b223b56be0d0a073ee0cdc9db1d7fd31d9529a1 (2026-08-13); current ASSERTION_REVIEW_BACKLOG.md; current Capture Wallet contract
WS_RP_MS_ProtocolMessages__037,MessageStructure/ProtocolMessages/WS_RP_MS_ProtocolMessages__037.md,5a5c29250f51afa2c70e7c5aa8c361e4ee51d91e21b91c194d41486219b28023,"Test that when wallet receives a response_type of ""vp_token"" in an Authorization Request, the Wallet does NOT contain an OAuth 2.0 Authorization Code, Access Token, or Access Token Type in a successful response to the grant request.","1. Wallet-verifier interaction is successfully initiated. 2. Wallet successfully receives the Authorization Request. 3. Wallet successfully parses and validates the Authorization Request. 4. Wallet identifies and selects a matching credential from those referenced by the dcql_query. 5. Wallet returns a successful Authorization Response to the grant request. 6. The Authorization Response does NOT contain an OAuth 2.0 Authorization Code (code), Access Token (access_token), or Access Token Type (token_type) parameter.",A,None.,none,yes,yes,authorization_request; raw.authorization_request_delivered; raw.outer_request_delivered; raw.request_uri_http; raw.request_uri_response_http; raw.presentation_response_http; raw.presentation_response_verifier_http,none,none,submitted mirror cross-checked to 2b223b56be0d0a073ee0cdc9db1d7fd31d9529a1 (2026-08-13); current ASSERTION_REVIEW_BACKLOG.md; current Capture Wallet contract
WS_RP_MS_ProtocolMessages__038,MessageStructure/ProtocolMessages/WS_RP_MS_ProtocolMessages__038.md,918b41a5e04dce9e0cbc77882df47a402bf90e18f38f23833fac5b59d296c821,"Verify that when the Wallet receives an Authorization Request using the redirect_uri Client Identifier Prefix with a valid HTTPS URI, the Wallet recognizes the prefix, uses the embedded URI as the redirect/response target, and processes the request.","1. Wallet-verifier interaction is successfully initiated. 2. Wallet successfully receives the Authorization Request. 3. Wallet successfully parses the Authorization Request. 4. Wallet recognizes the redirect_uri: prefix, uses the embedded URI as the redirect/response target, and processes the request successfully.",A,None.,none,yes,yes,authorization_request; raw.authorization_request_delivered; raw.outer_request_delivered; raw.request_uri_http; raw.request_uri_response_http; raw.presentation_response_http; raw.presentation_response_verifier_http,none,none,submitted mirror cross-checked to 2b223b56be0d0a073ee0cdc9db1d7fd31d9529a1 (2026-08-13); current ASSERTION_REVIEW_BACKLOG.md; current Capture Wallet contract
WS_RP_MS_ProtocolMessages__039,MessageStructure/ProtocolMessages/WS_RP_MS_ProtocolMessages__039.md,3a072ff0b596402034516530ae9affc62f2e4523a67116bb559a6051b7a6daa1,"Verify that when the Wallet receives an Authorization Request using the redirect_uri Client Identifier Prefix where the embedded URI is not a valid HTTPS URL, the Wallet rejects the request and returns an invalid_request error.",1. Wallet-verifier interaction is successfully initiated. 2. Wallet successfully receives the Authorization Request. 3. Wallet successfully parses the Authorization Request. 4. Wallet rejects the Authorization Request and returns an invalid_request error due to the invalid redirect URI; presentation flow is not initiated.,A,None.,none,yes,yes,authorization_request; raw.authorization_request_delivered; raw.outer_request_delivered; raw.request_uri_http; raw.request_uri_response_http; raw.presentation_response_http; raw.presentation_response_verifier_http,none,none,submitted mirror cross-checked to 2b223b56be0d0a073ee0cdc9db1d7fd31d9529a1 (2026-08-13); current ASSERTION_REVIEW_BACKLOG.md; current Capture Wallet contract
WS_RP_MS_ProtocolMessages__040,MessageStructure/ProtocolMessages/WS_RP_MS_ProtocolMessages__040.md,bfa53dd748cca8245ed9cf855cdd70b02cc17d35e0a5e149ece218fbfe759143,"Verify that when the Verifier uses the redirect_uri Client Identifier Prefix and omits the redirect_uri Authorization Request parameter, the Wallet derives the redirect target from the Client Identifier and processes the request successfully.",1. Wallet-verifier interaction is successfully initiated. 2. Wallet successfully receives the Authorization Request. 3. Wallet successfully parses the Authorization Request. 4. Wallet derives the redirect URI from the Client Identifier and processes the request successfully.,A,None.,none,yes,yes,authorization_request; raw.authorization_request_delivered; raw.outer_request_delivered; raw.request_uri_http; raw.request_uri_response_http; raw.presentation_response_http; raw.presentation_response_verifier_http,none,none,submitted mirror cross-checked to 2b223b56be0d0a073ee0cdc9db1d7fd31d9529a1 (2026-08-13); current ASSERTION_REVIEW_BACKLOG.md; current Capture Wallet contract
WS_RP_MS_ProtocolMessages__041,MessageStructure/ProtocolMessages/WS_RP_MS_ProtocolMessages__041.md,80d15e73ad2c6d5caf7685b465597e628788762962e710db214bbf4b87a319a6,"Verify that when the Verifier uses the redirect_uri Client Identifier Prefix with response_mode = direct_post.jwt and omits the response_uri Authorization Request parameter, the Wallet derives the response target from the Client Identifier and processes the request successfully.",1. Wallet-verifier interaction is successfully initiated. 2. Wallet successfully receives the Authorization Request. 3. Wallet successfully parses the Authorization Request. 4. Wallet derives the response URI from the Client Identifier and processes the request successfully.,A,None.,none,yes,yes,authorization_request; raw.authorization_request_delivered; raw.outer_request_delivered; raw.request_uri_http; raw.request_uri_response_http; raw.presentation_response_http; raw.presentation_response_verifier_http,none,none,submitted mirror cross-checked to 2b223b56be0d0a073ee0cdc9db1d7fd31d9529a1 (2026-08-13); current ASSERTION_REVIEW_BACKLOG.md; current Capture Wallet contract
WS_RP_MS_ProtocolMessages__042,MessageStructure/ProtocolMessages/WS_RP_MS_ProtocolMessages__042.md,76dc08efe9340450b20b6dceb1ac938085fe5b11dc2851b70c35b04bed7870d5,"Verify that when the Wallet sends a request to the Verifier's Request URI Endpoint, it uses HTTP POST over HTTPS with Content-Type application/x-www-form-urlencoded and Accept header application/oauth-authz-req+jwt.","1. Wallet-verifier interaction is successfully initiated. 2. Wallet successfully receives the Authorization Request. 3. Wallet correctly prepares the POST request. 4. Wallet sends an HTTP POST request to the request_uri using HTTPS, with Content-Type: application/x-www-form-urlencoded and Accept: application/oauth-authz-req+jwt.",A,None.,none,yes,yes,authorization_request; raw.authorization_request_delivered; raw.outer_request_delivered; raw.request_uri_http; raw.request_uri_response_http; raw.presentation_response_http; raw.presentation_response_verifier_http,none,none,submitted mirror cross-checked to 2b223b56be0d0a073ee0cdc9db1d7fd31d9529a1 (2026-08-13); current ASSERTION_REVIEW_BACKLOG.md; current Capture Wallet contract
WS_RP_MS_ProtocolMessages__043,MessageStructure/ProtocolMessages/WS_RP_MS_ProtocolMessages__043.md,4e2b32652115376d9edc5203ac57f394e976abd6d8557ce0b6526990c286301b,"Verify that when the Verifier's Request URI Endpoint is only accessible over plain HTTP (not HTTPS), the Wallet refuses to connect or rejects the request due to the non-HTTPS scheme.",1. Wallet-verifier interaction is successfully initiated. 2. Wallet successfully receives the Authorization Request. 3. Wallet detects that the request_uri scheme is not HTTPS. 4. Wallet refuses to connect or rejects the request and returns an invalid_request error due to non-HTTPS scheme; presentation flow is not initiated.,A,None.,none,yes,yes,authorization_request; raw.authorization_request_delivered; raw.outer_request_delivered; raw.request_uri_http; raw.request_uri_response_http; raw.presentation_response_http; raw.presentation_response_verifier_http,none,none,submitted mirror cross-checked to 2b223b56be0d0a073ee0cdc9db1d7fd31d9529a1 (2026-08-13); current ASSERTION_REVIEW_BACKLOG.md; current Capture Wallet contract
WS_RP_MS_ProtocolMessages__044,MessageStructure/ProtocolMessages/WS_RP_MS_ProtocolMessages__044.md,e02cd7767edd699c27ca22cae8070e4f16dcb80b8acda67d3074a99a342751ee,"Verify that when the Wallet sends a POST request to the Verifier's Request URI Endpoint, all names and values in the request body are encoded using UTF-8.",1. Wallet-verifier interaction is successfully initiated. 2. Wallet successfully receives the Authorization Request. 3. Wallet correctly prepares the POST body. 4. All names and values in the POST body are encoded using UTF-8.,A,None.,none,yes,yes,authorization_request; raw.authorization_request_delivered; raw.outer_request_delivered; raw.request_uri_http; raw.request_uri_response_http; raw.presentation_response_http; raw.presentation_response_verifier_http,none,none,submitted mirror cross-checked to 2b223b56be0d0a073ee0cdc9db1d7fd31d9529a1 (2026-08-13); current ASSERTION_REVIEW_BACKLOG.md; current Capture Wallet contract
WS_RP_MS_ProtocolMessages__045,MessageStructure/ProtocolMessages/WS_RP_MS_ProtocolMessages__045.md,701a0c9aaeaef613de4e24143f5c271c1faa9136b82d06abfc8f9121a8fed489,"Verify that when the Wallet sends a POST request to the request_uri endpoint with a wallet_nonce value, the Verifier returns a signed Request Object containing the same wallet_nonce as the wallet_nonce claim, and the Wallet validates the match.",1. Wallet-verifier interaction is successfully initiated. 2. Wallet successfully receives the Authorization Request. 3. wallet_nonce is correctly included in the POST request body. 4. Wallet successfully receives the signed Request Object. 5. Wallet validates the wallet_nonce match and continues processing the request.,A,None.,none,yes,yes,authorization_request; raw.authorization_request_delivered; raw.outer_request_delivered; raw.request_uri_http; raw.request_uri_response_http; raw.presentation_response_http; raw.presentation_response_verifier_http,none,none,submitted mirror cross-checked to 2b223b56be0d0a073ee0cdc9db1d7fd31d9529a1 (2026-08-13); current ASSERTION_REVIEW_BACKLOG.md; current Capture Wallet contract
WS_RP_MS_ProtocolMessages__046,MessageStructure/ProtocolMessages/WS_RP_MS_ProtocolMessages__046.md,d99449eb5ee426f57471aa0634c6b280d193a959d250b60bf5c00b3d9afe0b4a,"Verify that when the Wallet sends a POST request to the request_uri endpoint with a wallet_nonce and the returned Request Object contains a different or missing wallet_nonce claim, the Wallet rejects the Request Object.",1. Wallet-verifier interaction is successfully initiated. 2. Wallet successfully receives the Authorization Request. 3. wallet_nonce is correctly included in the POST request body. 4. Wallet successfully receives the Request Object. 5. Wallet rejects the Request Object and returns an invalid_request error due to wallet_nonce mismatch or absence; presentation flow is not initiated.,A,None.,none,yes,yes,authorization_request; raw.authorization_request_delivered; raw.outer_request_delivered; raw.request_uri_http; raw.request_uri_response_http; raw.presentation_response_http; raw.presentation_response_verifier_http,none,none,submitted mirror cross-checked to 2b223b56be0d0a073ee0cdc9db1d7fd31d9529a1 (2026-08-13); current ASSERTION_REVIEW_BACKLOG.md; current Capture Wallet contract
WS_RP_MS_ProtocolMessages__047,MessageStructure/ProtocolMessages/WS_RP_MS_ProtocolMessages__047.md,d61061f45eac822a345832f8597a1f3d71b1330b3741f78df2ba43eabae5a87b,"Verify that when the Wallet receives the Request URI response, it has Content-Type application/oauth-authz-req+jwt and the body is a signed (optionally encrypted) Request Object conforming to RFC9101.",1. Wallet-verifier interaction is successfully initiated. 2. Wallet successfully receives the Authorization Request. 3. Wallet successfully receives the HTTP response from the request_uri endpoint. 4. HTTP response has Content-Type: application/oauth-authz-req+jwt and the body is a signed (optionally encrypted) Request Object conforming to RFC9101; presentation flow proceeds.,A,None.,none,yes,yes,authorization_request; raw.authorization_request_delivered; raw.outer_request_delivered; raw.request_uri_http; raw.request_uri_response_http; raw.presentation_response_http; raw.presentation_response_verifier_http,none,none,submitted mirror cross-checked to 2b223b56be0d0a073ee0cdc9db1d7fd31d9529a1 (2026-08-13); current ASSERTION_REVIEW_BACKLOG.md; current Capture Wallet contract
WS_RP_MS_ProtocolMessages__048,MessageStructure/ProtocolMessages/WS_RP_MS_ProtocolMessages__048.md,97febb7d1674cfe17678bb50db5e90afd6f7cc9c60475f75a39e7f3e83054728,"Verify that when the Wallet receives a Request URI response with an incorrect Content-Type (not application/oauth-authz-req+jwt), the Wallet rejects or fails to parse the response.",1. Wallet-verifier interaction is successfully initiated. 2. Wallet successfully receives the Authorization Request. 3. Wallet successfully sends the POST request. 4. Wallet receives the response. 5. Wallet rejects or fails to parse the response as a valid Request Object; presentation flow is not initiated.,A,None.,none,yes,yes,authorization_request; raw.authorization_request_delivered; raw.outer_request_delivered; raw.request_uri_http; raw.request_uri_response_http; raw.presentation_response_http; raw.presentation_response_verifier_http,none,none,submitted mirror cross-checked to 2b223b56be0d0a073ee0cdc9db1d7fd31d9529a1 (2026-08-13); current ASSERTION_REVIEW_BACKLOG.md; current Capture Wallet contract
WS_RP_MS_ProtocolMessages__049,MessageStructure/ProtocolMessages/WS_RP_MS_ProtocolMessages__049.md,1774a0307bccdab77e4009533096e6ce6e6b4738c073ec2caaf5d9357c3da491,"Verify that when the Wallet receives an Authorization Request where the same parameter is present both in the query string and in the Request Object with different values, the Wallet uses only the value from the Request Object.",1. Wallet-verifier interaction is successfully initiated. 2. Wallet successfully receives the Authorization Request. 3. Wallet successfully parses both the query string and the Request Object. 4. Wallet uses only the parameter values from the Request Object; the conflicting query parameter value is ignored; presentation flow proceeds.,A,None.,none,yes,yes,authorization_request; raw.authorization_request_delivered; raw.outer_request_delivered; raw.request_uri_http; raw.request_uri_response_http; raw.presentation_response_http; raw.presentation_response_verifier_http,none,none,submitted mirror cross-checked to 2b223b56be0d0a073ee0cdc9db1d7fd31d9529a1 (2026-08-13); current ASSERTION_REVIEW_BACKLOG.md; current Capture Wallet contract
WS_RP_MS_ProtocolMessages__050,MessageStructure/ProtocolMessages/WS_RP_MS_ProtocolMessages__050.md,58a4f7041774c4c3efb29caf5a69f93961338dcb10ceff518e20b23db452dbaf,"Verify that when the Wallet receives an Authorization Request where the client_id in the query parameter and the Request Object client_id claim are identical (including the Client Identifier Prefix), the Wallet processes the request.",1. Wallet-verifier interaction is successfully initiated. 2. Wallet successfully receives the Authorization Request. 3. Wallet successfully parses both sources. 4. Wallet verifies the client_id values match exactly; request is processed; presentation flow proceeds.,A,None.,none,yes,yes,authorization_request; raw.authorization_request_delivered; raw.outer_request_delivered; raw.request_uri_http; raw.request_uri_response_http; raw.presentation_response_http; raw.presentation_response_verifier_http,none,none,submitted mirror cross-checked to 2b223b56be0d0a073ee0cdc9db1d7fd31d9529a1 (2026-08-13); current ASSERTION_REVIEW_BACKLOG.md; current Capture Wallet contract
WS_RP_MS_ProtocolMessages__051,MessageStructure/ProtocolMessages/WS_RP_MS_ProtocolMessages__051.md,de87122ed3d267775e5f59d0d14525d1383d63a25790f836135d72978fc1ddda,"Verify that when the Wallet receives an Authorization Request where the client_id in the query parameter and the Request Object client_id claim differ, the Wallet terminates request processing.",1. Wallet-verifier interaction is successfully initiated. 2. Wallet successfully receives the Authorization Request. 3. Wallet successfully parses both sources. 4. Wallet terminates processing and returns an invalid_request error due to client_id mismatch; presentation flow is not initiated.,A,None.,none,yes,yes,authorization_request; raw.authorization_request_delivered; raw.outer_request_delivered; raw.request_uri_http; raw.request_uri_response_http; raw.presentation_response_http; raw.presentation_response_verifier_http,none,none,submitted mirror cross-checked to 2b223b56be0d0a073ee0cdc9db1d7fd31d9529a1 (2026-08-13); current ASSERTION_REVIEW_BACKLOG.md; current Capture Wallet contract
WS_RP_MS_ProtocolMessages__052,MessageStructure/ProtocolMessages/WS_RP_MS_ProtocolMessages__052.md,75629e105e5e8326d5dca31fdc7af0d8a85fda155a91be0df55decc0386a6aba,"Test the Wallet checks the DCQL query has a valid property ""credentials"" which is a non-empty array, containing valid entries (according to [OID4VP 6.1]).",1. Wallet and Verifier can interact. 2. Wallet receives the request. 3. Wallet responds to request without error,A,None.,none,yes,yes,authorization_request; raw.authorization_request_delivered; raw.outer_request_delivered; raw.request_uri_http; raw.request_uri_response_http; raw.presentation_response_http; raw.presentation_response_verifier_http,none,none,submitted mirror cross-checked to 2b223b56be0d0a073ee0cdc9db1d7fd31d9529a1 (2026-08-13); current ASSERTION_REVIEW_BACKLOG.md; current Capture Wallet contract
WS_RP_MS_ProtocolMessages__053,MessageStructure/ProtocolMessages/WS_RP_MS_ProtocolMessages__053.md,82a85d4d8045dd725b2a31fcb6b31f3253ab37bc90b57f46d62c71973808d821,"Test that if DCQL does not have a valid property ""credentials"", the Wallet rejects the request.","1. Wallet and Verifier can interact. 2. Wallet receives the request. 3. The wallet rejects the request by either: 1. answering with an error with details (`invalid_request`), 2. answering with an error without providing details or, 3. discontinuing the interaction.",A,None.,none,yes,yes,authorization_request; raw.authorization_request_delivered; raw.outer_request_delivered; raw.request_uri_http; raw.request_uri_response_http; raw.presentation_response_http; raw.presentation_response_verifier_http,none,none,submitted mirror cross-checked to 2b223b56be0d0a073ee0cdc9db1d7fd31d9529a1 (2026-08-13); current ASSERTION_REVIEW_BACKLOG.md; current Capture Wallet contract
WS_RP_MS_ProtocolMessages__054,MessageStructure/ProtocolMessages/WS_RP_MS_ProtocolMessages__054.md,9c831641e900e5284e8c0c1ac5e3b28ec009b415f3aeb7c9f325f767e4d165ed,"Test that if DCQL does not contain a property ""credentials"", the Wallet rejects the request.","1. Wallet and Verifier can interact. 2. Wallet receives the request. 3. The wallet rejects the request by either: 1. answering with an error with details (`invalid_request`), 2. answering with an error without providing details or, 3. discontinuing the interaction.",A,None.,none,yes,yes,authorization_request; raw.authorization_request_delivered; raw.outer_request_delivered; raw.request_uri_http; raw.request_uri_response_http; raw.presentation_response_http; raw.presentation_response_verifier_http,none,none,submitted mirror cross-checked to 2b223b56be0d0a073ee0cdc9db1d7fd31d9529a1 (2026-08-13); current ASSERTION_REVIEW_BACKLOG.md; current Capture Wallet contract
WS_RP_MS_ProtocolMessages__055,MessageStructure/ProtocolMessages/WS_RP_MS_ProtocolMessages__055.md,592b61140222bef56dd7b64e65244502856ece4e5b75c4cfc006193a11bb1a95,"Test that if DCQL contains a property ""credentials"" but is empty, the Wallet rejects the request.","1. Wallet and Verifier can interact. 2. Wallet receives the request. 3. The wallet rejects the request by either: 1. answering with an error with details (`invalid_request`), 2. answering with an error without providing details or, 3. discontinuing the interaction.",A,None.,none,yes,yes,authorization_request; raw.authorization_request_delivered; raw.outer_request_delivered; raw.request_uri_http; raw.request_uri_response_http; raw.presentation_response_http; raw.presentation_response_verifier_http,none,none,submitted mirror cross-checked to 2b223b56be0d0a073ee0cdc9db1d7fd31d9529a1 (2026-08-13); current ASSERTION_REVIEW_BACKLOG.md; current Capture Wallet contract
WS_RP_MS_ProtocolMessages__056,MessageStructure/ProtocolMessages/WS_RP_MS_ProtocolMessages__056.md,a1784a33e0b7803c89934884ae5883533f544ccefa5c984e9a9c794452805ed6,"Test that if DCQL contains a property ""credentials"" that is not an array, the Wallet rejects the request.","1. Wallet and Verifier can interact. 2. Wallet receives the request. 3. The wallet rejects the request by either: 1. answering with an error with details (`invalid_request`), 2. answering with an error without providing details or, 3. discontinuing the interaction.",A,None.,none,yes,yes,authorization_request; raw.authorization_request_delivered; raw.outer_request_delivered; raw.request_uri_http; raw.request_uri_response_http; raw.presentation_response_http; raw.presentation_response_verifier_http,none,none,submitted mirror cross-checked to 2b223b56be0d0a073ee0cdc9db1d7fd31d9529a1 (2026-08-13); current ASSERTION_REVIEW_BACKLOG.md; current Capture Wallet contract
WS_RP_MS_ProtocolMessages__057,MessageStructure/ProtocolMessages/WS_RP_MS_ProtocolMessages__057.md,6837060dc6216382edba490a552c90689cb280a93d32295bb4789329cb1c7b2b,"Test when given a valid DCQL query that does not contain the credential_sets property, the Wallet is able to accept it.",1. Wallet and Verifier can interact. 2. Wallet receives the request. 3. Wallet responds to request without error,A,None.,none,yes,yes,authorization_request; raw.authorization_request_delivered; raw.outer_request_delivered; raw.request_uri_http; raw.request_uri_response_http; raw.presentation_response_http; raw.presentation_response_verifier_http,none,none,submitted mirror cross-checked to 2b223b56be0d0a073ee0cdc9db1d7fd31d9529a1 (2026-08-13); current ASSERTION_REVIEW_BACKLOG.md; current Capture Wallet contract
WS_RP_MS_ProtocolMessages__058,MessageStructure/ProtocolMessages/WS_RP_MS_ProtocolMessages__058.md,4648159b82f115e34a8689f56c718799981fce223eced6914da98bf787ec75dc,"Test when credential_sets is present, the Wallet rejects credential_sets if it is an empty array.","1. Wallet and Verifier can interact. 2. Wallet receives the request. 3. The wallet rejects the request by either: 1. answering with an error with details (`invalid_request`), 2. answering with an error without providing details or, 3. discontinuing the interaction.",A,None.,none,yes,yes,authorization_request; raw.authorization_request_delivered; raw.outer_request_delivered; raw.request_uri_http; raw.request_uri_response_http; raw.presentation_response_http; raw.presentation_response_verifier_http,none,none,submitted mirror cross-checked to 2b223b56be0d0a073ee0cdc9db1d7fd31d9529a1 (2026-08-13); current ASSERTION_REVIEW_BACKLOG.md; current Capture Wallet contract
WS_RP_MS_ProtocolMessages__059,MessageStructure/ProtocolMessages/WS_RP_MS_ProtocolMessages__059.md,c272fa2a43c1e51347eea967aa4f6e1679101da6e0a5bea5ece63f7f6ff7bb48,Test that the Wallet ignores unknown properties at the top level of a DCQL-query.,"1. Wallet and Verifier can interact. 2. Wallet receives the request. 3. Wallet responds to request without error, the Wallet should not change its behavior in any way due to the unknown property.",A,None.,none,yes,yes,authorization_request; raw.authorization_request_delivered; raw.outer_request_delivered; raw.request_uri_http; raw.request_uri_response_http; raw.presentation_response_http; raw.presentation_response_verifier_http,none,none,submitted mirror cross-checked to 2b223b56be0d0a073ee0cdc9db1d7fd31d9529a1 (2026-08-13); current ASSERTION_REVIEW_BACKLOG.md; current Capture Wallet contract
WS_RP_MS_ProtocolMessages__060,MessageStructure/ProtocolMessages/WS_RP_MS_ProtocolMessages__060.md,12d85cef32fe5b1ee54abd24c76e6616ce257252546df0788e5609d29f8dbb65,Test that the Wallet ignores unknown properties in the structure (non-top-level) of the DCQL-query.,"1. Wallet and Verifier can interact. 2. Wallet receives the request. 3. Wallet responds to request without error, the Wallet should not change its behavior in any way due to the unknown property.",A,None.,none,yes,yes,authorization_request; raw.authorization_request_delivered; raw.outer_request_delivered; raw.request_uri_http; raw.request_uri_response_http; raw.presentation_response_http; raw.presentation_response_verifier_http,none,none,submitted mirror cross-checked to 2b223b56be0d0a073ee0cdc9db1d7fd31d9529a1 (2026-08-13); current ASSERTION_REVIEW_BACKLOG.md; current Capture Wallet contract
WS_RP_MS_ProtocolMessages__061,MessageStructure/ProtocolMessages/WS_RP_MS_ProtocolMessages__061.md,f5cecec8e015933d2f95ad0d1529741baeac0471a5e166f05f2f6a4a8fbb8375,"Test the Wallet rejects DCQL-query with credentials object without property ""id""","1. Wallet and Verifier can interact. 2. Wallet receives the request. 3. Wallet rejects the request by either: 1. answering with an error with details (`invalid_request`), 2. answering with an error without providing details or, 3. discontinuing the interaction.",A,None.,none,yes,yes,authorization_request; raw.authorization_request_delivered; raw.outer_request_delivered; raw.request_uri_http; raw.request_uri_response_http; raw.presentation_response_http; raw.presentation_response_verifier_http,none,none,submitted mirror cross-checked to 2b223b56be0d0a073ee0cdc9db1d7fd31d9529a1 (2026-08-13); current ASSERTION_REVIEW_BACKLOG.md; current Capture Wallet contract
WS_RP_MS_ProtocolMessages__062,MessageStructure/ProtocolMessages/WS_RP_MS_ProtocolMessages__062.md,6ad5bcf668990fdc1bebaf676baaaff03441cc590304568bd108bae210a0a19f,"Test the Wallet rejects DCQL-query credential object property ""id"" when it is not a string","1. Wallet and Verifier can interact. 2. Wallet receives the request. 3. Wallet rejects the request by either: 1. answering with an error with details (`invalid_request`), 2. answering with an error without providing details or, 3. discontinuing the interaction.",A,None.,none,yes,yes,authorization_request; raw.authorization_request_delivered; raw.outer_request_delivered; raw.request_uri_http; raw.request_uri_response_http; raw.presentation_response_http; raw.presentation_response_verifier_http,none,none,submitted mirror cross-checked to 2b223b56be0d0a073ee0cdc9db1d7fd31d9529a1 (2026-08-13); current ASSERTION_REVIEW_BACKLOG.md; current Capture Wallet contract
WS_RP_MS_ProtocolMessages__063,MessageStructure/ProtocolMessages/WS_RP_MS_ProtocolMessages__063.md,46abdb6a9dbae0824c84a8428619c70c90b5fb817aa8adadf4d7d37e9c2fe6f8,"Test the Wallet rejects DCQL-query credential object property ""id"" when it is an empty string.","1. Wallet and Verifier can interact. 2. Wallet receives the request. 3. Wallet rejects the request by either: 1. answering with an error with details (`invalid_request`), 2. answering with an error without providing details or, 3. discontinuing the interaction.",A,None.,none,yes,yes,authorization_request; raw.authorization_request_delivered; raw.outer_request_delivered; raw.request_uri_http; raw.request_uri_response_http; raw.presentation_response_http; raw.presentation_response_verifier_http,none,none,submitted mirror cross-checked to 2b223b56be0d0a073ee0cdc9db1d7fd31d9529a1 (2026-08-13); current ASSERTION_REVIEW_BACKLOG.md; current Capture Wallet contract
WS_RP_MS_ProtocolMessages__064,MessageStructure/ProtocolMessages/WS_RP_MS_ProtocolMessages__064.md,3a2d51dc41d8bf884345f4d02eee168007867ff5f7f98887b2e8938b3408548a,"Test the Wallet accepts DCQL-query credential object property ""id"" when it contains valid characters (consists of alphanumeric, underscore (_), or hyphen (-)).","1. Wallet and Verifier can interact. 2. Wallet receives the request. 3. Wallet accepts and process the request, continuing to respond with matching response.",A,None.,none,yes,yes,authorization_request; raw.authorization_request_delivered; raw.outer_request_delivered; raw.request_uri_http; raw.request_uri_response_http; raw.presentation_response_http; raw.presentation_response_verifier_http,none,none,submitted mirror cross-checked to 2b223b56be0d0a073ee0cdc9db1d7fd31d9529a1 (2026-08-13); current ASSERTION_REVIEW_BACKLOG.md; current Capture Wallet contract
WS_RP_MS_ProtocolMessages__065,MessageStructure/ProtocolMessages/WS_RP_MS_ProtocolMessages__065.md,c661ea03c23f073bdb2161fcff02858a16a96310eb66eae28935d4ce25784211,"Test the Wallet rejects DCQL-query credential object property ""id"" when it consists of invalid characters (i.e. other than alphanumeric, underscore (_), or hyphen (-)).","1. Wallet and Verifier can interact. 2. Wallet receives the request. 3. Wallet rejects the request by either: 1. answering with an error with details (`invalid_request`), 2. answering with an error without providing details or, 3. discontinuing the interaction.",A,None.,none,yes,yes,authorization_request; raw.authorization_request_delivered; raw.outer_request_delivered; raw.request_uri_http; raw.request_uri_response_http; raw.presentation_response_http; raw.presentation_response_verifier_http,none,none,submitted mirror cross-checked to 2b223b56be0d0a073ee0cdc9db1d7fd31d9529a1 (2026-08-13); current ASSERTION_REVIEW_BACKLOG.md; current Capture Wallet contract
WS_RP_MS_ProtocolMessages__066,MessageStructure/ProtocolMessages/WS_RP_MS_ProtocolMessages__066.md,1777577798d1f0028b63d8d85ec1bfa2fae4af2c0cc1acecef5a411ae1f3db37,"Test the Wallet rejects DCQL-query credential object property ""id"" when it appears more than once within the Authorization request.","1. Wallet and Verifier can interact. 2. Wallet receives the request. 3. Wallet rejects the request by either: 1. answering with an error with details (`invalid_request`), 2. answering with an error without providing details or, 3. discontinuing the interaction.",A,None.,none,yes,yes,authorization_request; raw.authorization_request_delivered; raw.outer_request_delivered; raw.request_uri_http; raw.request_uri_response_http; raw.presentation_response_http; raw.presentation_response_verifier_http,none,none,submitted mirror cross-checked to 2b223b56be0d0a073ee0cdc9db1d7fd31d9529a1 (2026-08-13); current ASSERTION_REVIEW_BACKLOG.md; current Capture Wallet contract
WS_RP_MS_ProtocolMessages__067,MessageStructure/ProtocolMessages/WS_RP_MS_ProtocolMessages__067.md,686ef8a4aa6e60622cec7bd4e96b555ba50b2919241056e2b8319a1dae60f761,Test the Wallet accepts a DCQL-query with credential `format` values conform to those defined in [OID4VP] Appendix B.,"1. Wallet and Verifier can interact. 2. Wallet receives the request. 3. Wallet accepts and process the request, continuing to respond with matching response without any error.",A,None.,none,yes,yes,authorization_request; raw.authorization_request_delivered; raw.outer_request_delivered; raw.request_uri_http; raw.request_uri_response_http; raw.presentation_response_http; raw.presentation_response_verifier_http,none,none,submitted mirror cross-checked to 2b223b56be0d0a073ee0cdc9db1d7fd31d9529a1 (2026-08-13); current ASSERTION_REVIEW_BACKLOG.md; current Capture Wallet contract
WS_RP_MS_ProtocolMessages__068,MessageStructure/ProtocolMessages/WS_RP_MS_ProtocolMessages__068.md,153c1c53ff343e00ae41ec9b2a291aada01d9578c191bab1b2b2a9b8d8b8be03,Test the Wallet rejects DCQL-query when the credentials property `format` is missing.,"1. Wallet and Verifier can interact. 2. Wallet receives the request. 3. Wallet rejects the request by either: 1. answering with an error with details (`invalid_request`), 2. answering with an error without providing details or, 3. discontinuing the interaction.",A,None.,none,yes,yes,authorization_request; raw.authorization_request_delivered; raw.outer_request_delivered; raw.request_uri_http; raw.request_uri_response_http; raw.presentation_response_http; raw.presentation_response_verifier_http,none,none,submitted mirror cross-checked to 2b223b56be0d0a073ee0cdc9db1d7fd31d9529a1 (2026-08-13); current ASSERTION_REVIEW_BACKLOG.md; current Capture Wallet contract
WS_RP_MS_ProtocolMessages__069,MessageStructure/ProtocolMessages/WS_RP_MS_ProtocolMessages__069.md,0f7ce04c87668218a2130f97bde4bad83a2d10c10108283f745f07d4c75fc5ec,Test the Wallet rejects DCQL-query when credential `format` values do not conform to those defined in [OID4VP] Appendix B and allowed by [HAIP],"1. Wallet and Verifier can interact. 2. Wallet receives the request. 3. Wallet rejects the request by either: 1. answering with an error with details (`invalid_request`), 2. answering with an error without providing details or, 3. discontinuing the interaction.",A,None.,none,yes,yes,authorization_request; raw.authorization_request_delivered; raw.outer_request_delivered; raw.request_uri_http; raw.request_uri_response_http; raw.presentation_response_http; raw.presentation_response_verifier_http,none,none,submitted mirror cross-checked to 2b223b56be0d0a073ee0cdc9db1d7fd31d9529a1 (2026-08-13); current ASSERTION_REVIEW_BACKLOG.md; current Capture Wallet contract
WS_RP_MS_ProtocolMessages__070,MessageStructure/ProtocolMessages/WS_RP_MS_ProtocolMessages__070.md,a93cc518100b0ed7116db32ffb32e247856bf5686530244820768388e10c78f0,"Test the Wallet handles DCQL-query when credentials ""multiple"" property is omitted, as having the default value ""false"".",1. Wallet and Verifier can interact. 2. Wallet receives the request. 3. Wallet responds with only one credential in the response without an error.,A,None.,none,yes,yes,authorization_request; raw.authorization_request_delivered; raw.outer_request_delivered; raw.request_uri_http; raw.request_uri_response_http; raw.presentation_response_http; raw.presentation_response_verifier_http,none,none,submitted mirror cross-checked to 2b223b56be0d0a073ee0cdc9db1d7fd31d9529a1 (2026-08-13); current ASSERTION_REVIEW_BACKLOG.md; current Capture Wallet contract
WS_RP_MS_ProtocolMessages__071,MessageStructure/ProtocolMessages/WS_RP_MS_ProtocolMessages__071.md,ad5b717bea148c59404ca5f121008584bd809657ba41770e42ffb0bd067305d6,"If ""multiple"" is present, the Wallet processes it when determining how many matching Credentials may be returned.",1. Wallet and Verifier can interact. 2. Wallet receives the request. 3. Wallet responds with multiple credentials in the response.,A,None.,none,yes,yes,authorization_request; raw.authorization_request_delivered; raw.outer_request_delivered; raw.request_uri_http; raw.request_uri_response_http; raw.presentation_response_http; raw.presentation_response_verifier_http,none,none,submitted mirror cross-checked to 2b223b56be0d0a073ee0cdc9db1d7fd31d9529a1 (2026-08-13); current ASSERTION_REVIEW_BACKLOG.md; current Capture Wallet contract
WS_RP_MS_ProtocolMessages__072,MessageStructure/ProtocolMessages/WS_RP_MS_ProtocolMessages__072.md,bc5e89d3d6a48826639c86589b70c87f2599d3fa6575e1db74d0ceba5a0c689c,"Test the Wallet rejects DCQL-query when credentials has an invalid ""multiple"" property.","1. Wallet and Verifier can interact. 2. Wallet receives the request. 3. Wallet rejects the request by either: 1. answering with an error with details (`invalid_request`), 2. answering with an error without providing details or, 3. discontinuing the interaction.",A,None.,none,yes,yes,authorization_request; raw.authorization_request_delivered; raw.outer_request_delivered; raw.request_uri_http; raw.request_uri_response_http; raw.presentation_response_http; raw.presentation_response_verifier_http,none,none,submitted mirror cross-checked to 2b223b56be0d0a073ee0cdc9db1d7fd31d9529a1 (2026-08-13); current ASSERTION_REVIEW_BACKLOG.md; current Capture Wallet contract
WS_RP_MS_ProtocolMessages__073,MessageStructure/ProtocolMessages/WS_RP_MS_ProtocolMessages__073.md,f69e985291caac2a35111b4557d847ba96ba916bfcada6ee00695ed1070d88d4,"Test the credential property ""meta"" must be used by the wallet to constrain matching of any requested credential.","1. Wallet and Verifier can interact. 2. Wallet receives the request. 3. The wallet responds without error with credential matching dependent on the ""meta"" property.",A,None.,none,yes,yes,authorization_request; raw.authorization_request_delivered; raw.outer_request_delivered; raw.request_uri_http; raw.request_uri_response_http; raw.presentation_response_http; raw.presentation_response_verifier_http,none,none,submitted mirror cross-checked to 2b223b56be0d0a073ee0cdc9db1d7fd31d9529a1 (2026-08-13); current ASSERTION_REVIEW_BACKLOG.md; current Capture Wallet contract
WS_RP_MS_ProtocolMessages__074,MessageStructure/ProtocolMessages/WS_RP_MS_ProtocolMessages__074.md,373158c4870f0b2c45bd9a5ca333791123e3a5eeec1e28b7d5927bea50408a38,"Test the Wallet rejects a DCQL-query with credential property ""meta"" not applicable to the requested credential format.","1. Wallet and Verifier can interact. 2. Wallet receives the request. 3. Wallet rejects the request by either: 1. answering with an error with details (`invalid_request`), 2. answering with an error without providing details or, 3. discontinuing the interaction.",A,None.,none,yes,yes,authorization_request; raw.authorization_request_delivered; raw.outer_request_delivered; raw.request_uri_http; raw.request_uri_response_http; raw.presentation_response_http; raw.presentation_response_verifier_http,none,none,submitted mirror cross-checked to 2b223b56be0d0a073ee0cdc9db1d7fd31d9529a1 (2026-08-13); current ASSERTION_REVIEW_BACKLOG.md; current Capture Wallet contract
WS_RP_MS_ProtocolMessages__075,MessageStructure/ProtocolMessages/WS_RP_MS_ProtocolMessages__075.md,87cf4421eb996a1309bbb53bae7dc70c392e91f7946647b3d99be7ea96a26a9d,"Test the Wallet rejects a DCQL-query with credential property ""meta"" omitted.","1. Wallet and Verifier can interact. 2. Wallet receives the request. 3. Wallet rejects the request by either: 1. answering with an error with details (`invalid_request`), 2. answering with an error without providing details or, 3. discontinuing the interaction.",A,None.,none,yes,yes,authorization_request; raw.authorization_request_delivered; raw.outer_request_delivered; raw.request_uri_http; raw.request_uri_response_http; raw.presentation_response_http; raw.presentation_response_verifier_http,none,none,submitted mirror cross-checked to 2b223b56be0d0a073ee0cdc9db1d7fd31d9529a1 (2026-08-13); current ASSERTION_REVIEW_BACKLOG.md; current Capture Wallet contract
WS_RP_MS_ProtocolMessages__076,MessageStructure/ProtocolMessages/WS_RP_MS_ProtocolMessages__076.md,7812ac4fa8a01033f7f53b533f72cc7117ba2a4aa8e39870ac79aea10a95d5ce,"Test the Wallet accepts a DCQL-query with an empty credential property ""meta"" and handles request without further constraints on the credential.",1. Wallet and Verifier can interact. 2. Wallet receives the request. 3. The wallet responds without error and includes the requested credential,A,None.,none,yes,yes,authorization_request; raw.authorization_request_delivered; raw.outer_request_delivered; raw.request_uri_http; raw.request_uri_response_http; raw.presentation_response_http; raw.presentation_response_verifier_http,none,none,submitted mirror cross-checked to 2b223b56be0d0a073ee0cdc9db1d7fd31d9529a1 (2026-08-13); current ASSERTION_REVIEW_BACKLOG.md; current Capture Wallet contract
WS_RP_MS_ProtocolMessages__077,MessageStructure/ProtocolMessages/WS_RP_MS_ProtocolMessages__077.md,35a30c319a6f45478b87649e92da0d7ace4e6c453c25386d68530c3854779d1a,"Test the Wallet rejects a DCQL-query with the credential property ""trusted_authorities"" left empty.","1. Wallet and Verifier can interact. 2. Wallet receives the request. 3. Wallet rejects the request by either: 1. answering with an error with details (`invalid_request`), 2. answering with an error without providing details or, 3. discontinuing the interaction.",A,None.,none,yes,yes,authorization_request; raw.authorization_request_delivered; raw.outer_request_delivered; raw.request_uri_http; raw.request_uri_response_http; raw.presentation_response_http; raw.presentation_response_verifier_http,none,none,submitted mirror cross-checked to 2b223b56be0d0a073ee0cdc9db1d7fd31d9529a1 (2026-08-13); current ASSERTION_REVIEW_BACKLOG.md; current Capture Wallet contract
WS_RP_MS_ProtocolMessages__078,MessageStructure/ProtocolMessages/WS_RP_MS_ProtocolMessages__078.md,a084de24c4d7b3c6e8ce3dd8596c953d1d4fa712f19171300aa8b68c4e243d59,"Test the Wallet rejects a DCQL-query with the credential property ""trusted_authorities"" in an incorrect format (i.e. not an array).","1. Wallet and Verifier can interact. 2. Wallet receives the request. 3. Wallet rejects the request by either: 1. answering with an error with details (`invalid_request`), 2. answering with an error without providing details or, 3. discontinuing the interaction.",A,None.,none,yes,yes,authorization_request; raw.authorization_request_delivered; raw.outer_request_delivered; raw.request_uri_http; raw.request_uri_response_http; raw.presentation_response_http; raw.presentation_response_verifier_http,none,none,submitted mirror cross-checked to 2b223b56be0d0a073ee0cdc9db1d7fd31d9529a1 (2026-08-13); current ASSERTION_REVIEW_BACKLOG.md; current Capture Wallet contract
WS_RP_MS_ProtocolMessages__079,MessageStructure/ProtocolMessages/WS_RP_MS_ProtocolMessages__079.md,5962eaee8a70e64524781738fb8781342f12fdfa3e50f9b2b1cfc57e945cdfa7,"Test if present the credential property ""trusted_authorities"", is made of objects defined in [OID4VP 6.1.1]","1. Wallet and Verifier can interact. 2. Wallet receives the request. 3. The wallet responds with an error: ""invalid_request""",A,None.,none,yes,yes,authorization_request; raw.authorization_request_delivered; raw.outer_request_delivered; raw.request_uri_http; raw.request_uri_response_http; raw.presentation_response_http; raw.presentation_response_verifier_http,none,none,submitted mirror cross-checked to 2b223b56be0d0a073ee0cdc9db1d7fd31d9529a1 (2026-08-13); current ASSERTION_REVIEW_BACKLOG.md; current Capture Wallet contract
WS_RP_MS_ProtocolMessages__080,MessageStructure/ProtocolMessages/WS_RP_MS_ProtocolMessages__080.md,744980602f2d335eff99973627b4ab126aae2f6bce05c8b2c765bb0977b02cee,"Test that if the credential property ""trusted_authorities"" is not present, it will not invalidate credential","1. Wallet and Verifier can interact. 2. Wallet receives the request. 3. The wallet is able to respond with credential matching, without an error.",A,None.,none,yes,yes,authorization_request; raw.authorization_request_delivered; raw.outer_request_delivered; raw.request_uri_http; raw.request_uri_response_http; raw.presentation_response_http; raw.presentation_response_verifier_http,none,none,submitted mirror cross-checked to 2b223b56be0d0a073ee0cdc9db1d7fd31d9529a1 (2026-08-13); current ASSERTION_REVIEW_BACKLOG.md; current Capture Wallet contract
WS_RP_MS_ProtocolMessages__081,MessageStructure/ProtocolMessages/WS_RP_MS_ProtocolMessages__081.md,ac8ded9923f57d469085b7ef2a70ea82672dd08a1a6f099eb38199c3f26ef4e8,"Test the Wallet rejects a DCQL-query with credential property ""require_cryptographic_holder_binding"" present but in incorrect format (i.e. not a boolean)","1. Wallet and Verifier can interact. 2. Wallet receives the request. 3. Wallet rejects the request by either: 1. answering with an error with details (`invalid_request`), 2. answering with an error without providing details or, 3. discontinuing the interaction.",A,None.,none,yes,yes,authorization_request; raw.authorization_request_delivered; raw.outer_request_delivered; raw.request_uri_http; raw.request_uri_response_http; raw.presentation_response_http; raw.presentation_response_verifier_http,none,none,submitted mirror cross-checked to 2b223b56be0d0a073ee0cdc9db1d7fd31d9529a1 (2026-08-13); current ASSERTION_REVIEW_BACKLOG.md; current Capture Wallet contract
WS_RP_MS_ProtocolMessages__082,MessageStructure/ProtocolMessages/WS_RP_MS_ProtocolMessages__082.md,fffc050ad036ab8ccfcbde6a6b0b687889778ac55efde6e982b481bad7d58978,"Test that if credentials property ""claims"" is not present in the query it doesn't invalidate credential",1. Wallet and Verifier can interact. 2. Wallet receives the request. 3. Wallet responds with a credential.,A,None.,none,yes,yes,authorization_request; raw.authorization_request_delivered; raw.outer_request_delivered; raw.request_uri_http; raw.request_uri_response_http; raw.presentation_response_http; raw.presentation_response_verifier_http,none,none,submitted mirror cross-checked to 2b223b56be0d0a073ee0cdc9db1d7fd31d9529a1 (2026-08-13); current ASSERTION_REVIEW_BACKLOG.md; current Capture Wallet contract
WS_RP_MS_ProtocolMessages__083,MessageStructure/ProtocolMessages/WS_RP_MS_ProtocolMessages__083.md,0578bb02398078cd79a7a92ce152f85690d8aa60957e2a0f4ec41b268cb4861c,"Test the Wallet rejects a DCQL-query with a credentials' property ""claims"" present that is empty.","1. Wallet and Verifier can interact. 2. Wallet receives the request. 3. Wallet rejects the request by either: 1. answering with an error with details (`invalid_request`), 2. answering with an error without providing details or, 3. discontinuing the interaction.",A,None.,none,yes,yes,authorization_request; raw.authorization_request_delivered; raw.outer_request_delivered; raw.request_uri_http; raw.request_uri_response_http; raw.presentation_response_http; raw.presentation_response_verifier_http,none,none,submitted mirror cross-checked to 2b223b56be0d0a073ee0cdc9db1d7fd31d9529a1 (2026-08-13); current ASSERTION_REVIEW_BACKLOG.md; current Capture Wallet contract
WS_RP_MS_ProtocolMessages__084,MessageStructure/ProtocolMessages/WS_RP_MS_ProtocolMessages__084.md,0287b401e74ee114fb2984d7ec0d36f87ecadbd29e3cc5444a3540da2e83c5a6,"Test the Wallet rejects a DCQL-query with a credentials' property ""claims"" present that is not an array.","1. Wallet and Verifier can interact. 2. Wallet receives the request. 3. Wallet rejects the request by either: 1. answering with an error with details (`invalid_request`), 2. answering with an error without providing details or, 3. discontinuing the interaction.",A,None.,none,yes,yes,authorization_request; raw.authorization_request_delivered; raw.outer_request_delivered; raw.request_uri_http; raw.request_uri_response_http; raw.presentation_response_http; raw.presentation_response_verifier_http,none,none,submitted mirror cross-checked to 2b223b56be0d0a073ee0cdc9db1d7fd31d9529a1 (2026-08-13); current ASSERTION_REVIEW_BACKLOG.md; current Capture Wallet contract
WS_RP_MS_ProtocolMessages__085,MessageStructure/ProtocolMessages/WS_RP_MS_ProtocolMessages__085.md,09401df035e85b72966c4774e621cbd35101c3717994dee0ed27ac09de8d79c5,"Test the Wallet rejects DCQL-query with credentials property ""claim_sets"" present that is empty.","1. Wallet and Verifier can interact. 2. Wallet receives the request. 3. Wallet rejects the request by either: 1. answering with an error with details (`invalid_request`), 2. answering with an error without providing details or, 3. discontinuing the interaction.",A,None.,none,yes,yes,authorization_request; raw.authorization_request_delivered; raw.outer_request_delivered; raw.request_uri_http; raw.request_uri_response_http; raw.presentation_response_http; raw.presentation_response_verifier_http,none,none,submitted mirror cross-checked to 2b223b56be0d0a073ee0cdc9db1d7fd31d9529a1 (2026-08-13); current ASSERTION_REVIEW_BACKLOG.md; current Capture Wallet contract
WS_RP_MS_ProtocolMessages__086,MessageStructure/ProtocolMessages/WS_RP_MS_ProtocolMessages__086.md,23c3a2ac52a5d1ebc04e0925363b87fc8a0d412d7fd5f7bc4fd410b6cc66c655,"Test the Wallet rejects DCQL-query with credentials property ""claim_sets"" present that is not an array.","1. Wallet and Verifier can interact. 2. Wallet receives the request. 3. The wallet detects an invalid credential ""claims_sets"" property and returns an invalid_request error",A,None.,none,yes,yes,authorization_request; raw.authorization_request_delivered; raw.outer_request_delivered; raw.request_uri_http; raw.request_uri_response_http; raw.presentation_response_http; raw.presentation_response_verifier_http,none,none,submitted mirror cross-checked to 2b223b56be0d0a073ee0cdc9db1d7fd31d9529a1 (2026-08-13); current ASSERTION_REVIEW_BACKLOG.md; current Capture Wallet contract
WS_RP_MS_ProtocolMessages__087,MessageStructure/ProtocolMessages/WS_RP_MS_ProtocolMessages__087.md,daa1a0253566496fe2311516bc678f122b06fa25ab24d112898e8bbe083188f0,Test that the wallet can handle Multiple Credential Queries in a request which MAY request a presentation of the same Credential.,"1. Wallet and Verifier can interact. 2. Wallet receives the request. 3. The wallet recognises that one credential satisfies both queries and MUST NOT return an error for this scenario, or force the user to ""pick"" the credential twice.",A,None.,none,yes,yes,authorization_request; raw.authorization_request_delivered; raw.outer_request_delivered; raw.request_uri_http; raw.request_uri_response_http; raw.presentation_response_http; raw.presentation_response_verifier_http,none,none,submitted mirror cross-checked to 2b223b56be0d0a073ee0cdc9db1d7fd31d9529a1 (2026-08-13); current ASSERTION_REVIEW_BACKLOG.md; current Capture Wallet contract
WS_RP_MS_ProtocolMessages__088,MessageStructure/ProtocolMessages/WS_RP_MS_ProtocolMessages__088.md,4a29ec9eb45ac1775effd2f19c0fbe48fddc060113c831acd5224a4277f567e1,"Test the Wallet Rejects a DCQL-query with a constraint on ""trusted_authorities"" with an unspecified type.","1. Wallet and Verifier can interact. 2. Wallet receives the request. 3. Wallet rejects the request by either: 1. answering with an error with details (`invalid_request`), 2. answering with an error without providing details or, 3. discontinuing the interaction.",A,None.,none,yes,yes,authorization_request; raw.authorization_request_delivered; raw.outer_request_delivered; raw.request_uri_http; raw.request_uri_response_http; raw.presentation_response_http; raw.presentation_response_verifier_http,none,none,submitted mirror cross-checked to 2b223b56be0d0a073ee0cdc9db1d7fd31d9529a1 (2026-08-13); current ASSERTION_REVIEW_BACKLOG.md; current Capture Wallet contract
WS_RP_MS_ProtocolMessages__089,MessageStructure/ProtocolMessages/WS_RP_MS_ProtocolMessages__089.md,d2c88fbcca24409ceadc01da978b9c67ad68c76cbb70ca574631a559f4bddc44,"Test the Wallet Rejects a DCQL-query with a constraint on ""trusted_authorities"" with a missing `type`.","1. Wallet and Verifier can interact. 2. Wallet receives the request. 3. Wallet rejects the request by either: 1. answering with an error with details (`invalid_request`), 2. answering with an error without providing details or, 3. discontinuing the interaction.",A,None.,none,yes,yes,authorization_request; raw.authorization_request_delivered; raw.outer_request_delivered; raw.request_uri_http; raw.request_uri_response_http; raw.presentation_response_http; raw.presentation_response_verifier_http,none,none,submitted mirror cross-checked to 2b223b56be0d0a073ee0cdc9db1d7fd31d9529a1 (2026-08-13); current ASSERTION_REVIEW_BACKLOG.md; current Capture Wallet contract
WS_RP_MS_ProtocolMessages__090,MessageStructure/ProtocolMessages/WS_RP_MS_ProtocolMessages__090.md,a4ad6b9adf81c349dd08757496168b77b623c6a2e66cb7cc91b373e571118b88,"Test the Wallet Rejects a DCQL-query with a constraint on ""trusted_authorities"" with a missing `value` property.","1. Wallet and Verifier can interact. 2. Wallet receives the request. 3. Wallet rejects the request by either: 1. answering with an error with details (`invalid_request`), 2. answering with an error without providing details or, 3. discontinuing the interaction.",A,None.,none,yes,yes,authorization_request; raw.authorization_request_delivered; raw.outer_request_delivered; raw.request_uri_http; raw.request_uri_response_http; raw.presentation_response_http; raw.presentation_response_verifier_http,none,none,submitted mirror cross-checked to 2b223b56be0d0a073ee0cdc9db1d7fd31d9529a1 (2026-08-13); current ASSERTION_REVIEW_BACKLOG.md; current Capture Wallet contract
WS_RP_MS_ProtocolMessages__091,MessageStructure/ProtocolMessages/WS_RP_MS_ProtocolMessages__091.md,c45fccd8f428ea84d8d1ccecd9a7c90f128736c68c13e76847fef8a2b35737cd,"Test the Wallet Rejects a DCQL-query with a constraint on ""trusted_authorities"" with a `type` in an incorrect format.","1. Wallet and Verifier can interact. 2. Wallet receives the request. 3. Wallet rejects the request by either: 1. answering with an error with details (`invalid_request`), 2. answering with an error without providing details or, 3. discontinuing the interaction.",A,None.,none,yes,yes,authorization_request; raw.authorization_request_delivered; raw.outer_request_delivered; raw.request_uri_http; raw.request_uri_response_http; raw.presentation_response_http; raw.presentation_response_verifier_http,none,none,submitted mirror cross-checked to 2b223b56be0d0a073ee0cdc9db1d7fd31d9529a1 (2026-08-13); current ASSERTION_REVIEW_BACKLOG.md; current Capture Wallet contract
WS_RP_MS_ProtocolMessages__092,MessageStructure/ProtocolMessages/WS_RP_MS_ProtocolMessages__092.md,7d11e86d34c35743b906818fd6a39448046323f1233c2fb9dea7f5dcccd2eed3,"Test the Wallet Rejects a DCQL-query with a constraint on ""trusted_authorities"" with a `value` property in an incorrect format.","1. Wallet and Verifier can interact. 2. Wallet receives the request. 3. Wallet rejects the request by either: 1. answering with an error with details (`invalid_request`), 2. answering with an error without providing details or, 3. discontinuing the interaction.",A,None.,none,yes,yes,authorization_request; raw.authorization_request_delivered; raw.outer_request_delivered; raw.request_uri_http; raw.request_uri_response_http; raw.presentation_response_http; raw.presentation_response_verifier_http,none,none,submitted mirror cross-checked to 2b223b56be0d0a073ee0cdc9db1d7fd31d9529a1 (2026-08-13); current ASSERTION_REVIEW_BACKLOG.md; current Capture Wallet contract
WS_RP_MS_ProtocolMessages__093,MessageStructure/ProtocolMessages/WS_RP_MS_ProtocolMessages__093.md,a6eb369c258e3cca3ce9dd9a80b29b21bc0044059b143da0eca8627377f1d9fb,"Test the Wallet Rejects a DCQL-query with a constraint on ""trusted_authorities"" with a `value` containing an item that is not a string.","1. Wallet and Verifier can interact. 2. Wallet receives the request. 3. Wallet rejects the request by either: 1. answering with an error with details (`invalid_request`), 2. answering with an error without providing details or, 3. discontinuing the interaction.",A,None.,none,yes,yes,authorization_request; raw.authorization_request_delivered; raw.outer_request_delivered; raw.request_uri_http; raw.request_uri_response_http; raw.presentation_response_http; raw.presentation_response_verifier_http,none,none,submitted mirror cross-checked to 2b223b56be0d0a073ee0cdc9db1d7fd31d9529a1 (2026-08-13); current ASSERTION_REVIEW_BACKLOG.md; current Capture Wallet contract
WS_RP_MS_ProtocolMessages__094,MessageStructure/ProtocolMessages/WS_RP_MS_ProtocolMessages__094.md,369aa05e042a8c98a643d6fc636e7cdec12f628d3df207ae943c15e684550e28,"Test the Wallet Rejects a DCQL-query with a constraint on ""trusted_authorities"" with a `value` property containing an item that is an empty string.","1. Wallet and Verifier can interact. 2. Wallet receives the request. 3. Wallet rejects the request by either: 1. answering with an error with details (`invalid_request`), 2. answering with an error without providing details or, 3. discontinuing the interaction.",A,None.,none,yes,yes,authorization_request; raw.authorization_request_delivered; raw.outer_request_delivered; raw.request_uri_http; raw.request_uri_response_http; raw.presentation_response_http; raw.presentation_response_verifier_http,none,none,submitted mirror cross-checked to 2b223b56be0d0a073ee0cdc9db1d7fd31d9529a1 (2026-08-13); current ASSERTION_REVIEW_BACKLOG.md; current Capture Wallet contract
WS_RP_MS_ProtocolMessages__095,MessageStructure/ProtocolMessages/WS_RP_MS_ProtocolMessages__095.md,ca1cd32cb16d1a8601e3dd2a9195b13bdd84e4efd436bbb54f67ad7e58747fd5,"Test the Wallet when processing trusted_authorities, type ""etsi_tl"" is supported.","1. Wallet and Verifier can interact. 2. Wallet receives the request. 3. No errors returned, with the wallet using the Trusted List when performing credential matching.",E,"Provide the source-defined trusted-list, certificate-chain, or AKI fixture.",5.8,no,no,authorization_request; raw.authorization_request_delivered; raw.outer_request_delivered; raw.request_uri_http; raw.request_uri_response_http; raw.presentation_response_http; raw.presentation_response_verifier_http,ETSI trusted-list infrastructure and controlled issuer chains are absent.,external trust infrastructure,submitted mirror cross-checked to 2b223b56be0d0a073ee0cdc9db1d7fd31d9529a1 (2026-08-13); current ASSERTION_REVIEW_BACKLOG.md; current Capture Wallet contract
WS_RP_MS_ProtocolMessages__096,MessageStructure/ProtocolMessages/WS_RP_MS_ProtocolMessages__096.md,44e355c7b2259165250d9b6ed5b939964de723fa4276e6ca2f1bad14fba743e1,"Test that the credential_sets ""options"" property is REQUIRED and correctly processed by the Wallet.","1. Wallet and Verifier can interact. 2. Wallet receives the request. 3. The wallet detects a missing credential_sets ""options"" property and returns an invalid_request error.",A,None.,none,yes,yes,authorization_request; raw.authorization_request_delivered; raw.outer_request_delivered; raw.request_uri_http; raw.request_uri_response_http; raw.presentation_response_http; raw.presentation_response_verifier_http,none,none,submitted mirror cross-checked to 2b223b56be0d0a073ee0cdc9db1d7fd31d9529a1 (2026-08-13); current ASSERTION_REVIEW_BACKLOG.md; current Capture Wallet contract
WS_RP_MS_ProtocolMessages__097,MessageStructure/ProtocolMessages/WS_RP_MS_ProtocolMessages__097.md,8ebdf057a622147de17a2b68e77f300be6caedfd434152af013e4bd3ea4c8a7f,"Test the ""options"" property must be non-empty.","1. Wallet and Verifier can interact. 2. Wallet receives the request. 3. The wallet detects a missing credential_sets ""options"" property and returns an invalid_request error.",A,None.,none,yes,yes,authorization_request; raw.authorization_request_delivered; raw.outer_request_delivered; raw.request_uri_http; raw.request_uri_response_http; raw.presentation_response_http; raw.presentation_response_verifier_http,none,none,submitted mirror cross-checked to 2b223b56be0d0a073ee0cdc9db1d7fd31d9529a1 (2026-08-13); current ASSERTION_REVIEW_BACKLOG.md; current Capture Wallet contract
WS_RP_MS_ProtocolMessages__098,MessageStructure/ProtocolMessages/WS_RP_MS_ProtocolMessages__098.md,3372127da94ae725b82991091bfc506207bdf54fb31d44166dfb9e0b96c8c3bb,"Test the ""options"" property must be an array.","1. Wallet and Verifier can interact. 2. Wallet receives the request. 3. The wallet detects a missing credential_sets ""options"" property and returns an invalid_request error.",A,None.,none,yes,yes,authorization_request; raw.authorization_request_delivered; raw.outer_request_delivered; raw.request_uri_http; raw.request_uri_response_http; raw.presentation_response_http; raw.presentation_response_verifier_http,none,none,submitted mirror cross-checked to 2b223b56be0d0a073ee0cdc9db1d7fd31d9529a1 (2026-08-13); current ASSERTION_REVIEW_BACKLOG.md; current Capture Wallet contract
WS_RP_MS_ProtocolMessages__099,MessageStructure/ProtocolMessages/WS_RP_MS_ProtocolMessages__099.md,0ec4b9ce033e40f3ad1670007edd1cde15ed04e78f85542c2fe5995f3c17200b,"Test the elements in ""options"" MUST be identifiers that reference elements in ""credentials"".","1. Wallet and Verifier can interact. 2. Wallet receives the request. 3. The wallet confirms each ""options"" value maps to the ""credentials"" in the query, then successfully performs matching.",A,None.,none,yes,yes,authorization_request; raw.authorization_request_delivered; raw.outer_request_delivered; raw.request_uri_http; raw.request_uri_response_http; raw.presentation_response_http; raw.presentation_response_verifier_http,none,none,submitted mirror cross-checked to 2b223b56be0d0a073ee0cdc9db1d7fd31d9529a1 (2026-08-13); current ASSERTION_REVIEW_BACKLOG.md; current Capture Wallet contract
WS_RP_MS_ProtocolMessages__100,MessageStructure/ProtocolMessages/WS_RP_MS_ProtocolMessages__100.md,1be5ec5081275f7e383a3ff7170761f6c016a0031acab5bf9d9086943986ba38,"Test that if elements in ""options"" are NOT identifiers that reference elements in ""credentials"", the wallet will reject query and remain privacy preserving.","1. Wallet and Verifier can interact. 2. Wallet receives the request. 3. The Wallet stops the transaction, producing a privacy preserving error response.",A,None.,none,yes,yes,authorization_request; raw.authorization_request_delivered; raw.outer_request_delivered; raw.request_uri_http; raw.request_uri_response_http; raw.presentation_response_http; raw.presentation_response_verifier_http,none,none,submitted mirror cross-checked to 2b223b56be0d0a073ee0cdc9db1d7fd31d9529a1 (2026-08-13); current ASSERTION_REVIEW_BACKLOG.md; current Capture Wallet contract
WS_RP_MS_ProtocolMessages__101,MessageStructure/ProtocolMessages/WS_RP_MS_ProtocolMessages__101.md,d7c82a4f53842db072e6623304dc6619c91b8a7e3a6c8ebb26702f10ec7f6bb4,"Test that the credential_sets property ""required"" is correctly supported by the wallet when all credentials exist.","1. Wallet and Verifier can interact. 2. Wallet receives the request. 3. Wallet identifies that the set containing the PID is marked as required: true. 1. The Wallet confirms the PID exists and satisfies the query. It prepares the PID for presentation. 2. The Wallet presents the PID to the user. Because it is marked as required, the UI should indicate it is mandatory (e.g., no ""skip"" option for this specific set). 3. The Wallet generates the Verifiable Presentation containing the PID as required by the Verifier",A,None.,none,yes,yes,authorization_request; raw.authorization_request_delivered; raw.outer_request_delivered; raw.request_uri_http; raw.request_uri_response_http; raw.presentation_response_http; raw.presentation_response_verifier_http,none,none,submitted mirror cross-checked to 2b223b56be0d0a073ee0cdc9db1d7fd31d9529a1 (2026-08-13); current ASSERTION_REVIEW_BACKLOG.md; current Capture Wallet contract
WS_RP_MS_ProtocolMessages__102,MessageStructure/ProtocolMessages/WS_RP_MS_ProtocolMessages__102.md,b465769e45d7b76e8c79e966f41b09951c4eb8e2432be9414a89dd809de2fd18,"Test that the credential_sets property ""required"" is correctly supported by the wallet when a PID is missing.","1. Wallet and Verifier can interact. 2. Wallet receives the request. 3. The Wallet realises it doesn't have PID and sees ""required"": true, hence it must NOT offer this set. No other sets are available, so the transaction stops, making sure it sends a privacy preserving response.",A,None.,none,yes,yes,authorization_request; raw.authorization_request_delivered; raw.outer_request_delivered; raw.request_uri_http; raw.request_uri_response_http; raw.presentation_response_http; raw.presentation_response_verifier_http,none,none,submitted mirror cross-checked to 2b223b56be0d0a073ee0cdc9db1d7fd31d9529a1 (2026-08-13); current ASSERTION_REVIEW_BACKLOG.md; current Capture Wallet contract
WS_RP_MS_ProtocolMessages__103,MessageStructure/ProtocolMessages/WS_RP_MS_ProtocolMessages__103.md,fe5d04120f75928cda689e5236568778f0bddf9d0e39b85fcf25b5928ab61ae9,"Test that the credential_sets property ""required"" will default to True if omitted.","1. Wallet and Verifier can interact. 2. Wallet receives the request. 3. Wallet reacts identically to the test case where ""required"" was included and set to True.",A,None.,none,yes,yes,authorization_request; raw.authorization_request_delivered; raw.outer_request_delivered; raw.request_uri_http; raw.request_uri_response_http; raw.presentation_response_http; raw.presentation_response_verifier_http,none,none,submitted mirror cross-checked to 2b223b56be0d0a073ee0cdc9db1d7fd31d9529a1 (2026-08-13); current ASSERTION_REVIEW_BACKLOG.md; current Capture Wallet contract
WS_RP_MS_ProtocolMessages__104,MessageStructure/ProtocolMessages/WS_RP_MS_ProtocolMessages__104.md,2b84cdc7c97ca29e76e55eff7df0d900967924e8f71cbd84a35652eb9a298975,"Test that the credential_sets property ""required"" if set to False, the wallet can proceed with other valid sets flow without error.",1. Wallet and Verifier can interact. 2. Wallet receives the request. 3. Wallet sees missing credential but continues with next set and completes successful matching.,A,None.,none,yes,yes,authorization_request; raw.authorization_request_delivered; raw.outer_request_delivered; raw.request_uri_http; raw.request_uri_response_http; raw.presentation_response_http; raw.presentation_response_verifier_http,none,none,submitted mirror cross-checked to 2b223b56be0d0a073ee0cdc9db1d7fd31d9529a1 (2026-08-13); current ASSERTION_REVIEW_BACKLOG.md; current Capture Wallet contract
WS_RP_MS_ProtocolMessages__105,MessageStructure/ProtocolMessages/WS_RP_MS_ProtocolMessages__105.md,87fe2f7d2d1b7772831aedacab2c379404cf2eee537d6a932aac96a7f0d8a186,"Test that the wallet can handle a DCQL query with a ""credentials"" object with a ""claims"" property present.","1. Wallet and Verifier can interact. 2. Wallet receives the request. 3. The Wallet processes the DCQL query, it MUST use ""id"" and ""path"", and if present ""values"" 1. Claim properties are used to perform matching and complete matching without error.",A,None.,none,yes,yes,authorization_request; raw.authorization_request_delivered; raw.outer_request_delivered; raw.request_uri_http; raw.request_uri_response_http; raw.presentation_response_http; raw.presentation_response_verifier_http,none,none,submitted mirror cross-checked to 2b223b56be0d0a073ee0cdc9db1d7fd31d9529a1 (2026-08-13); current ASSERTION_REVIEW_BACKLOG.md; current Capture Wallet contract
WS_RP_MS_ProtocolMessages__106,MessageStructure/ProtocolMessages/WS_RP_MS_ProtocolMessages__106.md,bd9e29670bd1b33b09043d0053d14dfaf1665ecf683fe7e30a89935f2051f2a3,"test the Wallet will not attempt to return a credential when it can't find one due to ""path"".",1. Wallet and Verifier can interact. 2. Wallet receives the request. 3. The Wallet correctly identifies that no credentials satisfy the query and returns access_denied (with the description that no credentials match).,A,None.,none,yes,yes,authorization_request; raw.authorization_request_delivered; raw.outer_request_delivered; raw.request_uri_http; raw.request_uri_response_http; raw.presentation_response_http; raw.presentation_response_verifier_http,none,none,submitted mirror cross-checked to 2b223b56be0d0a073ee0cdc9db1d7fd31d9529a1 (2026-08-13); current ASSERTION_REVIEW_BACKLOG.md; current Capture Wallet contract
WS_RP_MS_ProtocolMessages__107,MessageStructure/ProtocolMessages/WS_RP_MS_ProtocolMessages__107.md,33e665a2ea2b511161e66fa639c8f39e978c3f8f4d50ad37701ef3ee9b2c4bbf,"test the Wallet will not attempt to return a credential when it can't find one due to ""values"" mismatch.",1. Wallet and Verifier can interact. 2. Wallet receives the request. 3. The Wallet correctly identifies that no credentials satisfy the query and returns access_denied (with the description that no credentials match).,A,None.,none,yes,yes,authorization_request; raw.authorization_request_delivered; raw.outer_request_delivered; raw.request_uri_http; raw.request_uri_response_http; raw.presentation_response_http; raw.presentation_response_verifier_http,none,none,submitted mirror cross-checked to 2b223b56be0d0a073ee0cdc9db1d7fd31d9529a1 (2026-08-13); current ASSERTION_REVIEW_BACKLOG.md; current Capture Wallet contract
WS_RP_MS_ProtocolMessages__108,MessageStructure/ProtocolMessages/WS_RP_MS_ProtocolMessages__108.md,910d27cc92540ab9bcf33710b84e2adfde8e390fb175a444460f214f24e5a914,"Test that the Wallet will not accept a DCQL query if ""claims"" property ""id"" is not present, when claim_sets is present.","1. Wallet and Verifier can interact. 2. Wallet receives the request. 3. Wallet recognises missing ""id"" and occurring claim_sets, producing an error invalid_request.",A,None.,none,yes,yes,authorization_request; raw.authorization_request_delivered; raw.outer_request_delivered; raw.request_uri_http; raw.request_uri_response_http; raw.presentation_response_http; raw.presentation_response_verifier_http,none,none,submitted mirror cross-checked to 2b223b56be0d0a073ee0cdc9db1d7fd31d9529a1 (2026-08-13); current ASSERTION_REVIEW_BACKLOG.md; current Capture Wallet contract
WS_RP_MS_ProtocolMessages__109,MessageStructure/ProtocolMessages/WS_RP_MS_ProtocolMessages__109.md,301d0abefd42f6fc4eb3ee2e14dcaa301fcfad2e10cb0b698347dd3acdcc2365,"Test that the Wallet will accept a DCQL query without a claims ""id"" if claim_sets is NOT present",1. Wallet and Verifier can interact. 2. Wallet receives the request. 3. Wallet concludes matching without error.,A,None.,none,yes,yes,authorization_request; raw.authorization_request_delivered; raw.outer_request_delivered; raw.request_uri_http; raw.request_uri_response_http; raw.presentation_response_http; raw.presentation_response_verifier_http,none,none,submitted mirror cross-checked to 2b223b56be0d0a073ee0cdc9db1d7fd31d9529a1 (2026-08-13); current ASSERTION_REVIEW_BACKLOG.md; current Capture Wallet contract
WS_RP_MS_ProtocolMessages__110,MessageStructure/ProtocolMessages/WS_RP_MS_ProtocolMessages__110.md,c19ffdcb14443a269ac6c951e6ae20556e3e951a0c03037a2d4bd065feaf1773,"Test the Wallet checks that within a particular claims array, the same ID MUST NOT be present more than once.","1. Wallet and Verifier can interact. 2. Wallet receives the request. 3. The Wallet detects duplicate claims ""id"" values in the claims array and returns an invalid_request error",A,None.,none,yes,yes,authorization_request; raw.authorization_request_delivered; raw.outer_request_delivered; raw.request_uri_http; raw.request_uri_response_http; raw.presentation_response_http; raw.presentation_response_verifier_http,none,none,submitted mirror cross-checked to 2b223b56be0d0a073ee0cdc9db1d7fd31d9529a1 (2026-08-13); current ASSERTION_REVIEW_BACKLOG.md; current Capture Wallet contract
WS_RP_MS_ProtocolMessages__111,MessageStructure/ProtocolMessages/WS_RP_MS_ProtocolMessages__111.md,b000740d9bd65c99a46337a6598600db9ffc3daed89d36b07a318e640c4d00bd,"Test the Wallet checks a claims object property ""id"" must be a non-empty.","1. Wallet and Verifier can interact. 2. Wallet receives the request. 3. The Wallet detects malformed ""id"" and returns an invalid_request error.",A,None.,none,yes,yes,authorization_request; raw.authorization_request_delivered; raw.outer_request_delivered; raw.request_uri_http; raw.request_uri_response_http; raw.presentation_response_http; raw.presentation_response_verifier_http,none,none,submitted mirror cross-checked to 2b223b56be0d0a073ee0cdc9db1d7fd31d9529a1 (2026-08-13); current ASSERTION_REVIEW_BACKLOG.md; current Capture Wallet contract
WS_RP_MS_ProtocolMessages__112,MessageStructure/ProtocolMessages/WS_RP_MS_ProtocolMessages__112.md,ce18fbee2d12a9c92c33ff213d8fc41d52c34828f048118ebf8d4f2f1f8964d1,"Test the Wallet checks a claims object property ""id"" must consist of alphanumeric, underscore (_), or hyphen (-) characters.","1. Wallet and Verifier can interact. 2. Wallet receives the request. 3. The Wallet detects malformed ""id"" and returns an invalid_request error.",A,None.,none,yes,yes,authorization_request; raw.authorization_request_delivered; raw.outer_request_delivered; raw.request_uri_http; raw.request_uri_response_http; raw.presentation_response_http; raw.presentation_response_verifier_http,none,none,submitted mirror cross-checked to 2b223b56be0d0a073ee0cdc9db1d7fd31d9529a1 (2026-08-13); current ASSERTION_REVIEW_BACKLOG.md; current Capture Wallet contract
WS_RP_MS_ProtocolMessages__113,MessageStructure/ProtocolMessages/WS_RP_MS_ProtocolMessages__113.md,72075a7bbe212daea434ad071ce16540472d3c251e1cedc6180504019b38e94f,"Test that the Wallet will NOT accept a DCQL query with credentials with a claims property but without a claims ""path"" property.",1. Wallet and Verifier can interact. 2. Wallet receives the request. 3. The Wallet returns an invalid_request error.,A,None.,none,yes,yes,authorization_request; raw.authorization_request_delivered; raw.outer_request_delivered; raw.request_uri_http; raw.request_uri_response_http; raw.presentation_response_http; raw.presentation_response_verifier_http,none,none,submitted mirror cross-checked to 2b223b56be0d0a073ee0cdc9db1d7fd31d9529a1 (2026-08-13); current ASSERTION_REVIEW_BACKLOG.md; current Capture Wallet contract
WS_RP_MS_ProtocolMessages__114,MessageStructure/ProtocolMessages/WS_RP_MS_ProtocolMessages__114.md,4f1e532732c189a985630442876cff1ec32ed79eae7f75318364fbff5dfff61e,"The claims property ""path"" MUST be non-empty.",1. Wallet and Verifier can interact. 2. Wallet receives the request. 3. The Wallet returns an invalid request_error.,A,None.,none,yes,yes,authorization_request; raw.authorization_request_delivered; raw.outer_request_delivered; raw.request_uri_http; raw.request_uri_response_http; raw.presentation_response_http; raw.presentation_response_verifier_http,none,none,submitted mirror cross-checked to 2b223b56be0d0a073ee0cdc9db1d7fd31d9529a1 (2026-08-13); current ASSERTION_REVIEW_BACKLOG.md; current Capture Wallet contract
WS_RP_MS_ProtocolMessages__115,MessageStructure/ProtocolMessages/WS_RP_MS_ProtocolMessages__115.md,52f7d7b81edd7737800af356a9d7c347b857e8032fb1174e9cf9cecf2e706544,"The claims property ""path"" MUST be an array.",1. Wallet and Verifier can interact. 2. Wallet receives the request. 3. The Wallet returns an invalid_request error.,A,None.,none,yes,yes,authorization_request; raw.authorization_request_delivered; raw.outer_request_delivered; raw.request_uri_http; raw.request_uri_response_http; raw.presentation_response_http; raw.presentation_response_verifier_http,none,none,submitted mirror cross-checked to 2b223b56be0d0a073ee0cdc9db1d7fd31d9529a1 (2026-08-13); current ASSERTION_REVIEW_BACKLOG.md; current Capture Wallet contract
WS_RP_MS_ProtocolMessages__116,MessageStructure/ProtocolMessages/WS_RP_MS_ProtocolMessages__116.md,2e9dc3b4eda2550e3b87a0650ed2890e16707b64aaac3b07064185059a4defb3,"Test that the Wallet will accept a DCQL query with credentials with a claims property without a ""values"" property.",1. Wallet and Verifier can interact. 2. Wallet receives the request. 3. Wallet concludes matching without error.,A,None.,none,yes,yes,authorization_request; raw.authorization_request_delivered; raw.outer_request_delivered; raw.request_uri_http; raw.request_uri_response_http; raw.presentation_response_http; raw.presentation_response_verifier_http,none,none,submitted mirror cross-checked to 2b223b56be0d0a073ee0cdc9db1d7fd31d9529a1 (2026-08-13); current ASSERTION_REVIEW_BACKLOG.md; current Capture Wallet contract
WS_RP_MS_ProtocolMessages__117,MessageStructure/ProtocolMessages/WS_RP_MS_ProtocolMessages__117.md,61b2691a245ce78f250591b643d4aea18ebd2fd99da9eef79b0a4a69e17de9c9,"Test that if credential_sets is not provided, the wallet interprets this as the Verifier requesting presentations for all Credentials in credentials to be returned.","1. Wallet and Verifier can interact. 2. Wallet received query. 3. The Wallet interprets the missing credential_sets as a mandatory request for all defined credentials without any ""credential_sets"" rules. 1. The Wallet offers both credentials to the user as a single, required bundle. 2. Upon consent, the Wallet generates a Verifiable Presentation containing both credentials.",A,None.,none,yes,yes,authorization_request; raw.authorization_request_delivered; raw.outer_request_delivered; raw.request_uri_http; raw.request_uri_response_http; raw.presentation_response_http; raw.presentation_response_verifier_http,none,none,submitted mirror cross-checked to 2b223b56be0d0a073ee0cdc9db1d7fd31d9529a1 (2026-08-13); current ASSERTION_REVIEW_BACKLOG.md; current Capture Wallet contract
WS_RP_MS_ProtocolMessages__118,MessageStructure/ProtocolMessages/WS_RP_MS_ProtocolMessages__118.md,42165429f9ed61a990ff0cba0f2bb2cba3a3f12e35066cb85589c05c1ed59297,"Verify the positive flow that the Wallet can accept a claims path pointer that is a non-empty array whose members include the following: strings, nulls & non-negative integers.",1. Wallet-verifier interaction is successfully initiated. 2. Wallet accepts the claims path pointer and resolves the referenced claim successfully.,A,None.,none,yes,yes,authorization_request; raw.authorization_request_delivered; raw.outer_request_delivered; raw.request_uri_http; raw.request_uri_response_http; raw.presentation_response_http; raw.presentation_response_verifier_http,none,none,submitted mirror cross-checked to 2b223b56be0d0a073ee0cdc9db1d7fd31d9529a1 (2026-08-13); current ASSERTION_REVIEW_BACKLOG.md; current Capture Wallet contract
WS_RP_MS_ProtocolMessages__119,MessageStructure/ProtocolMessages/WS_RP_MS_ProtocolMessages__119.md,ed0aafb841ed9dec13832a06ca672a4de3b151aeb28021753be1768466a4606e,Verify negative case that the wallet cannot accept a claims path pointer that is an empty array.,"1. Wallet-verifier interaction is successfully initiated. 2. The Wallet rejects the request by either: 1. answering with an error with details (`invalid_request`), 2. answering with an error without providing details or, 3. discontinuing the interaction.",A,None.,none,yes,yes,authorization_request; raw.authorization_request_delivered; raw.outer_request_delivered; raw.request_uri_http; raw.request_uri_response_http; raw.presentation_response_http; raw.presentation_response_verifier_http,none,none,submitted mirror cross-checked to 2b223b56be0d0a073ee0cdc9db1d7fd31d9529a1 (2026-08-13); current ASSERTION_REVIEW_BACKLOG.md; current Capture Wallet contract
WS_RP_MS_ProtocolMessages__120,MessageStructure/ProtocolMessages/WS_RP_MS_ProtocolMessages__120.md,58f26ab14a6795f287440d88e7a5b2443f9f0ca4835d5f70e62d88ce021544ee,Verify negative case that the Wallet cannot accept a claims path pointer that is an array that contains a Boolean.,1. Wallet-verifier interaction is successfully initiated. 2. Wallet rejects the request and returns an invalid_request error; presentation flow is not initiated.,A,None.,none,yes,yes,authorization_request; raw.authorization_request_delivered; raw.outer_request_delivered; raw.request_uri_http; raw.request_uri_response_http; raw.presentation_response_http; raw.presentation_response_verifier_http,none,none,submitted mirror cross-checked to 2b223b56be0d0a073ee0cdc9db1d7fd31d9529a1 (2026-08-13); current ASSERTION_REVIEW_BACKLOG.md; current Capture Wallet contract
WS_RP_MS_ProtocolMessages__121,MessageStructure/ProtocolMessages/WS_RP_MS_ProtocolMessages__121.md,46711c2ffcd93e003081d94b475d7419fc17eb379d12282b01b185d967699c21,Verify negative case that the Wallet cannot accept a claims path pointer that is an array that contains a negative integer.,1. Wallet-verifier interaction is successfully initiated. 2. Wallet rejects the request and returns an invalid_request error; presentation flow is not initiated.,A,None.,none,yes,yes,authorization_request; raw.authorization_request_delivered; raw.outer_request_delivered; raw.request_uri_http; raw.request_uri_response_http; raw.presentation_response_http; raw.presentation_response_verifier_http,none,none,submitted mirror cross-checked to 2b223b56be0d0a073ee0cdc9db1d7fd31d9529a1 (2026-08-13); current ASSERTION_REVIEW_BACKLOG.md; current Capture Wallet contract
WS_RP_MS_ProtocolMessages__122,MessageStructure/ProtocolMessages/WS_RP_MS_ProtocolMessages__122.md,60719c1e9b873346500416f391484eb34c529a12451a5eb79e2ae0fa64357159,Verify negative case that the Wallet cannot accept a claims path pointer that is not an array.,1. Wallet-verifier interaction is successfully initiated. 2. Wallet rejects the request and returns an invalid_request error; presentation flow is not initiated.,A,None.,none,yes,yes,authorization_request; raw.authorization_request_delivered; raw.outer_request_delivered; raw.request_uri_http; raw.request_uri_response_http; raw.presentation_response_http; raw.presentation_response_verifier_http,none,none,submitted mirror cross-checked to 2b223b56be0d0a073ee0cdc9db1d7fd31d9529a1 (2026-08-13); current ASSERTION_REVIEW_BACKLOG.md; current Capture Wallet contract
WS_RP_MS_ProtocolMessages__123,MessageStructure/ProtocolMessages/WS_RP_MS_ProtocolMessages__123.md,ded22ab322110d77d9e1ef1b9485bfb010fe7f30708f84c07814b7731e77eb8e,"Test that when the Wallet is given an invalid claims path pointer, it will abort processing and return an error.",1. Wallet-verifier interaction is successfully initiated. 2. Wallet successfully receives the Authorization Request. 3. Wallet successfully parses the Authorization Request and the DCQL query. 4. Wallet validates the path pointer structure. 5. Wallet aborts processing and returns an error (e.g. invalid_request) due to invalid path pointer element type; presentation flow is not initiated.,A,None.,none,yes,yes,authorization_request; raw.authorization_request_delivered; raw.outer_request_delivered; raw.request_uri_http; raw.request_uri_response_http; raw.presentation_response_http; raw.presentation_response_verifier_http,none,none,submitted mirror cross-checked to 2b223b56be0d0a073ee0cdc9db1d7fd31d9529a1 (2026-08-13); current ASSERTION_REVIEW_BACKLOG.md; current Capture Wallet contract
WS_RP_MS_ProtocolMessages__124,MessageStructure/ProtocolMessages/WS_RP_MS_ProtocolMessages__124.md,85a724b972b32971eff05ae27a4463ad98bece2186ae61e801ae59e21f242552,Test that the Wallet ignores any unrecognized parameters when Response Mode = direct_post.jwt.,"1. Wallet-verifier interaction is successfully initiated. 2. Wallet receives request. 3. The wallet evaluates the request, ignores the unknown parameter, and proceeds without returning an error. 4. The wallet submits the Authorization Response to the verifier successfully.",A,None.,none,yes,yes,authorization_request; raw.authorization_request_delivered; raw.outer_request_delivered; raw.request_uri_http; raw.request_uri_response_http; raw.presentation_response_http; raw.presentation_response_verifier_http,none,none,submitted mirror cross-checked to 2b223b56be0d0a073ee0cdc9db1d7fd31d9529a1 (2026-08-13); current ASSERTION_REVIEW_BACKLOG.md; current Capture Wallet contract
WS_RP_MS_ProtocolMessages__125,MessageStructure/ProtocolMessages/WS_RP_MS_ProtocolMessages__125.md,dd8f07ca265546c34c05dfbb3916c89284a7518f80bfff3218e7af14f5a04a1f,Test that Wallet returns an error after an HTTP 200 response not of form json.,1. Wallet-verifier interaction is successfully initiated. 2. Wallet receives request. 3. The wallet evaluates the request and proceeds without returning an error. 4. The wallet submits the Authorization Response to the verifier's response_uri. 5. The wallet detects that the verifier's HTTP 200 response body is not valid JSON and returns an error.,A,None.,none,yes,yes,authorization_request; raw.authorization_request_delivered; raw.outer_request_delivered; raw.request_uri_http; raw.request_uri_response_http; raw.presentation_response_http; raw.presentation_response_verifier_http,none,none,submitted mirror cross-checked to 2b223b56be0d0a073ee0cdc9db1d7fd31d9529a1 (2026-08-13); current ASSERTION_REVIEW_BACKLOG.md; current Capture Wallet contract
WS_RP_MS_ProtocolMessages__126,MessageStructure/ProtocolMessages/WS_RP_MS_ProtocolMessages__126.md,444ef45960d01a6ba2d36ab5158b6fc6b802bfc390552c07bc83c50f00c216a6,Test that Wallet returns an error after an HTTP error response from the Verifier.,1. Wallet-verifier interaction is successfully initiated. 2. Wallet receives request. 3. The wallet evaluates the request and proceeds without returning an error. 4. The wallet submits the Authorization Response to the verifier's response_uri. 5. Wallet returns an error without crashing.,A,None.,none,yes,yes,authorization_request; raw.authorization_request_delivered; raw.outer_request_delivered; raw.request_uri_http; raw.request_uri_response_http; raw.presentation_response_http; raw.presentation_response_verifier_http,none,none,submitted mirror cross-checked to 2b223b56be0d0a073ee0cdc9db1d7fd31d9529a1 (2026-08-13); current ASSERTION_REVIEW_BACKLOG.md; current Capture Wallet contract
WS_RP_MS_ProtocolMessages__127,MessageStructure/ProtocolMessages/WS_RP_MS_ProtocolMessages__127.md,a7b94e321550a7b687e7404a53a9df3af262d8768b4b80e74656f031ed9759d1,"Test the Wallet ignores an unrecognized parameter provided by the Verifier in its JSON response, returned from a response_uri.","1. Wallet-verifier interaction is successfully initiated. 2. Wallet receives request. 3. The wallet submits the Authorization Response to the verifier's response_uri. 4. The wallet receives the HTTP 200 JSON response. 5. Wallet opens redirect_uri, shows user success page.",A,None.,none,yes,yes,authorization_request; raw.authorization_request_delivered; raw.outer_request_delivered; raw.request_uri_http; raw.request_uri_response_http; raw.presentation_response_http; raw.presentation_response_verifier_http,none,none,submitted mirror cross-checked to 2b223b56be0d0a073ee0cdc9db1d7fd31d9529a1 (2026-08-13); current ASSERTION_REVIEW_BACKLOG.md; current Capture Wallet contract
WS_RP_MS_ProtocolMessages__127a,MessageStructure/ProtocolMessages/WS_RP_MS_ProtocolMessages__127a.md,96631856c4a46ff19b36d46e47be5d3bb697aed30ee68df946681627c974ad13,"Verify that the Wallet's Authorization Response has a syntactically correct `vp_token`, if presenting (a) credential(s) in response to a request for (a) credential(s), using OpenID4VP.","1. The decrypted Authorization Response contains a `vp_token` parameter. The `vp_token` parameter is a JSON object, with: 1. each entry in the object has a key that is a string, 2. each entry in the object has a value that is an array.",A,None.,none,yes,yes,authorization_request; raw.authorization_request_delivered; raw.outer_request_delivered; raw.request_uri_http; raw.request_uri_response_http; raw.presentation_response_http; raw.presentation_response_verifier_http,none,none,submitted mirror cross-checked to 2b223b56be0d0a073ee0cdc9db1d7fd31d9529a1 (2026-08-13); current ASSERTION_REVIEW_BACKLOG.md; current Capture Wallet contract
WS_RP_MS_ProtocolMessages__127b,MessageStructure/ProtocolMessages/WS_RP_MS_ProtocolMessages__127b.md,f90c2691ab861f3714a10da7421cf7c108d3d69763b1e223d83786ccc9273d8f,"Verify that the Wallet's Authorization Response has syntactically correct presentation(s) in each entry in a `vp_token`, if presenting (a) credential(s) in response to a request for (a) credential(s), using OpenID4VP.","1. Each value of an entry in the `vp_token` parameter of the Authorization Response: 1. is an array, 2. each element in that array is a string or an JSON object.",A,None.,none,yes,yes,authorization_request; raw.authorization_request_delivered; raw.outer_request_delivered; raw.request_uri_http; raw.request_uri_response_http; raw.presentation_response_http; raw.presentation_response_verifier_http,none,none,submitted mirror cross-checked to 2b223b56be0d0a073ee0cdc9db1d7fd31d9529a1 (2026-08-13); current ASSERTION_REVIEW_BACKLOG.md; current Capture Wallet contract
WS_RP_MS_ProtocolMessages__127c,MessageStructure/ProtocolMessages/WS_RP_MS_ProtocolMessages__127c.md,31a628b80f5b37aacadda289a1de49e2881bec28e8a7779fedd424d292829fef,"Verify that the Wallet's Authorization Response has (a) syntactically correct SD-JWT VC presentation(s) in a `vp_token`, if presenting (a) credential(s) in response to a request for (a) credential(s), using OpenID4VP and presenting a SD-JWT VC credential.","1. Each value in each presentation in the `vp_token` parameter of the Authorization Response is either 1. a string, that has as value a syntactically correct compact serialization ([SD-JWT] section 4) of either a SD-JWT or a SD-JWT+KB, 2. a JSON object, that is a syntactically correct JWS JSON serialization ([SD-JWT] section 8) of either a SD-JWT or a SD-JWT+KB.",A,None.,none,yes,yes,authorization_request; raw.authorization_request_delivered; raw.outer_request_delivered; raw.request_uri_http; raw.request_uri_response_http; raw.presentation_response_http; raw.presentation_response_verifier_http,none,none,submitted mirror cross-checked to 2b223b56be0d0a073ee0cdc9db1d7fd31d9529a1 (2026-08-13); current ASSERTION_REVIEW_BACKLOG.md; current Capture Wallet contract
WS_RP_MS_ProtocolMessages__127d,MessageStructure/ProtocolMessages/WS_RP_MS_ProtocolMessages__127d.md,3fcba6dc0d80602a576422419ca0a2077eb0ee2e30472fa4b4844fc81c06c618,"Verify that the Wallet's Authorization Response has (a) syntactically correct mdoc presentation(s) in a `vp_token`, if presenting (a) credential(s) in response to a request for (a) credential(s), using OpenID4VP and presenting a mdoc credential.",1. Each value in each presentation in the `vp_token` parameter of the Authorization Response is a string which value contains correct base64url-encoded data.,A,None.,none,yes,yes,authorization_request; raw.authorization_request_delivered; raw.outer_request_delivered; raw.request_uri_http; raw.request_uri_response_http; raw.presentation_response_http; raw.presentation_response_verifier_http,none,none,submitted mirror cross-checked to 2b223b56be0d0a073ee0cdc9db1d7fd31d9529a1 (2026-08-13); current ASSERTION_REVIEW_BACKLOG.md; current Capture Wallet contract
WS_RP_MS_ProtocolMessages__128,MessageStructure/ProtocolMessages/WS_RP_MS_ProtocolMessages__128.md,6fd11381e15e8770cc8590f3b2fd9b374744f01862da493e31d4ce1ef817b2fb,Test the Wallet ignores an unrecognized parameter in both the Authorization request & the response following a POST to a response_uri.,"1. Wallet-verifier interaction is successfully initiated. 2. Wallet receives request. 3. The wallet submits the Authorization Response to the verifier's response_uri. 4. The wallet receives the verifier's HTTP 200 JSON response. 5. Wallet opens redirect_uri, shows user success page.",A,None.,none,yes,yes,authorization_request; raw.authorization_request_delivered; raw.outer_request_delivered; raw.request_uri_http; raw.request_uri_response_http; raw.presentation_response_http; raw.presentation_response_verifier_http,none,none,submitted mirror cross-checked to 2b223b56be0d0a073ee0cdc9db1d7fd31d9529a1 (2026-08-13); current ASSERTION_REVIEW_BACKLOG.md; current Capture Wallet contract
WS_RP_MS_ProtocolMessages__129,MessageStructure/ProtocolMessages/WS_RP_MS_ProtocolMessages__129.md,445a4d936da62ebe31c156fa493b3dba0db52688f187c28c0f2e7df69cbc7a83,"Test that when the JWK has kid parameter, the Wallet MUST include that same kid value, in the kid JWE header of the response.","1. Wallet-verifier interaction is successfully initiated 2. Wallet receives request 3. Verify the Wallet returns a response, without an error, and that it includes that same kid value, in the kid JWE header of its response.",A,None.,none,yes,yes,authorization_request; raw.authorization_request_delivered; raw.outer_request_delivered; raw.request_uri_http; raw.request_uri_response_http; raw.presentation_response_http; raw.presentation_response_verifier_http,none,none,submitted mirror cross-checked to 2b223b56be0d0a073ee0cdc9db1d7fd31d9529a1 (2026-08-13); current ASSERTION_REVIEW_BACKLOG.md; current Capture Wallet contract
WS_RP_MS_ProtocolMessages__130,MessageStructure/ProtocolMessages/WS_RP_MS_ProtocolMessages__130.md,4689f8fb8e2d31bd7130fea4ba39228ccc1e092cd9aa4b8ec84763c8f3fbe91f,"Test the Wallet chooses enc from Verifier metadata when explicitly set, to perform the response encryption.","1. Wallet-verifier interaction is successfully initiated. 2. Wallet receives request. 3. Verify the wallet returns a response, without an error, and that it uses that enc value in the verifier metadata to perform its encryption.",A,None.,none,yes,yes,authorization_request; raw.authorization_request_delivered; raw.outer_request_delivered; raw.request_uri_http; raw.request_uri_response_http; raw.presentation_response_http; raw.presentation_response_verifier_http,none,none,submitted mirror cross-checked to 2b223b56be0d0a073ee0cdc9db1d7fd31d9529a1 (2026-08-13); current ASSERTION_REVIEW_BACKLOG.md; current Capture Wallet contract
WS_RP_MS_ProtocolMessages__131,MessageStructure/ProtocolMessages/WS_RP_MS_ProtocolMessages__131.md,72f1f65a714d77f1d1bfcd4fd5ffdc8ba7f7638bddf01c61e25e7a88a4dcb8eb,"Test the Wallet will default to A128GCM for enc value, when Verifier metadata does NOT explicitly set it.","1. Wallet-verifier interaction is successfully initiated. 2. Wallet receives request. 3. Verify the Wallet returns a response, without an error, and that it uses a default enc of A128GCM to perform its encryption.",A,None.,none,yes,yes,authorization_request; raw.authorization_request_delivered; raw.outer_request_delivered; raw.request_uri_http; raw.request_uri_response_http; raw.presentation_response_http; raw.presentation_response_verifier_http,none,none,submitted mirror cross-checked to 2b223b56be0d0a073ee0cdc9db1d7fd31d9529a1 (2026-08-13); current ASSERTION_REVIEW_BACKLOG.md; current Capture Wallet contract
WS_RP_MS_ProtocolMessages__132,MessageStructure/ProtocolMessages/WS_RP_MS_ProtocolMessages__132.md,0a9fe6bf4a347722c381ad5e98f961c2a2b3a659008ea2a14d4a90828eb0a561,Test the Wallet puts the response content fields at the top level of the JWT payload.,"1. Wallet-verifier interaction is successfully initiated. 2. Wallet receives request. 3. Verify the wallet returns an encrypted response. 4. The decrypted JWT payload contains all response parameters as top-level JSON members, not nested inside a sub-object.",A,None.,none,yes,yes,authorization_request; raw.authorization_request_delivered; raw.outer_request_delivered; raw.request_uri_http; raw.request_uri_response_http; raw.presentation_response_http; raw.presentation_response_verifier_http,none,none,submitted mirror cross-checked to 2b223b56be0d0a073ee0cdc9db1d7fd31d9529a1 (2026-08-13); current ASSERTION_REVIEW_BACKLOG.md; current Capture Wallet contract
WS_RP_MS_ProtocolMessages__133,MessageStructure/ProtocolMessages/WS_RP_MS_ProtocolMessages__133.md,8ea8111e43bbf00b27049c36b6c49d055f57000db10aa131fd576ab58d909dbd,Test that Response Mode direct_post.jwt causes the Wallet to send the Authorization Response using an HTTP POST request.,1. Wallet-verifier interaction is successfully initiated. 2. Wallet receives request. 3. Verify the wallet returns an Authorization response using an HTTP POST request.,A,None.,none,yes,yes,authorization_request; raw.authorization_request_delivered; raw.outer_request_delivered; raw.request_uri_http; raw.request_uri_response_http; raw.presentation_response_http; raw.presentation_response_verifier_http,none,none,submitted mirror cross-checked to 2b223b56be0d0a073ee0cdc9db1d7fd31d9529a1 (2026-08-13); current ASSERTION_REVIEW_BACKLOG.md; current Capture Wallet contract
WS_RP_MS_ProtocolMessages__134,MessageStructure/ProtocolMessages/WS_RP_MS_ProtocolMessages__134.md,b4ffc3966a7a7fe3c2a47ca5dfd0ff15cc95672874780571819dbec18af4dec6,"Verify that for direct_post.jwt, the Wallet encapsulates the response in a JWT and delivers it via an HTTP POST body with the correct Content-Type.",1. Wallet-verifier interaction is successfully initiated. 2. Wallet receives request. 3. Verify the wallet sends an HTTP POST request. 4. Body is form-encoded and contains the response parameter holding the JWT.,A,None.,none,yes,yes,authorization_request; raw.authorization_request_delivered; raw.outer_request_delivered; raw.request_uri_http; raw.request_uri_response_http; raw.presentation_response_http; raw.presentation_response_verifier_http,none,none,submitted mirror cross-checked to 2b223b56be0d0a073ee0cdc9db1d7fd31d9529a1 (2026-08-13); current ASSERTION_REVIEW_BACKLOG.md; current Capture Wallet contract
WS_RP_MS_ProtocolMessages__135,MessageStructure/ProtocolMessages/WS_RP_MS_ProtocolMessages__135.md,99c1290406cbf357bbbb4aa8b59878bd331a973e5d8f70666bd349e4935d45f9,"Verify that when transaction_data is provided in the request, the Wallet includes a reference to it in the credential presentation, to ensure transaction integrity.",1. Wallet-verifier interaction is successfully initiated. 2. Wallet receives request. 3. The wallet displays the transaction_data to the user and processes the request upon user approval. 4. The wallet submits a presentation whose JWT payload contains a transaction_data_hashes parameter referencing the transaction_data from the request; the verifier successfully identifies and validates the reference.,D,Wallet must support the source-required transaction-data type or hash profile.,6.2,partial,no,authorization_request; raw.authorization_request_delivered; raw.outer_request_delivered; raw.request_uri_http; raw.request_uri_response_http; raw.presentation_response_http; raw.presentation_response_verifier_http,No reference-Wallet-supported transaction-data type is known.,reference Wallet / profile,submitted mirror cross-checked to 2b223b56be0d0a073ee0cdc9db1d7fd31d9529a1 (2026-08-13); current ASSERTION_REVIEW_BACKLOG.md; current Capture Wallet contract
WS_RP_MS_ProtocolMessages__136,MessageStructure/ProtocolMessages/WS_RP_MS_ProtocolMessages__136.md,f66577bb9f4bcf0a475860ab72871d2d44b7efba724856cdd8da5cfcc63ce4ff,"Test a Wallet that received transaction_data in a request, but cannot support it, MUST return an error.","1. Wallet-verifier interaction is successfully initiated. 2. Wallet receives request. 3. Wallet does NOT show a credential selection screen to user, it will return an error response.",A,None.,none,yes,yes,authorization_request; raw.authorization_request_delivered; raw.outer_request_delivered; raw.request_uri_http; raw.request_uri_response_http; raw.presentation_response_http; raw.presentation_response_verifier_http,none,none,submitted mirror cross-checked to 2b223b56be0d0a073ee0cdc9db1d7fd31d9529a1 (2026-08-13); current ASSERTION_REVIEW_BACKLOG.md; current Capture Wallet contract
WS_RP_MS_ProtocolMessages__137,MessageStructure/ProtocolMessages/WS_RP_MS_ProtocolMessages__137.md,3149778963933b9532997359156fbfd7a3c7e037ff4e0803a782550ba924e3ec,Test that the Wallet responds with invalid_scope when the Requested scope value is unknown.,1. Wallet-verifier interaction is successfully initiated. 2. Wallet receives request. 3. The Wallet does NOT proceed to credential selection or user authorization. 4. Verify: The Wallet returns an error response where the error parameter is exactly invalid_scope.,A,None.,none,yes,yes,authorization_request; raw.authorization_request_delivered; raw.outer_request_delivered; raw.request_uri_http; raw.request_uri_response_http; raw.presentation_response_http; raw.presentation_response_verifier_http,none,none,submitted mirror cross-checked to 2b223b56be0d0a073ee0cdc9db1d7fd31d9529a1 (2026-08-13); current ASSERTION_REVIEW_BACKLOG.md; current Capture Wallet contract
WS_RP_MS_ProtocolMessages__138,MessageStructure/ProtocolMessages/WS_RP_MS_ProtocolMessages__138.md,ff45a6910f91d20c7ed6e430a063e27d4789b2768f98de6ea81b8e123ae1ff16,Test that the Wallet responds with invalid_scope when the Requested scope value is malformed.,1. Wallet-verifier interaction is successfully initiated. 2. Wallet receives request. 3. The Wallet does NOT proceed to credential selection or user authorization. 4. The Wallet returns an error response where the error parameter is exactly invalid_scope.,A,None.,none,yes,yes,authorization_request; raw.authorization_request_delivered; raw.outer_request_delivered; raw.request_uri_http; raw.request_uri_response_http; raw.presentation_response_http; raw.presentation_response_verifier_http,none,none,submitted mirror cross-checked to 2b223b56be0d0a073ee0cdc9db1d7fd31d9529a1 (2026-08-13); current ASSERTION_REVIEW_BACKLOG.md; current Capture Wallet contract
WS_RP_MS_ProtocolMessages__139,MessageStructure/ProtocolMessages/WS_RP_MS_ProtocolMessages__139.md,515315107e04ef9530e34c9b4f8a853169b3d94eafdb8af737aac5012dd9d192,Test that the Wallet responds with invalid_scope when the Requested scope value is empty.,1. Wallet-verifier interaction is successfully initiated. 2. Wallet receives request. 3. The Wallet does NOT proceed to credential selection or user authorization. 4. The Wallet returns an error response where the error parameter is exactly invalid_scope.,A,None.,none,yes,yes,authorization_request; raw.authorization_request_delivered; raw.outer_request_delivered; raw.request_uri_http; raw.request_uri_response_http; raw.presentation_response_http; raw.presentation_response_verifier_http,none,none,submitted mirror cross-checked to 2b223b56be0d0a073ee0cdc9db1d7fd31d9529a1 (2026-08-13); current ASSERTION_REVIEW_BACKLOG.md; current Capture Wallet contract
WS_RP_MS_ProtocolMessages__140,MessageStructure/ProtocolMessages/WS_RP_MS_ProtocolMessages__140.md,8b69116d827c3198a94671f98bf9f216db95ce3e83d44e85b00066581d5e3877,"Test that the Wallet will not leave the verifier hanging after an error response, it must terminate the session.",1. Wallet-verifier interaction is successfully initiated. 2. Wallet receives request. 3. The wallet identifies the scope as invalid and does not proceed to credential selection or user authorization. 4. The wallet returns an error response where the error parameter is exactly invalid_scope. 5. The wallet terminates the session without leaving the verifier hanging; no further communication is sent.,A,None.,none,yes,yes,authorization_request; raw.authorization_request_delivered; raw.outer_request_delivered; raw.request_uri_http; raw.request_uri_response_http; raw.presentation_response_http; raw.presentation_response_verifier_http,none,none,submitted mirror cross-checked to 2b223b56be0d0a073ee0cdc9db1d7fd31d9529a1 (2026-08-13); current ASSERTION_REVIEW_BACKLOG.md; current Capture Wallet contract
WS_RP_MS_ProtocolMessages__141,MessageStructure/ProtocolMessages/WS_RP_MS_ProtocolMessages__141.md,5623ba24d8c91e74caae34ba85d8f134987b94cb1989e8ac30cebf387729e447,Test the Wallet responds with invalid_request when the request contains both a dcql_query parameter and a scope parameter referencing a DCQL query.,1. Wallet-verifier interaction is successfully initiated. 2. Wallet receives request. 3. The Wallet does NOT proceed to credential selection or user authorization. 4. The Wallet returns an error response where the error parameter is exactly invalid_request.,D,Wallet must resolve a defined scope to its DCQL query.,6.1,partial,no,authorization_request; raw.authorization_request_delivered; raw.outer_request_delivered; raw.request_uri_http; raw.request_uri_response_http; raw.presentation_response_http; raw.presentation_response_verifier_http,No mutually supported scope-to-DCQL mapping is defined.,reference Wallet / profile,submitted mirror cross-checked to 2b223b56be0d0a073ee0cdc9db1d7fd31d9529a1 (2026-08-13); current ASSERTION_REVIEW_BACKLOG.md; current Capture Wallet contract
WS_RP_MS_ProtocolMessages__142,MessageStructure/ProtocolMessages/WS_RP_MS_ProtocolMessages__142.md,c9eee6d90a90797e99d1be6669137f8694cd59e8ae807c5599728a131274c1d9,"Test the Wallet responds with invalid_request when the request asks for a vp_token, but does not include instructions on what data to put in the token.",1. Wallet-verifier interaction is successfully initiated. 2. Wallet receives request. 3. True: The Wallet does NOT proceed to credential selection or user authorization. 4. Verify: The Wallet returns an error response where the error parameter is exactly invalid_request.,A,None.,none,yes,yes,authorization_request; raw.authorization_request_delivered; raw.outer_request_delivered; raw.request_uri_http; raw.request_uri_response_http; raw.presentation_response_http; raw.presentation_response_verifier_http,none,none,submitted mirror cross-checked to 2b223b56be0d0a073ee0cdc9db1d7fd31d9529a1 (2026-08-13); current ASSERTION_REVIEW_BACKLOG.md; current Capture Wallet contract
WS_RP_MS_ProtocolMessages__143,MessageStructure/ProtocolMessages/WS_RP_MS_ProtocolMessages__143.md,b57a403af3e63b4f86f2f8bd04a3b8d06e555290172215cacbcfaecb1c714e48,Test the Wallet responds with invalid_request when the Wallet does not support the Client Identifier Prefix passed in the Authorization Request.,1. Wallet-verifier interaction is successfully initiated. 2. Wallet receives request. 3. True: The Wallet does NOT proceed to credential selection or user authorization. 4. Verify: The Wallet returns an error response where the error parameter is exactly invalid_request.,A,None.,none,yes,yes,authorization_request; raw.authorization_request_delivered; raw.outer_request_delivered; raw.request_uri_http; raw.request_uri_response_http; raw.presentation_response_http; raw.presentation_response_verifier_http,none,none,submitted mirror cross-checked to 2b223b56be0d0a073ee0cdc9db1d7fd31d9529a1 (2026-08-13); current ASSERTION_REVIEW_BACKLOG.md; current Capture Wallet contract
WS_RP_MS_ProtocolMessages__144,MessageStructure/ProtocolMessages/WS_RP_MS_ProtocolMessages__144.md,99926c4c95417612f730220731406bffafb3e147dcbb5ffd5cc310a4661a8e90,Test the Wallet responds with invalid_request if the Client Identifier violates the specific security requirements of its prefix.,1. Wallet-verifier interaction is successfully initiated. 2. Wallet receives request. 3. True: The Wallet does NOT proceed to credential selection or user authorization. 4. Verify: The Wallet returns an error response where the error parameter is exactly invalid_request.,A,None.,none,yes,yes,authorization_request; raw.authorization_request_delivered; raw.outer_request_delivered; raw.request_uri_http; raw.request_uri_response_http; raw.presentation_response_http; raw.presentation_response_verifier_http,none,none,submitted mirror cross-checked to 2b223b56be0d0a073ee0cdc9db1d7fd31d9529a1 (2026-08-13); current ASSERTION_REVIEW_BACKLOG.md; current Capture Wallet contract
WS_RP_MS_ProtocolMessages__145,MessageStructure/ProtocolMessages/WS_RP_MS_ProtocolMessages__145.md,55949ded94581761502dbf4af378b8325345f843cea91c9ae901f998ddbb2412,Verify that the Wallet returns an invalid_client error when it receives client_metadata in a request from a Verifier that the Wallet already has locally stored metadata for.,1. Wallet-verifier interaction is successfully initiated. 2. Wallet receives request. 3. True: The Wallet does NOT proceed to credential selection or user authorization. 4. Verify: The Wallet returns an error response where the error parameter is exactly invalid_client.,E,Provide Wallet-local or trusted-registry verifier metadata and the required conflict response.,7,no,no,authorization_request; raw.authorization_request_delivered; raw.outer_request_delivered; raw.request_uri_http; raw.request_uri_response_http; raw.presentation_response_http; raw.presentation_response_verifier_http,The selected Wallet has no configured local or trusted-registry verifier record.,external registry / reference Wallet,submitted mirror cross-checked to 2b223b56be0d0a073ee0cdc9db1d7fd31d9529a1 (2026-08-13); current ASSERTION_REVIEW_BACKLOG.md; current Capture Wallet contract
WS_RP_MS_ProtocolMessages__146,MessageStructure/ProtocolMessages/WS_RP_MS_ProtocolMessages__146.md,cfad96d667b504a5bfae1a6d0cf69e6167bc946712372f8cfc47edd6e290f6a7,"Verify that the Wallet returns invalid_client when the client_id resolves to a trusted registry entry, but the request attempts to override it with dynamic client_metadata.",1. Wallet-verifier interaction is successfully initiated. 2. Wallet receives request. 3. True: The Wallet does NOT proceed to credential selection or user authorization. 4. Verify: The Wallet returns an error response where the error parameter is exactly invalid_client.,E,Provide Wallet-local or trusted-registry verifier metadata and the required conflict response.,7,no,no,authorization_request; raw.authorization_request_delivered; raw.outer_request_delivered; raw.request_uri_http; raw.request_uri_response_http; raw.presentation_response_http; raw.presentation_response_verifier_http,The selected Wallet has no configured local or trusted-registry verifier record.,external registry / reference Wallet,submitted mirror cross-checked to 2b223b56be0d0a073ee0cdc9db1d7fd31d9529a1 (2026-08-13); current ASSERTION_REVIEW_BACKLOG.md; current Capture Wallet contract
WS_RP_MS_ProtocolMessages__147,MessageStructure/ProtocolMessages/WS_RP_MS_ProtocolMessages__147.md,c67bb8961dd41e928a49b6170f3f001419031fbe3b017badf840dd92e026f8fe,Test the Wallet returns the access_denied error message when the Wallet does not have the requested Credentials to satisfy the Authorization Request.,"1. Wallet-verifier interaction is successfully initiated. 2. Wallet receives request. 3. The Wallet does NOT proceed to credential selection or user authorization. 4. Verify the Wallet returns an error response, where the error parameter is exactly access_denied.",A,None.,none,yes,yes,authorization_request; raw.authorization_request_delivered; raw.outer_request_delivered; raw.request_uri_http; raw.request_uri_response_http; raw.presentation_response_http; raw.presentation_response_verifier_http,none,none,submitted mirror cross-checked to 2b223b56be0d0a073ee0cdc9db1d7fd31d9529a1 (2026-08-13); current ASSERTION_REVIEW_BACKLOG.md; current Capture Wallet contract
WS_RP_MS_ProtocolMessages__148,MessageStructure/ProtocolMessages/WS_RP_MS_ProtocolMessages__148.md,c10ecfee6479727ba0c6263574709fcab82ad45a0bf8f4ecf506b8faf23accb8,Test the Wallet returns the access_denied error message when the End-User did not give consent to share the requested Credentials with the Verifier.,"1. Wallet-verifier interaction is successfully initiated. 2. Wallet receives request. 3. The Wallet proceeds to credential selection or user authorization. 4. The wallet detects the user's denial of consent and does not proceed with credential presentation. 5. The Wallet does NOT return a vp_token, instead it returns an error response, where the error parameter is exactly access_denied.",A,None.,none,yes,yes,authorization_request; raw.authorization_request_delivered; raw.outer_request_delivered; raw.request_uri_http; raw.request_uri_response_http; raw.presentation_response_http; raw.presentation_response_verifier_http,none,none,submitted mirror cross-checked to 2b223b56be0d0a073ee0cdc9db1d7fd31d9529a1 (2026-08-13); current ASSERTION_REVIEW_BACKLOG.md; current Capture Wallet contract
WS_RP_MS_ProtocolMessages__149,MessageStructure/ProtocolMessages/WS_RP_MS_ProtocolMessages__149.md,d3091363bc4160707464b757355fafe66983c52f606e37dda8b084d1472c1583,Test the Wallet returns the access_denied error message when the Wallet failed to authenticate the End-User.,"1. Wallet-verifier interaction is successfully initiated 2. Wallet receives request 3. The Wallet proceeds to credential selection or user authorization. 4. True. 5. Verify the Wallet does NOT return a vp_token, instead it returns an error response, where the error parameter is exactly access_denied.",A,None.,none,yes,yes,authorization_request; raw.authorization_request_delivered; raw.outer_request_delivered; raw.request_uri_http; raw.request_uri_response_http; raw.presentation_response_http; raw.presentation_response_verifier_http,none,none,submitted mirror cross-checked to 2b223b56be0d0a073ee0cdc9db1d7fd31d9529a1 (2026-08-13); current ASSERTION_REVIEW_BACKLOG.md; current Capture Wallet contract
WS_RP_MS_ProtocolMessages__150,MessageStructure/ProtocolMessages/WS_RP_MS_ProtocolMessages__150.md,23bbf25247808de7399935c7ea6134210fbc0eb6e08394e658a56b1883bb2bf6,Test the Wallet returns the error message vp_formats_not_supported when the wallet does not support any of the formats requested. (vc+sd-jwt case),"1. Wallet-verifier interaction is successfully initiated 2. Wallet receives request 3. The Wallet identifies it cannot fulfill request due to format requirement and does NOT show credential selection screen. 4. Verify the Wallet returns an error response, where the error parameter is exactly vp_formats_not_supported.",A,None.,none,yes,yes,authorization_request; raw.authorization_request_delivered; raw.outer_request_delivered; raw.request_uri_http; raw.request_uri_response_http; raw.presentation_response_http; raw.presentation_response_verifier_http,none,none,submitted mirror cross-checked to 2b223b56be0d0a073ee0cdc9db1d7fd31d9529a1 (2026-08-13); current ASSERTION_REVIEW_BACKLOG.md; current Capture Wallet contract
WS_RP_MS_ProtocolMessages__151,MessageStructure/ProtocolMessages/WS_RP_MS_ProtocolMessages__151.md,4087d8dbcbab36b87764e1b5e635651e3c81bce259ff68b48234d0e3b2c024f0,Test the Wallet returns the error message vp_formats_not_supported when the Wallet does not support any of the formats requested. (mso_mdoc case),"1. Wallet-verifier interaction is successfully initiated 2. Wallet receives request 3. The Wallet identifies it cannot fulfill request due to format requirement and does NOT show credential selection screen. 4. Verify the Wallet returns an error response, where the error parameter is exactly vp_formats_not_supported.",D,Reference Wallet or environment must provide the source-required execution capability.,7,partial,no,authorization_request; raw.authorization_request_delivered; raw.outer_request_delivered; raw.request_uri_http; raw.request_uri_response_http; raw.presentation_response_http; raw.presentation_response_verifier_http,"The required Wallet profile, invocation path, device condition, or transport limit is unavailable.",reference Wallet / environment,submitted mirror cross-checked to 2b223b56be0d0a073ee0cdc9db1d7fd31d9529a1 (2026-08-13); current ASSERTION_REVIEW_BACKLOG.md; current Capture Wallet contract
WS_RP_MS_ProtocolMessages__152,MessageStructure/ProtocolMessages/WS_RP_MS_ProtocolMessages__152.md,0cafe241c882eb4892b191cd51e6f835133d6f6d9bec69e173bfca086621f29c,Test the Wallet returns the error message invalid_request_uri_method when the value of request_uri_method is invalid.,"1. Wallet-verifier interaction is successfully initiated. 2. Wallet receives request. 3. The Wallet identifies it cannot fetch request object. 4. Verify the Wallet returns an error response, where the error parameter is exactly invalid_request_uri_method.",A,None.,none,yes,yes,authorization_request; raw.authorization_request_delivered; raw.outer_request_delivered; raw.request_uri_http; raw.request_uri_response_http; raw.presentation_response_http; raw.presentation_response_verifier_http,none,none,submitted mirror cross-checked to 2b223b56be0d0a073ee0cdc9db1d7fd31d9529a1 (2026-08-13); current ASSERTION_REVIEW_BACKLOG.md; current Capture Wallet contract
WS_RP_MS_ProtocolMessages__153,MessageStructure/ProtocolMessages/WS_RP_MS_ProtocolMessages__153.md,4f32a9f99d2e4871550838a6a535dcf0178eb548efe9e17db60e057c2289e974,"Test the Wallet returns the invalid_transaction_data error message, when one object in the transaction_data structure contains an unsupported transaction data type value.","1. Wallet-verifier interaction is successfully initiated. 2. Wallet receives request. 3. Wallet identifies unsupported type. 4. Verify the Wallet does NOT proceed to the user consent screen, instead it must return an error response: invalid_transaction_data.",A,None.,none,yes,yes,authorization_request; raw.authorization_request_delivered; raw.outer_request_delivered; raw.request_uri_http; raw.request_uri_response_http; raw.presentation_response_http; raw.presentation_response_verifier_http,none,none,submitted mirror cross-checked to 2b223b56be0d0a073ee0cdc9db1d7fd31d9529a1 (2026-08-13); current ASSERTION_REVIEW_BACKLOG.md; current Capture Wallet contract
WS_RP_MS_ProtocolMessages__154,MessageStructure/ProtocolMessages/WS_RP_MS_ProtocolMessages__154.md,bece8150d8faba65d32125eea855e3fe9a6bd64d825a227dccd885ecf42919df,"Test the Wallet returns the invalid_transaction_data error message, when one object in the transaction_data structure is an object of a known type but containing an unknown field.","1. Wallet-verifier interaction is successfully initiated. 2. Wallet receives request. 3. Wallet identifies unknown field. 4. Verify the Wallet does NOT proceed to the user consent screen, instead it must return an error response: invalid_transaction_data.",D,Wallet must support the source-required transaction-data type or hash profile.,6.2,partial,no,authorization_request; raw.authorization_request_delivered; raw.outer_request_delivered; raw.request_uri_http; raw.request_uri_response_http; raw.presentation_response_http; raw.presentation_response_verifier_http,No reference-Wallet-supported transaction-data type is known.,reference Wallet / profile,submitted mirror cross-checked to 2b223b56be0d0a073ee0cdc9db1d7fd31d9529a1 (2026-08-13); current ASSERTION_REVIEW_BACKLOG.md; current Capture Wallet contract
WS_RP_MS_ProtocolMessages__155,MessageStructure/ProtocolMessages/WS_RP_MS_ProtocolMessages__155.md,70a4cf6725ae7fbe3cdee160e346fbd7175256eee52d1b2bc8ba5013e4c50b6e,"Test the Wallet returns the invalid_transaction_data error message, when one object in the transaction_data structure contains fields of the wrong type for the transaction data type.","1. Wallet-verifier interaction is successfully initiated. 2. Wallet receives request. 3. Wallet identifies type mismatch. 4. Verify the Wallet does NOT proceed to the user consent screen, instead it must return an error response: invalid_transaction_data.",D,Wallet must support the source-required transaction-data type or hash profile.,6.2,partial,no,authorization_request; raw.authorization_request_delivered; raw.outer_request_delivered; raw.request_uri_http; raw.request_uri_response_http; raw.presentation_response_http; raw.presentation_response_verifier_http,No reference-Wallet-supported transaction-data type is known.,reference Wallet / profile,submitted mirror cross-checked to 2b223b56be0d0a073ee0cdc9db1d7fd31d9529a1 (2026-08-13); current ASSERTION_REVIEW_BACKLOG.md; current Capture Wallet contract
WS_RP_MS_ProtocolMessages__156,MessageStructure/ProtocolMessages/WS_RP_MS_ProtocolMessages__156.md,6b4226e194089c8461157c417e32366a9e041af82ce4b650225b53e9273391bb,"Test the Wallet returns the invalid_transaction_data error message, when one object in the transaction_data structure contains fields with invalid values for the transaction data type.","1. Wallet-verifier interaction is successfully initiated. 2. Wallet receives request. 3. Wallet identifies value outside acceptable range. 4. Verify the Wallet does NOT proceed to the user consent screen, instead it must return an error response: invalid_transaction_data.",D,Wallet must support the source-required transaction-data type or hash profile.,6.2,partial,no,authorization_request; raw.authorization_request_delivered; raw.outer_request_delivered; raw.request_uri_http; raw.request_uri_response_http; raw.presentation_response_http; raw.presentation_response_verifier_http,No reference-Wallet-supported transaction-data type is known.,reference Wallet / profile,submitted mirror cross-checked to 2b223b56be0d0a073ee0cdc9db1d7fd31d9529a1 (2026-08-13); current ASSERTION_REVIEW_BACKLOG.md; current Capture Wallet contract
WS_RP_MS_ProtocolMessages__157,MessageStructure/ProtocolMessages/WS_RP_MS_ProtocolMessages__157.md,b7c70dda062db250892e554556fb274a6d7df6d7587ee805086bb04d68e09aca,"Test the Wallet returns the invalid_transaction_data error message, when one object in the transaction_data structure is missing required fields for the transaction data type.","1. Wallet-verifier interaction is successfully initiated. 2. Wallet receives request. 3. Wallet identifies missing mandatory field. 4. Verify the Wallet does NOT proceed to the user consent screen, instead it must return an error response: invalid_transaction_data.",D,Wallet must support the source-required transaction-data type or hash profile.,6.2,partial,no,authorization_request; raw.authorization_request_delivered; raw.outer_request_delivered; raw.request_uri_http; raw.request_uri_response_http; raw.presentation_response_http; raw.presentation_response_verifier_http,No reference-Wallet-supported transaction-data type is known.,reference Wallet / profile,submitted mirror cross-checked to 2b223b56be0d0a073ee0cdc9db1d7fd31d9529a1 (2026-08-13); current ASSERTION_REVIEW_BACKLOG.md; current Capture Wallet contract
WS_RP_MS_ProtocolMessages__158,MessageStructure/ProtocolMessages/WS_RP_MS_ProtocolMessages__158.md,95e1ebb6b3cedc7b4e87e3767df9a0177dd955a36e5b35adb8b1d95b1b38d1ee,"Test the Wallet returns the invalid_transaction_data error message, when one object in the transaction_data structure has credential_ids that do not match to the credentials requested.","1. Wallet-verifier interaction is successfully initiated. 2. Wallet receives request. 3. Wallet identifies mismatch of credential_ids. 4. Verify the Wallet does NOT proceed to the user consent screen, instead it must return an error response: invalid_transaction_data.",D,Wallet must support the source-required transaction-data type or hash profile.,6.2,partial,no,authorization_request; raw.authorization_request_delivered; raw.outer_request_delivered; raw.request_uri_http; raw.request_uri_response_http; raw.presentation_response_http; raw.presentation_response_verifier_http,No reference-Wallet-supported transaction-data type is known.,reference Wallet / profile,submitted mirror cross-checked to 2b223b56be0d0a073ee0cdc9db1d7fd31d9529a1 (2026-08-13); current ASSERTION_REVIEW_BACKLOG.md; current Capture Wallet contract
WS_RP_MS_ProtocolMessages__159,MessageStructure/ProtocolMessages/WS_RP_MS_ProtocolMessages__159.md,3d72d188df59fe71a0b186b0c431b8d8a4e36c70b1f4c9b2904bfb50810a5945,"Test the Wallet returns the invalid_transaction_data error message, when one object in the transaction_data structure has referenced Credential(s) that are not available in the Wallet.","1. Wallet-verifier interaction is successfully initiated. 2. Wallet receives request. 3. Wallet identifies that it does not hold credentials of credential_ids in transaction_data object. 4. Verify the Wallet does NOT proceed to the user consent screen, instead it must return an error response: invalid_transaction_data.",D,Wallet must support the source-required transaction-data type or hash profile.,6.2,partial,no,authorization_request; raw.authorization_request_delivered; raw.outer_request_delivered; raw.request_uri_http; raw.request_uri_response_http; raw.presentation_response_http; raw.presentation_response_verifier_http,No reference-Wallet-supported transaction-data type is known.,reference Wallet / profile,submitted mirror cross-checked to 2b223b56be0d0a073ee0cdc9db1d7fd31d9529a1 (2026-08-13); current ASSERTION_REVIEW_BACKLOG.md; current Capture Wallet contract
WS_RP_SH_Cryptography_CryptographicHash_001,Shared/Cryptography/WS_RP_SH_Cryptography_CryptographicHash_001.md,e192b2fa8949f6ac005ad38b4c941fcf2736a6f9707595ad447d9d442e0f9e00,"Verify that when presenting an IETF SD-JWT VC, the Wallet produces a Verifiable Presentation whose digests are generated using SHA-256.",1. Wallet-Verifier interaction is successfully initiated. 2. Wallet successfully processes Authorization Request. 3. Wallet sends an Authorization Response whose vp_token holds the SD-JWT VC with SHA-256-based digests.,A,None.,none,yes,yes,authorization_request; raw.authorization_request_delivered; raw.presentation_response_http; raw.presentation_response_verifier_http; checks,none,none,submitted mirror cross-checked to 2b223b56be0d0a073ee0cdc9db1d7fd31d9529a1 (2026-08-13); current ASSERTION_REVIEW_BACKLOG.md; current Capture Wallet contract
WS_RP_SH_Cryptography_CryptographicHash_002,Shared/Cryptography/WS_RP_SH_Cryptography_CryptographicHash_002.md,0be28c4eebc7e30d7525850cd59c2c08480231fa528a648e2eb24c646876b6f2,"Verify that whenever Wallet uses hash function during presentation for ISO mdoc, it leverages hash algorithm SHA-256.",1. Wallet successfully engages with the Verifier. 2. Wallet processes Authorization Request. 3. Wallet sends an Authorization Response whose vp_token holds the ISO mdoc with SHA-256-based digests.,A,None.,none,yes,yes,authorization_request; raw.authorization_request_delivered; raw.presentation_response_http; raw.presentation_response_verifier_http; checks,none,none,submitted mirror cross-checked to 2b223b56be0d0a073ee0cdc9db1d7fd31d9529a1 (2026-08-13); current ASSERTION_REVIEW_BACKLOG.md; current Capture Wallet contract
WS_RP_SH_Cryptography_CryptographicHash_006,Shared/Cryptography/WS_RP_SH_Cryptography_CryptographicHash_006.md,a60d80ce7a4882a95ac94b9f6dc9d3ba87e1a97b1fd2a10ea18961ed2f9b6c78,"Verify that Wallet includes in its metadata information related to other hash algorithms supported, if the Wallet profile allows other hash algorithms",1. Wallet does include other hash algorithms supported (besides SHA-256) in its Metadata.,A,None.,none,yes,yes,authorization_request; raw.authorization_request_delivered; raw.presentation_response_http; raw.presentation_response_verifier_http; checks,none,none,submitted mirror cross-checked to 2b223b56be0d0a073ee0cdc9db1d7fd31d9529a1 (2026-08-13); current ASSERTION_REVIEW_BACKLOG.md; current Capture Wallet contract
WS_RP_SH_Cryptography_CryptographicHash_007,Shared/Cryptography/WS_RP_SH_Cryptography_CryptographicHash_007.md,cc886c358307b041aeaed63344195e6222c36b513676ae0c0d54c827a14be039,Verify that Wallet does not use other hash algorithm than SHA-256 during presentation if that is not supported by the Verifier.,1. Wallet successfully initiates the interaction and 2. Wallet receives the Authorization Request advertising SHA-256 only. 3. Wallet sends an Authorization Response whose vp_token holds SHA-256-based digests.,A,None.,none,yes,yes,authorization_request; raw.authorization_request_delivered; raw.presentation_response_http; raw.presentation_response_verifier_http; checks,none,none,submitted mirror cross-checked to 2b223b56be0d0a073ee0cdc9db1d7fd31d9529a1 (2026-08-13); current ASSERTION_REVIEW_BACKLOG.md; current Capture Wallet contract
WS_RP_SH_Cryptography_CryptographicHash_008,Shared/Cryptography/WS_RP_SH_Cryptography_CryptographicHash_008.md,3d1122c7c08a0913bba691624a0955d1ada49716c2aa8186ff80134a7a7c3ad4,Verify that Wallet raises an error if Verifier uses any hashing function other than SHA-256 and that is not included in the Verifier Client Metadata.,1. Wallet raises an error when Verifier uses any hashing function other than SHA-256.,D,Wallet must support the source-required transaction-data type or hash profile.,6.2,partial,no,authorization_request; raw.authorization_request_delivered; raw.presentation_response_http; raw.presentation_response_verifier_http; checks,No reference-Wallet-supported transaction-data type is known.,reference Wallet / profile,submitted mirror cross-checked to 2b223b56be0d0a073ee0cdc9db1d7fd31d9529a1 (2026-08-13); current ASSERTION_REVIEW_BACKLOG.md; current Capture Wallet contract
WS_RP_SH_Cryptography_CryptographicHash_010,Shared/Cryptography/WS_RP_SH_Cryptography_CryptographicHash_010.md,a3a92717a72bb4723797468ab31253257c177497f502a960046d0c1339966da1,"Verify that when the credential to be presented uses a digest hash algorithm other than SHA-256 that the Wallet does not support, the Wallet does not produce a presentation for that credential.","1. Wallet successfully initiates the interaction. 2. Wallet receives the Authorization Request. 3. Wallet does not send an Authorization Response containing a vp_token for that credential, presentation is terminated.",A,None.,none,yes,yes,authorization_request; raw.authorization_request_delivered; raw.presentation_response_http; raw.presentation_response_verifier_http; checks,none,none,submitted mirror cross-checked to 2b223b56be0d0a073ee0cdc9db1d7fd31d9529a1 (2026-08-13); current ASSERTION_REVIEW_BACKLOG.md; current Capture Wallet contract
WS_RP_SH_Cryptography_Encryption_002,Shared/Cryptography/WS_RP_SH_Cryptography_Encryption_002.md,396259988bcaff3c1839a7b57ef8f25d82b525b897e6c3988852d527ea5b8339,"Verify that if `encrypted_response_enc_values_supported` within client metadata from the Verifier, does not include A256GCM, and Wallet only supports A256GCM, the Wallet responds with an error.",1. Wallet-verifier interaction is successfully initiated. 2. Wallet receives the Authorization Request 3. Wallet successfully proccesses request. 4. Wallet returns an access_denied error.,A,None.,none,yes,yes,authorization_request; raw.authorization_request_delivered; raw.presentation_response_http; raw.presentation_response_verifier_http; checks,none,none,submitted mirror cross-checked to 2b223b56be0d0a073ee0cdc9db1d7fd31d9529a1 (2026-08-13); current ASSERTION_REVIEW_BACKLOG.md; current Capture Wallet contract
WS_RP_SH_Encoding_TextualEncoding_001,Shared/Encoding/WS_RP_SH_Encoding_TextualEncoding_001.md,589f64cf828c1bd4d9f54701f5aa9e9d1e531e2807027054f320e1bca203b7e3,"Test that in a claims path pointer array, a string value indicates the respected key is to be selected.","1. Wallet-verifier interaction is successfully initiated. 2. Wallet successfully receives the Authorization Request. 3. Wallet successfully parses the Authorization Request and the DCQL query. 4. Wallet correctly resolves the path pointer to the targeted key in the Credential. 5. Wallet selects the value associated with that key (e.g. ""Arthur Dent"" for path: [""name""]). 6. Wallet returns an Authorization Response containing only the selected claim value.",A,None.,none,yes,yes,authorization_request; raw.authorization_request_delivered; raw.presentation_response_http; raw.presentation_response_verifier_http; checks,none,none,submitted mirror cross-checked to 2b223b56be0d0a073ee0cdc9db1d7fd31d9529a1 (2026-08-13); current ASSERTION_REVIEW_BACKLOG.md; current Capture Wallet contract
WS_RP_SH_Encoding_TextualEncoding_002,Shared/Encoding/WS_RP_SH_Encoding_TextualEncoding_002.md,1e686ada2d5143e6f36e526d2858f160090e241af50f3501eb9c0169a46c200a,Test that a null value indicates that all elements of the currently selected array(s) are to be selected.,1. Wallet-verifier interaction is successfully initiated. 2. Wallet successfully receives the Authorization Request. 3. Wallet successfully parses the Authorization Request and the DCQL query. 4. Wallet correctly resolves the path pointer up to the null element. 5. Wallet selects all elements of the currently selected array(s) at the null position (e.g. all type values across all entries of the degrees array). 6. Wallet returns an Authorization Response containing all selected claim values.,A,None.,none,yes,yes,authorization_request; raw.authorization_request_delivered; raw.presentation_response_http; raw.presentation_response_verifier_http; checks,none,none,submitted mirror cross-checked to 2b223b56be0d0a073ee0cdc9db1d7fd31d9529a1 (2026-08-13); current ASSERTION_REVIEW_BACKLOG.md; current Capture Wallet contract
WS_RP_SH_Encoding_TextualEncoding_003,Shared/Encoding/WS_RP_SH_Encoding_TextualEncoding_003.md,a46ff9150081e254a01e8e562c12265cce558b76d8b6df45aab5ea241e299497,Test that a non-negative integer indicates that the respective index in an array is to be selected.,"1. Wallet-verifier interaction is successfully initiated. 2. Wallet successfully receives the Authorization Request. 3. Wallet successfully parses the Authorization Request and the DCQL query. 4. Wallet correctly resolves the path pointer up to the integer element. 5. Wallet selects the array element at the specified index (e.g. ""Betelgeusian"" for path: [""nationalities"", 1], where nationalities[1] = ""Betelgeusian""). 6. Wallet returns an Authorization Response containing only the selected array element value.",A,None.,none,yes,yes,authorization_request; raw.authorization_request_delivered; raw.presentation_response_http; raw.presentation_response_verifier_http; checks,none,none,submitted mirror cross-checked to 2b223b56be0d0a073ee0cdc9db1d7fd31d9529a1 (2026-08-13); current ASSERTION_REVIEW_BACKLOG.md; current Capture Wallet contract
WS_RP_SH_Encoding_TextualEncoding_004,Shared/Encoding/WS_RP_SH_Encoding_TextualEncoding_004.md,8ededb60039516c2b636b6b0982ca564c6363e36482532d6f921b6b120dd2b52,Test that the claims path pointer array is processed left to right,1. Wallet and Verifier can interact. 2. Wallet receives the request. 3. Wallet successfully parses the request. 4. Verify the wallet responds with an error,A,None.,none,yes,yes,authorization_request; raw.authorization_request_delivered; raw.presentation_response_http; raw.presentation_response_verifier_http; checks,none,none,submitted mirror cross-checked to 2b223b56be0d0a073ee0cdc9db1d7fd31d9529a1 (2026-08-13); current ASSERTION_REVIEW_BACKLOG.md; current Capture Wallet contract
WS_RP_SH_Encoding_TextualEncoding_005,Shared/Encoding/WS_RP_SH_Encoding_TextualEncoding_005.md,a35f2a271c8a7ad89f2d021d03f5a9164e8b8e28db8add1ebce08341b0073504,Test that the Wallet handles DCQL-query for SD-JWT VC credential with a matching top-level claim path pointer.,"1. Wallet and Verifier can interact. 2. Wallet receives the request. 3. Wallet successfully parses the request. 4. Verify the wallet responds with the credential, including selective disclosure of the named attribute.",A,None.,none,yes,yes,authorization_request; raw.authorization_request_delivered; raw.presentation_response_http; raw.presentation_response_verifier_http; checks,none,none,submitted mirror cross-checked to 2b223b56be0d0a073ee0cdc9db1d7fd31d9529a1 (2026-08-13); current ASSERTION_REVIEW_BACKLOG.md; current Capture Wallet contract
WS_RP_SH_Encoding_TextualEncoding_006,Shared/Encoding/WS_RP_SH_Encoding_TextualEncoding_006.md,4e00ca5d66e0d88663c5222968c93b1af01481770171debf4ca4f199546338d3,Test that the Wallet handles DCQL-query for SD-JWT VC credential with a non-matching top-level claim path pointer.,"1. Wallet and Verifier can interact. 2. Wallet receives the request. 3. Wallet successfully parses the request. 4. Wallet rejects the request by either: - (a) answering with an error with details (`invalid_request`), - (b) answering with an error without providing details or, - (c) discontinuing the interaction.",A,None.,none,yes,yes,authorization_request; raw.authorization_request_delivered; raw.presentation_response_http; raw.presentation_response_verifier_http; checks,none,none,submitted mirror cross-checked to 2b223b56be0d0a073ee0cdc9db1d7fd31d9529a1 (2026-08-13); current ASSERTION_REVIEW_BACKLOG.md; current Capture Wallet contract
WS_RP_SH_Encoding_TextualEncoding_007,Shared/Encoding/WS_RP_SH_Encoding_TextualEncoding_007.md,11748bcf9f74e3db6163636507b3a04c6471d319c3248047d06981dd38fdf9a1,"Test that when processing claims path pointer array, an element at the first level is selected. If the selected element is not an object, abort processing and return an error",1. Wallet-verifier interaction is successfully initiated. 2. Wallet successfully receives the Authorization Request. 3. Wallet successfully parses the Authorization Request and the DCQL query. 4. Wallet evaluates the path pointer. 5. Wallet aborts processing and returns an error (e.g. invalid_request); presentation flow is not initiated.,A,None.,none,yes,yes,authorization_request; raw.authorization_request_delivered; raw.presentation_response_http; raw.presentation_response_verifier_http; checks,none,none,submitted mirror cross-checked to 2b223b56be0d0a073ee0cdc9db1d7fd31d9529a1 (2026-08-13); current ASSERTION_REVIEW_BACKLOG.md; current Capture Wallet contract
WS_RP_SH_Encoding_TextualEncoding_008,Shared/Encoding/WS_RP_SH_Encoding_TextualEncoding_008.md,9393f254f0aa26438b8638b470ade30d112cc79dfd50f183367f108e35818d6c,"Test the following condition when processing claims path pointer array is at step 2.1: if the key does not exist in element currently selected, remove that element from the selection.","1. Wallet-verifier interaction is successfully initiated. 2. Wallet successfully receives the Authorization Request. 3. Wallet successfully parses the Authorization Request and the DCQL query. 4. Wallet evaluates the path pointer. 5. Wallet removes element(s) lacking the targeted key from the selection without aborting (e.g. a degrees entry without a type field is dropped, while ""Bachelor of Science"" is retained). 6. Wallet returns an Authorization Response containing only the retained selected values; presentation flow proceeds.",A,None.,none,yes,yes,authorization_request; raw.authorization_request_delivered; raw.presentation_response_http; raw.presentation_response_verifier_http; checks,none,none,submitted mirror cross-checked to 2b223b56be0d0a073ee0cdc9db1d7fd31d9529a1 (2026-08-13); current ASSERTION_REVIEW_BACKLOG.md; current Capture Wallet contract
WS_RP_SH_Encoding_TextualEncoding_009,Shared/Encoding/WS_RP_SH_Encoding_TextualEncoding_009.md,a7deecceba4c29e42c02aaa757606a24ea423003164ff594c3eedda053c8fd10,"Test that at step 2.2 of claims path processing if any of the currently selected element(s) is not an array, abort processing and return an error.",1. Wallet-verifier interaction is successfully initiated. 2. Wallet successfully receives the Authorization Request. 3. Wallet successfully parses the Authorization Request and the DCQL query. 4. Wallet evaluates the path pointer. 5. Wallet aborts processing and returns an error (e.g. invalid_request) due to the null component being applied to a non-array element; presentation flow is not initiated.,A,None.,none,yes,yes,authorization_request; raw.authorization_request_delivered; raw.presentation_response_http; raw.presentation_response_verifier_http; checks,none,none,submitted mirror cross-checked to 2b223b56be0d0a073ee0cdc9db1d7fd31d9529a1 (2026-08-13); current ASSERTION_REVIEW_BACKLOG.md; current Capture Wallet contract
WS_RP_SH_Encoding_TextualEncoding_010,Shared/Encoding/WS_RP_SH_Encoding_TextualEncoding_010.md,d2113c49dda016fb5735a36a12ce513d337941e99dab5b92babdb463c0a758ee,"Test that at step 2.3 of claims path processing If any of the currently selected element(s) is not an array, abort processing and return an error.",1. Wallet-verifier interaction is successfully initiated. 2. Wallet successfully receives the Authorization Request. 3. Wallet successfully parses the Authorization Request and the DCQL query. 4. Wallet evaluates the path pointer. 5. Wallet aborts processing and returns an error (e.g. invalid_request) due to the integer component being applied to a non-array element; presentation flow is not initiated.,A,None.,none,yes,yes,authorization_request; raw.authorization_request_delivered; raw.presentation_response_http; raw.presentation_response_verifier_http; checks,none,none,submitted mirror cross-checked to 2b223b56be0d0a073ee0cdc9db1d7fd31d9529a1 (2026-08-13); current ASSERTION_REVIEW_BACKLOG.md; current Capture Wallet contract
WS_RP_SH_Encoding_TextualEncoding_011,Shared/Encoding/WS_RP_SH_Encoding_TextualEncoding_011.md,ccd5dd10549d0defd4f554eaaba334dc687f2c3c0ed68e212c42725f0d37afb4,"Test that at step 2.3 of claims path processing, if the index does not exist in a selected array, remove that array from the selection.","1. Wallet-verifier interaction is successfully initiated. 2. Wallet successfully receives the Authorization Request. 3. Wallet successfully parses the Authorization Request and the DCQL query. 4. Wallet evaluates the path pointer. 5. Wallet removes array(s) lacking an element at the requested index from the selection without aborting (e.g. a [""Bachelor of Science""] entry is dropped because index 1 is out of range, while [""Master of Science"", ""Ph.D.""] retains index 1 = ""Ph.D.""). 6. Wallet returns an Authorization Response containing only the retained selected values; presentation flow proceeds.",A,None.,none,yes,yes,authorization_request; raw.authorization_request_delivered; raw.presentation_response_http; raw.presentation_response_verifier_http; checks,none,none,submitted mirror cross-checked to 2b223b56be0d0a073ee0cdc9db1d7fd31d9529a1 (2026-08-13); current ASSERTION_REVIEW_BACKLOG.md; current Capture Wallet contract
WS_RP_SH_Encoding_TextualEncoding_012,Shared/Encoding/WS_RP_SH_Encoding_TextualEncoding_012.md,a381cab68319a1454f05bb0610fb260ce23dfcce8d3be0f2b65222e0871eceeb,"Test that at step 2.4 of claims path processing if the component is anything else, the wallet should abort processing and return an error.",1. Wallet-verifier interaction is successfully initiated. 2. Wallet successfully receives the Authorization Request. 3. Wallet successfully parses the Authorization Request and the DCQL query. 4. Wallet validates the path pointer structure. 5. Wallet aborts processing and returns an error (e.g. invalid_request) due to an unsupported component type in the claims path pointer; presentation flow is not initiated.,A,None.,none,yes,yes,authorization_request; raw.authorization_request_delivered; raw.presentation_response_http; raw.presentation_response_verifier_http; checks,none,none,submitted mirror cross-checked to 2b223b56be0d0a073ee0cdc9db1d7fd31d9529a1 (2026-08-13); current ASSERTION_REVIEW_BACKLOG.md; current Capture Wallet contract
WS_RP_SH_Encoding_TextualEncoding_013,Shared/Encoding/WS_RP_SH_Encoding_TextualEncoding_013.md,ffb8d2ac1b904108e91e0326b80f3341d70aa238ce7d0e4decca613a92d896e2,"Test that at Step 3 of claims path processing, if the set of elements currently selected is empty, abort processing and return an error.",1. Wallet-verifier interaction is successfully initiated. 2. Wallet successfully receives the Authorization Request. 3. Wallet successfully parses the Authorization Request and the DCQL query. 4. Wallet evaluates the path pointer. 5. Wallet aborts processing and returns an error (e.g. invalid_request) because the set of selected JSON elements is empty; presentation flow is not initiated.,A,None.,none,yes,yes,authorization_request; raw.authorization_request_delivered; raw.presentation_response_http; raw.presentation_response_verifier_http; checks,none,none,submitted mirror cross-checked to 2b223b56be0d0a073ee0cdc9db1d7fd31d9529a1 (2026-08-13); current ASSERTION_REVIEW_BACKLOG.md; current Capture Wallet contract
WS_RP_SH_Encoding_TextualEncoding_014,Shared/Encoding/WS_RP_SH_Encoding_TextualEncoding_014.md,796885e4e9c502298702137425d0d02954565a0fe3d28fabf4257bf0def4ea92,"Verify that when the Wallet receives a DCQL query with a claims path pointer applied to an ISO mdoc Credential, where the path is a two-element array containing a valid namespace and a valid data element identifier, the Wallet selects the corresponding data element and returns it CBOR-encoded in the Authorization Response.","1. Wallet-verifier interaction is successfully initiated. 2. Wallet successfully receives the Authorization Request. 3. Wallet successfully parses the Authorization Request and the DCQL query. 4. Wallet correctly resolves the namespace and the data element identifier within it. 5. Wallet selects the data element value (e.g. ""Alice"" for first_name) and CBOR-encodes it. 6. Wallet returns an Authorization Response containing the selected first_name value CBOR-encoded; presentation flow proceeds.",A,None.,none,yes,yes,authorization_request; raw.authorization_request_delivered; raw.presentation_response_http; raw.presentation_response_verifier_http; checks,none,none,submitted mirror cross-checked to 2b223b56be0d0a073ee0cdc9db1d7fd31d9529a1 (2026-08-13); current ASSERTION_REVIEW_BACKLOG.md; current Capture Wallet contract
WS_RP_SH_Encoding_TextualEncoding_015,Shared/Encoding/WS_RP_SH_Encoding_TextualEncoding_015.md,23a196820f9f034c6af1cc09574960ac53b41e0b2a788cc6ca26a34fad95a756,Test that the first element of mdoc claims path pointer refers to a namespace.,"1. Wallet-verifier interaction is successfully initiated. 2. Wallet successfully receives the Authorization Request. 3. Wallet successfully parses the Authorization Request and the DCQL query. 4. Wallet correctly resolves org.iso.18013.5.1 as the namespace. 5. Wallet selects the first_name data element and CBOR-encodes its value (e.g. ""Alice""). 6. Wallet returns an Authorization Response containing the first_name value CBOR-encoded; presentation flow proceeds.",A,None.,none,yes,yes,authorization_request; raw.authorization_request_delivered; raw.presentation_response_http; raw.presentation_response_verifier_http; checks,none,none,submitted mirror cross-checked to 2b223b56be0d0a073ee0cdc9db1d7fd31d9529a1 (2026-08-13); current ASSERTION_REVIEW_BACKLOG.md; current Capture Wallet contract
WS_RP_SH_Encoding_TextualEncoding_016,Shared/Encoding/WS_RP_SH_Encoding_TextualEncoding_016.md,48c0b7f12b36d9074b53b68fb1022f5d604bf15d642b139eb80b7dfa656b5d10,"Verify that if the first element of the path does not match any namespace in the mdoc, the Wallet aborts and returns an error.",1. Wallet-verifier interaction is successfully initiated. 2. Wallet successfully receives the Authorization Request. 3. Wallet successfully parses the Authorization Request and the DCQL query. 4. Wallet attempts to resolve the namespace. 5. Wallet aborts processing and returns an error (e.g. invalid_request) due to the namespace not being present in the mdoc Credential; presentation flow is not initiated.,A,None.,none,yes,yes,authorization_request; raw.authorization_request_delivered; raw.presentation_response_http; raw.presentation_response_verifier_http; checks,none,none,submitted mirror cross-checked to 2b223b56be0d0a073ee0cdc9db1d7fd31d9529a1 (2026-08-13); current ASSERTION_REVIEW_BACKLOG.md; current Capture Wallet contract
WS_RP_SH_Encoding_TextualEncoding_017,Shared/Encoding/WS_RP_SH_Encoding_TextualEncoding_017.md,35e76ffd4c98d8e0992336bef4ae5c447ce0d06b7934163b31f845d88384d529,Test that the second element of mdoc claims path pointer refers to a data element identifier.,"1. Wallet-verifier interaction is successfully initiated. 2. Wallet successfully receives the Authorization Request. 3. Wallet successfully parses the Authorization Request and the DCQL query. 4. Wallet correctly resolves the namespace. 5. Wallet correctly resolves the first_name data element identifier and selects its value (e.g. ""Alice""). 6. Wallet returns an Authorization Response containing the value ""Alice"" CBOR-encoded; presentation flow proceeds.",A,None.,none,yes,yes,authorization_request; raw.authorization_request_delivered; raw.presentation_response_http; raw.presentation_response_verifier_http; checks,none,none,submitted mirror cross-checked to 2b223b56be0d0a073ee0cdc9db1d7fd31d9529a1 (2026-08-13); current ASSERTION_REVIEW_BACKLOG.md; current Capture Wallet contract
WS_RP_SH_Encoding_TextualEncoding_018,Shared/Encoding/WS_RP_SH_Encoding_TextualEncoding_018.md,a0ed9ba6767f38c583d02d384ac10dc198bfde9beb8009c373f07ea30ed6d610,Test that the claims path pointer does not contain exactly two components then abort processing and return an error.,1. Wallet-verifier interaction is successfully initiated. 2. Wallet successfully receives the Authorization Request. 3. Wallet successfully parses and validates the path pointer structure. 4. Wallet aborts processing and returns an error (e.g. invalid_request) due to the path not containing exactly two components; presentation flow is not initiated.,A,None.,none,yes,yes,authorization_request; raw.authorization_request_delivered; raw.presentation_response_http; raw.presentation_response_verifier_http; checks,none,none,submitted mirror cross-checked to 2b223b56be0d0a073ee0cdc9db1d7fd31d9529a1 (2026-08-13); current ASSERTION_REVIEW_BACKLOG.md; current Capture Wallet contract
WS_RP_SH_Encoding_TextualEncoding_019,Shared/Encoding/WS_RP_SH_Encoding_TextualEncoding_019.md,4292d7719d05a7902dfbc5649a7ab2c8aceb0976dda7bcf95f49449944d563cd,Test that the claims path pointer is not a string then abort processing and return an error.,1. Wallet-verifier interaction is successfully initiated. 2. Wallet successfully receives the Authorization Request. 3. Wallet successfully parses and validates the path pointer structure. 4. Wallet aborts processing and returns an error (e.g. invalid_request) due to a non-string component in the mdoc claims path pointer; presentation flow is not initiated.,A,None.,none,yes,yes,authorization_request; raw.authorization_request_delivered; raw.presentation_response_http; raw.presentation_response_verifier_http; checks,none,none,submitted mirror cross-checked to 2b223b56be0d0a073ee0cdc9db1d7fd31d9529a1 (2026-08-13); current ASSERTION_REVIEW_BACKLOG.md; current Capture Wallet contract
WS_RP_SH_Encoding_TextualEncoding_020,Shared/Encoding/WS_RP_SH_Encoding_TextualEncoding_020.md,bcba54be8485b0f9e8b34839438c98747c6437ff4aeb441ef9995ac1904bae84,Test claims path pointer processing by selecting the data element referenced by the second component. If the data element does not exist in the Credential it MUST abort processing and return an error.,1. Wallet-verifier interaction is successfully initiated. 2. Wallet successfully receives the Authorization Request. 3. Wallet successfully resolves the namespace. 4. Wallet aborts processing and returns an error (e.g. invalid_request) because the data element identifier is not present in the namespace; presentation flow is not initiated.,A,None.,none,yes,yes,authorization_request; raw.authorization_request_delivered; raw.presentation_response_http; raw.presentation_response_verifier_http; checks,none,none,submitted mirror cross-checked to 2b223b56be0d0a073ee0cdc9db1d7fd31d9529a1 (2026-08-13); current ASSERTION_REVIEW_BACKLOG.md; current Capture Wallet contract
WS_RP_SH_Encoding_TextualEncoding_021,Shared/Encoding/WS_RP_SH_Encoding_TextualEncoding_021.md,bdc94d7ed905dd44f1bfcf628299f4390d7e748b8e00f2c85f629a0ee016ccc2,Verify that the wallet can successfully select the data element references by the second component of a claims path pointer.,"1. Wallet-verifier interaction is successfully initiated. 2. Wallet successfully receives the Authorization Request. 3. Wallet successfully selects the first_name data element value (""Alice""). 4. Wallet returns an Authorization Response containing ""Alice"" CBOR-encoded; presentation flow proceeds.",A,None.,none,yes,yes,authorization_request; raw.authorization_request_delivered; raw.presentation_response_http; raw.presentation_response_verifier_http; checks,none,none,submitted mirror cross-checked to 2b223b56be0d0a073ee0cdc9db1d7fd31d9529a1 (2026-08-13); current ASSERTION_REVIEW_BACKLOG.md; current Capture Wallet contract
WS_RP_SH_Encoding_TextualEncoding_022,Shared/Encoding/WS_RP_SH_Encoding_TextualEncoding_022.md,ec7797e9bca791e2ed37c3975bd4f725ffe3d59ad232e8bac6cfa195418dc6b3,"Test that when the wallet sends the authorization response using HTTP POST, the names and values in the body MUST be encoded using UTF-8",1. Wallet-verifier interaction is successfully initiated 2. Wallet receives request 3. Wallet processes request and performs HTTP POST to the response_uri. 4. All special characters (e.g. in names or values) are correctly encoded using UTF-8 bytes.,A,None.,none,yes,yes,authorization_request; raw.authorization_request_delivered; raw.presentation_response_http; raw.presentation_response_verifier_http; checks,none,none,submitted mirror cross-checked to 2b223b56be0d0a073ee0cdc9db1d7fd31d9529a1 (2026-08-13); current ASSERTION_REVIEW_BACKLOG.md; current Capture Wallet contract
WS_RP_SM_DeviceBinding__002,SecurityMechanisms/DeviceBinding/WS_RP_SM_DeviceBinding__002.md,2fbca901775834bb6819867b639baed80911f8353144e72273f1c1b98ffb0327,"Verify that when the Wallet receives an Authorization Request containing a key-bound Verifier Info attestation whose signature object correctly includes both the nonce and client_id request parameters, the Wallet validates the signature and accepts the attestation.",1. Wallet-verifier interaction is successfully initiated. 2. Wallet successfully receives the Authorization Request. 3. Wallet successfully parses the Authorization Request and the attestation. 4. Wallet validates the signature object successfully and accepts the attestation; processing continues.,D,Wallet must process the profile-defined verifier_info attestation and proof.,6.3,partial,no,authorization_request; raw.authorization_request_jwt; raw.authorization_request_delivered; raw.presentation_response; checks,No TS5 attachment format or harness signing step exists for the reference Wallet.,reference Wallet / harness,submitted mirror cross-checked to 2b223b56be0d0a073ee0cdc9db1d7fd31d9529a1 (2026-08-13); current ASSERTION_REVIEW_BACKLOG.md; current Capture Wallet contract
WS_RP_SM_DeviceBinding__003,SecurityMechanisms/DeviceBinding/WS_RP_SM_DeviceBinding__003.md,f0741de15212b58cde2fc6c81b9bff9225ae8f777f06ae3183b413bf97f21534,"Verify that when the Wallet receives an Authorization Request containing a key-bound Verifier Info attestation whose signature object is missing the nonce or client_id parameter, the Wallet rejects the attestation.",1. Wallet-verifier interaction is successfully initiated. 2. Wallet successfully receives the Authorization Request. 3. Wallet successfully parses the Authorization Request and the attestation. 4. Wallet rejects the attestation and returns an invalid_request error due to missing nonce or client_id in the signature object; presentation flow is not initiated.,D,Wallet must process the profile-defined verifier_info attestation and proof.,6.3,partial,no,authorization_request; raw.authorization_request_jwt; raw.authorization_request_delivered; raw.presentation_response; checks,No TS5 attachment format or harness signing step exists for the reference Wallet.,reference Wallet / harness,submitted mirror cross-checked to 2b223b56be0d0a073ee0cdc9db1d7fd31d9529a1 (2026-08-13); current ASSERTION_REVIEW_BACKLOG.md; current Capture Wallet contract
WS_RP_SM_DeviceBinding__004,SecurityMechanisms/DeviceBinding/WS_RP_SM_DeviceBinding__004.md,3667a3e14bb735a53450f75424c8567d022a3b4e65cf38753aed367199e6d155,"Verify that when the Wallet receives a Verifier Info attestation whose proof is valid per the active profile, the Wallet successfully validates the proof and accepts the attestation.",1. Wallet-verifier interaction is successfully initiated. 2. Wallet successfully receives the Authorization Request. 3. Wallet successfully parses the Authorization Request and the attestation. 4. Wallet validates the proof successfully and accepts the attestation; processing continues.,D,Wallet must process the profile-defined verifier_info attestation and proof.,6.3,partial,no,authorization_request; raw.authorization_request_jwt; raw.authorization_request_delivered; raw.presentation_response; checks,No TS5 attachment format or harness signing step exists for the reference Wallet.,reference Wallet / harness,submitted mirror cross-checked to 2b223b56be0d0a073ee0cdc9db1d7fd31d9529a1 (2026-08-13); current ASSERTION_REVIEW_BACKLOG.md; current Capture Wallet contract
WS_RP_SM_DeviceBinding__005,SecurityMechanisms/DeviceBinding/WS_RP_SM_DeviceBinding__005.md,56914e534863da4a47033e4b2750fb5b1c588d6d4304300d88f758d6c16a302e,"Verify that when the Wallet receives a Verifier Info attestation whose proof fails validation per the active profile, the Wallet rejects the attestation.",1. Wallet-verifier interaction is successfully initiated. 2. Wallet successfully receives the Authorization Request. 3. Wallet successfully parses the Authorization Request and the attestation. 4. Wallet rejects the attestation and returns an invalid_request error due to proof validation failure; presentation flow is not initiated.,D,Wallet must process the profile-defined verifier_info attestation and proof.,6.3,partial,no,authorization_request; raw.authorization_request_jwt; raw.authorization_request_delivered; raw.presentation_response; checks,No TS5 attachment format or harness signing step exists for the reference Wallet.,reference Wallet / harness,submitted mirror cross-checked to 2b223b56be0d0a073ee0cdc9db1d7fd31d9529a1 (2026-08-13); current ASSERTION_REVIEW_BACKLOG.md; current Capture Wallet contract
WS_RP_SM_DeviceBinding__006,SecurityMechanisms/DeviceBinding/WS_RP_SM_DeviceBinding__006.md,a510b2ece4806eb06e7d3a4494720b1f6dc0f05b918b416c9e5a7417263b9040,"Verify that when the Wallet receives a Verifier Info attestation of a type NOT defined or supported by the active profile, the Wallet ignores the unrecognized attachment type and continues processing the rest of the request.",1. Wallet-verifier interaction is successfully initiated. 2. Wallet successfully receives the Authorization Request. 3. Wallet successfully parses the Authorization Request. 4. Wallet ignores the unrecognized attestation type; processing continues with remaining valid request elements; presentation flow proceeds.,D,Wallet must process the profile-defined verifier_info attestation and proof.,6.3,partial,no,authorization_request; raw.authorization_request_jwt; raw.authorization_request_delivered; raw.presentation_response; checks,No TS5 attachment format or harness signing step exists for the reference Wallet.,reference Wallet / harness,submitted mirror cross-checked to 2b223b56be0d0a073ee0cdc9db1d7fd31d9529a1 (2026-08-13); current ASSERTION_REVIEW_BACKLOG.md; current Capture Wallet contract
WS_RP_SM_DeviceBinding__007,SecurityMechanisms/DeviceBinding/WS_RP_SM_DeviceBinding__007.md,d7375d1ceb45377c8f5523820caafe59e829922e0cf982d3701d792381470a59,"Verify that whenever Wallet presents a SD-JWT containing a `cnf` claim, `cnf` conforms to definition given in [I-D.ietf-oauth-sd-jwt-vc].",1. Wallet-verifier interaction is initiated. 2. Wallet receives the presentation request. 3. Wallet asks for user consent. 4. User consent is registered. 5. Wallet presents Credential in IETF SD-JWT VC format. 6. `cnf` claim is used within the SD-JWT component of the SD-JWT VC 7. `cnf` complies with definition given in [I-D.ietf-oauth-sd-jwt-vc].,A,None.,none,yes,yes,authorization_request; raw.authorization_request_jwt; raw.authorization_request_delivered; raw.presentation_response; checks,none,none,submitted mirror cross-checked to 2b223b56be0d0a073ee0cdc9db1d7fd31d9529a1 (2026-08-13); current ASSERTION_REVIEW_BACKLOG.md; current Capture Wallet contract
WS_RP_SM_DeviceBinding__008,SecurityMechanisms/DeviceBinding/WS_RP_SM_DeviceBinding__008.md,8cdd82a8048fc21df3135c8a47446b393ac06b79e483da8d1b062b48f45a1100,"Verify that when Verifier requires Cryptographic Key Binding, `cnf` claim is used within the SD-JWT component of the SD-JWT VC as described in [I-D.ietf-oauth-sd-jwt-vc].",1. This is the case. 2. This is the case. 3. This is the case. 4. Wallet asks for user consent. 5. This is the case. 6. Wallet presents Credential in IETF SD-JWT VC format. 7. `cnf` claim is used within the SD-JWT component of the SD-JWT VC,A,None.,none,yes,yes,authorization_request; raw.authorization_request_jwt; raw.authorization_request_delivered; raw.presentation_response; checks,none,none,submitted mirror cross-checked to 2b223b56be0d0a073ee0cdc9db1d7fd31d9529a1 (2026-08-13); current ASSERTION_REVIEW_BACKLOG.md; current Capture Wallet contract
WS_RP_SM_DeviceBinding__009,SecurityMechanisms/DeviceBinding/WS_RP_SM_DeviceBinding__009.md,1f0b77455eec4d300fb892316f353a39a60e80148fce4dc17c0d3170c845aa51,"Verify that when the Verifier sets require_cryptographic_holder_binding=false, the Wallet still includes the cnf claim within the SD-JWT component of the SD-JWT VC, providing the underlying credential type inherently includes it.",1. Wallet-verifier interaction is initiated. 2. Wallet receives the presentation request. 3. Wallet processes the request parameter where holder binding is not mandated by the verifier. 4. Wallet asks for user consent. 5. User consent is registered. 6. Wallet presents the Credential in IETF SD-JWT VC format. 7. Verify that the cnf claim is included within the SD-JWT component of the SD-JWT VC response payload.,A,None.,none,yes,yes,authorization_request; raw.authorization_request_jwt; raw.authorization_request_delivered; raw.presentation_response; checks,none,none,submitted mirror cross-checked to 2b223b56be0d0a073ee0cdc9db1d7fd31d9529a1 (2026-08-13); current ASSERTION_REVIEW_BACKLOG.md; current Capture Wallet contract
WS_RP_SM_DeviceBinding__010,SecurityMechanisms/DeviceBinding/WS_RP_SM_DeviceBinding__010.md,60d95908ca51f32b86378c4b2684b82f77b3847bad995eb4370a0f793c62b04c,"Verify that when Wallet uses `cnf` claim within the SD-JWT component of the SD-JWT VC as described in [I-D.ietf-oauth-sd-jwt-vc], the claim contains the confirmation method identifying the proof of possession key.",1. Wallet-verifier interaction is initiated. 2. Wallet receives the presentation request. 3. Wallet asks for user consent. 4. User consent is registered. 5. Wallet presents Credential in IETF SD-JWT VC format. 6. The cnf claim is successfully used within the SD-JWT response payload. 7. Verify the cnf claim contains the confirmation method identifying the proof of possession key as described in [I-D.ietf-oauth-sd-jwt-vc].,A,None.,none,yes,yes,authorization_request; raw.authorization_request_jwt; raw.authorization_request_delivered; raw.presentation_response; checks,none,none,submitted mirror cross-checked to 2b223b56be0d0a073ee0cdc9db1d7fd31d9529a1 (2026-08-13); current ASSERTION_REVIEW_BACKLOG.md; current Capture Wallet contract
WS_RP_SM_DeviceBinding__011,SecurityMechanisms/DeviceBinding/WS_RP_SM_DeviceBinding__011.md,b7485494a3d06438be844dd871baed049eb5086c58477f8147e01f4459e3a882,"Verify that when Wallet uses `cnf` claim within the SD-JWT component of the SD-JWT VC as described in [I-D.ietf-oauth-sd-jwt-vc], the KB-JWT in the presentation of the SD-JWT is secured by the key identified in `cnf` claim.",1. Wallet-verifier interaction is initiated. 2. Wallet receives the presentation request. 3. Wallet asks for user consent. 4. User consent is registered. 5. Wallet presents Credential in IETF SD-JWT VC format. 6. The 'cnf' claim is successfully used within the SD-JWT component of the SD-JWT VC response payload. 7. Verify that the KB-JWT in the presentation of the SD-JWT is secured by the key identified in the 'cnf' claim.,A,None.,none,yes,yes,authorization_request; raw.authorization_request_jwt; raw.authorization_request_delivered; raw.presentation_response; checks,none,none,submitted mirror cross-checked to 2b223b56be0d0a073ee0cdc9db1d7fd31d9529a1 (2026-08-13); current ASSERTION_REVIEW_BACKLOG.md; current Capture Wallet contract
WS_RP_SM_DeviceBinding__012,SecurityMechanisms/DeviceBinding/WS_RP_SM_DeviceBinding__012.md,277610bbbf44290fdcaabadd41cf6018890e3312049462b10992bd0b4cd44bbe,"Verify that if the credential has cryptographic holder binding, Wallet presents a KB-JWT, as defined in [I-D.ietf-oauth-sd-jwt-vc] when presenting SD-JWT VC.","1. Wallet-verifier interaction is initiated. 2. Wallet receives the presentation request. 3. Wallet asks for user consent to present the Credential. 4. User consent is registered. 5. Wallet presents Credential in IETF SD-JWT VC format. 6. Verify that the Wallet successfully includes a structurally valid KB-JWT in the presentation payload, checking it aligns with definition held here: [OIDF.HAIP 6.1.1.1]",A,None.,none,yes,yes,authorization_request; raw.authorization_request_jwt; raw.authorization_request_delivered; raw.presentation_response; checks,none,none,submitted mirror cross-checked to 2b223b56be0d0a073ee0cdc9db1d7fd31d9529a1 (2026-08-13); current ASSERTION_REVIEW_BACKLOG.md; current Capture Wallet contract
WS_RP_SM_DeviceBinding__012a,SecurityMechanisms/DeviceBinding/WS_RP_SM_DeviceBinding__012a.md,fe828f6587fd41fe3641cb2377d767ad3d69b871ac4e27fb780b021fc2edd684,"Verify that the Wallet includes a key binding JWT with an acceptable signature algorithm, if a presented credential in SD-JWT VC format is key bound.","1. The signature algorithm in `alg` is on the list of acceptable algorithms [ECCG ACM], and does not have the value `none`.",A,None.,none,yes,yes,authorization_request; raw.authorization_request_jwt; raw.authorization_request_delivered; raw.presentation_response; checks,none,none,submitted mirror cross-checked to 2b223b56be0d0a073ee0cdc9db1d7fd31d9529a1 (2026-08-13); current ASSERTION_REVIEW_BACKLOG.md; current Capture Wallet contract
WS_RP_SM_DeviceBinding__012b,SecurityMechanisms/DeviceBinding/WS_RP_SM_DeviceBinding__012b.md,07e67b623466dcd3178f782e845b03a42a41f6b8798a161d4d4b7a46d6af0f48,"Verify that the Wallet includes a valid signed key binding JWT cryptographically bound to the credential, if a presented credential in SD-JWT VC format is key bound.",1. The signature is valid.,A,None.,none,yes,yes,authorization_request; raw.authorization_request_jwt; raw.authorization_request_delivered; raw.presentation_response; checks,none,none,submitted mirror cross-checked to 2b223b56be0d0a073ee0cdc9db1d7fd31d9529a1 (2026-08-13); current ASSERTION_REVIEW_BACKLOG.md; current Capture Wallet contract
WS_RP_SM_DeviceBinding__012c,SecurityMechanisms/DeviceBinding/WS_RP_SM_DeviceBinding__012c.md,de1047e585ace3db859fa8f87e1214616586d5fdab07b803a1e0b86de33432d9,"Verify that the Wallet contains a key binding JWT bound to the presented SD-JWT VC, if a presented credential in SD-JWT VC format is key bound.",1. The value of `sd_hash` claim of the KB-JWT is equal to the base64url-encoded digest over the presented SD-JWT.,A,None.,none,yes,yes,authorization_request; raw.authorization_request_jwt; raw.authorization_request_delivered; raw.presentation_response; checks,none,none,submitted mirror cross-checked to 2b223b56be0d0a073ee0cdc9db1d7fd31d9529a1 (2026-08-13); current ASSERTION_REVIEW_BACKLOG.md; current Capture Wallet contract
WS_RP_SM_IssuerIntegrity__012,SecurityMechanisms/IssuerIntegrity/WS_RP_SM_IssuerIntegrity__012.md,e571f9038b8e0449c7ec9fd1d0d8a51beb386b57a32d85eac508f4ec27d6a61a,Verify that Wallet uses MSO revocation mechanism following requirements defined in ISO/IEC 18013-5 ([ISO.18013-5.second.edition]).,"1. Wallet and verifier successfully engage. 2. Wallet processes request. 3. Wallet returns error to verifier, without revealing reason (revocation of MSO).",C,Issue the source-defined ISO mdoc revocation fixture.,4.3,no,no,issued credential; raw.presentation_response; decoded_presentations,"Capture publishes Token Status List allocation, not the required mdoc revocation fixture.",capture-wallet,submitted mirror cross-checked to 2b223b56be0d0a073ee0cdc9db1d7fd31d9529a1 (2026-08-13); current ASSERTION_REVIEW_BACKLOG.md; current Capture Wallet contract
WS_RP_SM_IssuerIntegrity__013,SecurityMechanisms/IssuerIntegrity/WS_RP_SM_IssuerIntegrity__013.md,85a15d3b3e05741a7aada2b876ea17f06c2174265f8036339d2ea3293b563b32,Verify that Wallet supports X.509 certificate-based key resolution to validate the issuer signature of an SD-JWT VC.,1. This is the case. 2. Wallet presents the Credential in IETF SD-JWT VC format. 3. Wallet passes the headers properly and unmodified around. That is Credential's header Wallet received from the Credential Issuer are passed to the Verifier without any modification. 4. Wallet verifies the header's content from Credential,A,None.,none,yes,yes,issued credential; raw.presentation_response; decoded_presentations,none,none,submitted mirror cross-checked to 2b223b56be0d0a073ee0cdc9db1d7fd31d9529a1 (2026-08-13); current ASSERTION_REVIEW_BACKLOG.md; current Capture Wallet contract
WS_RP_SM_IssuerIntegrity__014,SecurityMechanisms/IssuerIntegrity/WS_RP_SM_IssuerIntegrity__014.md,e2a981faaaf7321f4913bef7af296898c5f494c76223412f48d073b8e4bf58d8,"Verify that when Wallet is presenting the Credential in IETF SD-JWT VC format, the X.509 certificate of the trust anchor is not included in the `x5c` JOSE header of the SD-JWT VC.","1. Wallet and verifier interact. 2. Wallet processes the presentation request for a Credential in IETF SD-JWT VC format. 3. The presentation response sent by the Wallet contains the Credential whose `x5c` JOSE header includes the credential issuer's signing certificate along with a trust chain, but does not include the X.509 certificate of the trust anchor.",A,None.,none,yes,yes,issued credential; raw.presentation_response; decoded_presentations,none,none,submitted mirror cross-checked to 2b223b56be0d0a073ee0cdc9db1d7fd31d9529a1 (2026-08-13); current ASSERTION_REVIEW_BACKLOG.md; current Capture Wallet contract
WS_RP_SM_RpIntegrity_CryptographicSignature_002,SecurityMechanisms/RpIntegrity/WS_RP_SM_RpIntegrity_CryptographicSignature_002.md,c1695781fd890a6154bd9392321c8f1c47e03fbc3123a9256b87a63132f34c66,Verify that Wallet does not support RSASSA-PSS using SHA-384 and MGF1 with SHA-384 (RS384) for validating signed presentation requests.,"1. This is the case. 2. This is the case. 3. Wallet receives signed request using RSASSA-PSS using SHA-384 and MGF1 with SHA-384 (RS384). 4. Wallet rejects the transaction and either: - (a) returns specific error `invalid_client`, - (b) returns general error, - (c) only discontinues the transaction.",B,Produce the exact source-defined Request Object signing algorithm or JOSE/COSE signing form.,5.3,no,no,authorization_request; raw.authorization_request_jwt; raw.authorization_request_delivered; raw.presentation_response; checks,Credo-TS KMS fixture is EC-only; upstream algorithm interpretation remains unresolved.,capture-wallet / Credo-TS / upstream,submitted mirror cross-checked to 2b223b56be0d0a073ee0cdc9db1d7fd31d9529a1 (2026-08-13); current ASSERTION_REVIEW_BACKLOG.md; current Capture Wallet contract
WS_RP_SM_RpIntegrity_CryptographicSignature_003,SecurityMechanisms/RpIntegrity/WS_RP_SM_RpIntegrity_CryptographicSignature_003.md,e447e62903bbede7eb7baa233de95ac0efca8f49addf98761db8af59a4f9ce14,Verify that Wallet supports ECDSA with P-256 and SHA-256 (COSE algorithm identifier -7) for validating signed presentation requests.,1. This is the case. 2. This is the case. 3. Wallet receives signed request using ECDSA with P-256 and SHA-256 (COSE algorithm identifier -7) from the Verifier. 4. Wallet is able to validate signed request from the Verifier that used ECDSA with P-256 and SHA-256 (JOSE algorithm identifier ES256; COSE algorithm identifier -7),A,None.,none,yes,yes,authorization_request; raw.authorization_request_jwt; raw.authorization_request_delivered; raw.presentation_response; checks,none,none,submitted mirror cross-checked to 2b223b56be0d0a073ee0cdc9db1d7fd31d9529a1 (2026-08-13); source identifies the JAR representation as JOSE ES256
WS_RP_SM_RpIntegrity_CryptographicSignature_004,SecurityMechanisms/RpIntegrity/WS_RP_SM_RpIntegrity_CryptographicSignature_004.md,6739f246b054e9ac514198413e1e3576d2d2decf42614b2468f18777cc8be189,Verify that Wallet supports ECDSA with P-256 and SHA-256 (COSE algorithm identifier -9) for validating signed presentation requests.,1. This is the case. 2. This is the case. 3. Wallet receives signed request using ECDSA with P-256 and SHA-256 (COSE algorithm identifier -9) from the Verifier. 4. Wallet is able to validate signed request from the Verifier that used ECDSA with P-256 and SHA-256 (JOSE algorithm identifier ES256; COSE algorithm identifier -9),A,None.,none,yes,yes,authorization_request; raw.authorization_request_jwt; raw.authorization_request_delivered; raw.presentation_response; checks,none,none,submitted mirror cross-checked to 2b223b56be0d0a073ee0cdc9db1d7fd31d9529a1 (2026-08-13); source identifies the JAR representation as JOSE ES256
WS_RP_SM_RpIntegrity__001,SecurityMechanisms/RpIntegrity/WS_RP_SM_RpIntegrity__001.md,322175b6d21398a0319adc6a431ebcba0f6bf4347a5312b7c08164935d0455ca,"Verify that when the Wallet uses information from a verifier_info attestation and signature validation or binding verification fails, the Wallet rejects the Authorization Request.",1. Wallet-verifier interaction is successfully initiated. 2. Wallet successfully receives and parses the Authorization Request. 3. Wallet rejects the Authorization Request due to signature or binding failure; presentation flow is not initiated.,E,Provide a registry- or Wallet-trusted certificate with the source-required DNS SAN or verifier-attestation trust configuration.,5.1/5.5,partial,no,authorization_request; raw.authorization_request_jwt; raw.authorization_request_delivered; raw.presentation_response; checks,The deployment certificate has no DNS SAN and the fixture attestation issuer is not Wallet-trusted.,certificate operator / reference Wallet,submitted mirror cross-checked to 2b223b56be0d0a073ee0cdc9db1d7fd31d9529a1 (2026-08-13); current ASSERTION_REVIEW_BACKLOG.md; current Capture Wallet contract
WS_RP_SM_RpIntegrity__002,SecurityMechanisms/RpIntegrity/WS_RP_SM_RpIntegrity__002.md,9c6f6876156ab528a61fa781d2b9f9f02acb1d0efc34e0d983c0419bb839204c,"Verify that when the Wallet receives a signed Request Object via the DC API with an invalid signature and is configured to validate signatures, it rejects the request.",1. Wallet-verifier interaction is successfully initiated. 2. Wallet processes the Request Object. 3. Wallet rejects the Authorization Request due to signature validation failure; presentation flow is not initiated.,A,None.,none,yes,yes,authorization_request; raw.authorization_request_jwt; raw.authorization_request_delivered; raw.presentation_response; checks,none,none,submitted mirror cross-checked to 2b223b56be0d0a073ee0cdc9db1d7fd31d9529a1 (2026-08-13); current ASSERTION_REVIEW_BACKLOG.md; current Capture Wallet contract
WS_RP_SM_RpIntegrity__003,SecurityMechanisms/RpIntegrity/WS_RP_SM_RpIntegrity__003.md,c76371e2d1587a1c2013084857b8dee1764bab5c90d21cc4f5fe19dfe66a3b70,"Verify that when the Wallet receives a Request Object via the DC API and the Wallet is configured NOT to validate signatures, it processes the request without signature validation in accordance with its configured profile.",1. Wallet-verifier interaction is successfully initiated. 2. Wallet processes the Request Object. 3. Wallet processes the request without signature validation in accordance with its configured profile; presentation flow proceeds.,A,None.,none,yes,yes,authorization_request; raw.authorization_request_jwt; raw.authorization_request_delivered; raw.presentation_response; checks,none,none,submitted mirror cross-checked to 2b223b56be0d0a073ee0cdc9db1d7fd31d9529a1 (2026-08-13); current ASSERTION_REVIEW_BACKLOG.md; current Capture Wallet contract
WS_RP_SM_RpIntegrity__004,SecurityMechanisms/RpIntegrity/WS_RP_SM_RpIntegrity__004.md,d44c230e84a955a25c72b0af16bf2c42dc42d8cbdab4eac233e4948f8003a2e0,"Verify that when the Wallet is configured to validate signatures on Request Objects received via the DC API and receives a Request Object with a valid signature, it successfully validates the signature and processes the request.",1. Wallet-verifier interaction via the DC API is successfully initiated. 2. Wallet successfully receives the Request Object. 3. Wallet successfully parses the Request Object. 4. Wallet successfully validates the signature. 5. Wallet processes the request and the presentation flow proceeds normally.,A,None.,none,yes,yes,authorization_request; raw.authorization_request_jwt; raw.authorization_request_delivered; raw.presentation_response; checks,none,none,submitted mirror cross-checked to 2b223b56be0d0a073ee0cdc9db1d7fd31d9529a1 (2026-08-13); current ASSERTION_REVIEW_BACKLOG.md; current Capture Wallet contract
WS_RP_SM_RpIntegrity__005,SecurityMechanisms/RpIntegrity/WS_RP_SM_RpIntegrity__005.md,bef52b5469b05afc09be457e7cf941b844de64e0d4ffab29e7c7f491ee6e34d5,"Verify that when the Wallet is configured to validate signatures on Request Objects received via the DC API and receives a Request Object with an invalid signature, it rejects the request.",1. Wallet-verifier interaction via the DC API is successfully initiated. 2. Wallet successfully receives the Request Object. 3. Wallet successfully parses the Request Object. 4. Wallet rejects the Authorization Request due to signature validation failure; presentation flow is not initiated.,A,None.,none,yes,yes,authorization_request; raw.authorization_request_jwt; raw.authorization_request_delivered; raw.presentation_response; checks,none,none,submitted mirror cross-checked to 2b223b56be0d0a073ee0cdc9db1d7fd31d9529a1 (2026-08-13); current ASSERTION_REVIEW_BACKLOG.md; current Capture Wallet contract
WS_RP_SM_RpIntegrity__006,SecurityMechanisms/RpIntegrity/WS_RP_SM_RpIntegrity__006.md,a0873fdb00606fa9e096bb92ba8baf20394a783ba57d23f8810f3196fcc25a5e,"Verify that when the Wallet receives a Request Object signed using the decentralized_identifier Client Identifier Prefix where the signing key is identified by the kid JOSE header and is present in the verificationMethod of the resolved DID Document, the Wallet successfully verifies the signature.",1. Wallet-verifier interaction is successfully initiated. 2. Wallet successfully receives the Request Object. 3. Wallet successfully parses the Request Object. 4. Wallet successfully resolves the DID Document and locates the public key. 5. Wallet successfully verifies the signature using the public key from the DID Document verificationMethod; request is processed.,A,None.,none,yes,yes,authorization_request; raw.authorization_request_jwt; raw.authorization_request_delivered; raw.presentation_response; checks,none,none,submitted mirror cross-checked to 2b223b56be0d0a073ee0cdc9db1d7fd31d9529a1 (2026-08-13); current ASSERTION_REVIEW_BACKLOG.md; current Capture Wallet contract
WS_RP_SM_RpIntegrity__007,SecurityMechanisms/RpIntegrity/WS_RP_SM_RpIntegrity__007.md,382fe6f670ea474f9ea5a6795049770b7e37cc84a8cc127009208bdf6d7d251b,"Verify that when the Wallet receives a Request Object using the decentralized_identifier Client Identifier Prefix where the signing key is NOT listed in the verificationMethod of the resolved DID Document, the Wallet rejects the request.",1. Wallet-verifier interaction is successfully initiated. 2. Wallet successfully receives the Request Object. 3. Wallet successfully parses the Request Object. 4. Wallet resolves the DID Document; signing key is not found in verificationMethod. 5. Wallet rejects the Request Object and returns an invalid_request error due to signature verification failure; presentation flow is not initiated.,A,None.,none,yes,yes,authorization_request; raw.authorization_request_jwt; raw.authorization_request_delivered; raw.presentation_response; checks,none,none,submitted mirror cross-checked to 2b223b56be0d0a073ee0cdc9db1d7fd31d9529a1 (2026-08-13); current ASSERTION_REVIEW_BACKLOG.md; current Capture Wallet contract
WS_RP_SM_RpIntegrity__008,SecurityMechanisms/RpIntegrity/WS_RP_SM_RpIntegrity__008.md,10cb12c20400b242919e27041c65f7057fd87386fae2310102a54b60046660c0,Verify that the Request Object is signed with the private key corresponding to the public key in the attestation cnf claim (proof of possession).,1. Wallet-verifier interaction is successfully initiated. 2. Wallet successfully receives the Request Object. 3. Wallet successfully parses the Request Object. 4. Wallet successfully extracts the public key from the cnf claim. 5. Wallet successfully verifies proof of possession; presentation flow proceeds.,E,Provide a registry- or Wallet-trusted certificate with the source-required DNS SAN or verifier-attestation trust configuration.,5.1/5.5,partial,no,authorization_request; raw.authorization_request_jwt; raw.authorization_request_delivered; raw.presentation_response; checks,The deployment certificate has no DNS SAN and the fixture attestation issuer is not Wallet-trusted.,certificate operator / reference Wallet,submitted mirror cross-checked to 2b223b56be0d0a073ee0cdc9db1d7fd31d9529a1 (2026-08-13); current ASSERTION_REVIEW_BACKLOG.md; current Capture Wallet contract
WS_RP_SM_RpIntegrity__009,SecurityMechanisms/RpIntegrity/WS_RP_SM_RpIntegrity__009.md,d233f1ce818dd202299730581ffed5ee9cddde87cc60582268fccc04ad097695,Verify that the Request Object is signed with the private key corresponding to the public key in the attestation cnf claim (proof of possession).,1. Wallet-verifier interaction is successfully initiated. 2. Wallet successfully receives the Request Object. 3. Wallet successfully parses the Request Object. 4. Wallet extracts the cnf claim public key. 5. Wallet rejects the Request Object and returns an invalid_request error due to failed proof of possession; presentation flow is not initiated.,E,Provide a registry- or Wallet-trusted certificate with the source-required DNS SAN or verifier-attestation trust configuration.,5.1/5.5,partial,no,authorization_request; raw.authorization_request_jwt; raw.authorization_request_delivered; raw.presentation_response; checks,The deployment certificate has no DNS SAN and the fixture attestation issuer is not Wallet-trusted.,certificate operator / reference Wallet,submitted mirror cross-checked to 2b223b56be0d0a073ee0cdc9db1d7fd31d9529a1 (2026-08-13); current ASSERTION_REVIEW_BACKLOG.md; current Capture Wallet contract
WS_RP_SM_RpIntegrity__010,SecurityMechanisms/RpIntegrity/WS_RP_SM_RpIntegrity__010.md,cc11295f22e7f1662148d42fcacd4fb98d752019f6e3548191d3d22b26bee0da,"Verify that when the Wallet receives a Request Object whose Verifier attestation JWT has a valid signature and an iss claim identifying a trusted issuer of Verifier attestations, the Wallet establishes trust and processes the request.",1. Wallet-verifier interaction is successfully initiated. 2. Wallet successfully receives the Request Object. 3. Wallet successfully parses the Request Object and the attestation JWT. 4. Wallet successfully validates the signature and trust; request is processed; presentation flow proceeds.,E,Provide a registry- or Wallet-trusted certificate with the source-required DNS SAN or verifier-attestation trust configuration.,5.1/5.5,partial,no,authorization_request; raw.authorization_request_jwt; raw.authorization_request_delivered; raw.presentation_response; checks,The deployment certificate has no DNS SAN and the fixture attestation issuer is not Wallet-trusted.,certificate operator / reference Wallet,submitted mirror cross-checked to 2b223b56be0d0a073ee0cdc9db1d7fd31d9529a1 (2026-08-13); current ASSERTION_REVIEW_BACKLOG.md; current Capture Wallet contract
WS_RP_SM_RpIntegrity__011,SecurityMechanisms/RpIntegrity/WS_RP_SM_RpIntegrity__011.md,c39049f2413a7b8a6f623777e5a5431ca0d6e271bdd8b6fdf5b55f304876acb7,"Verify that when the Wallet receives a Request Object whose Verifier attestation JWT has an iss claim NOT listed among the Wallet's trusted issuers, the Wallet refuses the request.",1. Wallet-verifier interaction is successfully initiated. 2. Wallet successfully receives the Request Object. 3. Wallet successfully parses the Request Object and the attestation JWT. 4. Wallet refuses the request and returns an invalid_client error due to untrusted attestation issuer; presentation flow is not initiated.,E,Provide a registry- or Wallet-trusted certificate with the source-required DNS SAN or verifier-attestation trust configuration.,5.1/5.5,partial,no,authorization_request; raw.authorization_request_jwt; raw.authorization_request_delivered; raw.presentation_response; checks,The deployment certificate has no DNS SAN and the fixture attestation issuer is not Wallet-trusted.,certificate operator / reference Wallet,submitted mirror cross-checked to 2b223b56be0d0a073ee0cdc9db1d7fd31d9529a1 (2026-08-13); current ASSERTION_REVIEW_BACKLOG.md; current Capture Wallet contract
WS_RP_SM_RpIntegrity__012,SecurityMechanisms/RpIntegrity/WS_RP_SM_RpIntegrity__012.md,7b8db28b7acd8c3c06bace40641a9e5bf0f3d2dcfceff2f0792ced92933114f8,"Verify that when the Wallet receives a Request Object whose Verifier attestation JWT signature is invalid, the Wallet refuses the request.",1. Wallet-verifier interaction is successfully initiated. 2. Wallet successfully receives the Request Object. 3. Wallet successfully parses the Request Object and the attestation JWT. 4. Wallet refuses the request and returns an invalid_client error due to invalid attestation JWT signature; presentation flow is not initiated.,E,Provide a registry- or Wallet-trusted certificate with the source-required DNS SAN or verifier-attestation trust configuration.,5.1/5.5,partial,no,authorization_request; raw.authorization_request_jwt; raw.authorization_request_delivered; raw.presentation_response; checks,The deployment certificate has no DNS SAN and the fixture attestation issuer is not Wallet-trusted.,certificate operator / reference Wallet,submitted mirror cross-checked to 2b223b56be0d0a073ee0cdc9db1d7fd31d9529a1 (2026-08-13); current ASSERTION_REVIEW_BACKLOG.md; current Capture Wallet contract
WS_RP_SM_RpIntegrity__013,SecurityMechanisms/RpIntegrity/WS_RP_SM_RpIntegrity__013.md,c54ceb813f58004f833248028b291f887732d70ee766d7f483f63c1c28e3b0f5,"Verify that when the Wallet receives a Request Object using an X.509-based Client Identifier Prefix (x509_san_dns or x509_hash) signed with the private key corresponding to the public key in the leaf certificate of the x5c JOSE header chain, the Wallet successfully verifies the signature.",1. Wallet-verifier interaction is successfully initiated. 2. Wallet successfully receives the Request Object. 3. Wallet successfully parses the Request Object and the x5c JOSE header. 4. Wallet successfully extracts the leaf certificate's public key. 5. Wallet successfully verifies the signature; request is accepted; presentation flow proceeds.,A,None.,none,yes,yes,authorization_request; raw.authorization_request_jwt; raw.authorization_request_delivered; raw.presentation_response; checks,none,none,submitted mirror cross-checked to 2b223b56be0d0a073ee0cdc9db1d7fd31d9529a1 (2026-08-13); current ASSERTION_REVIEW_BACKLOG.md; current Capture Wallet contract
WS_RP_SM_RpIntegrity__013a,SecurityMechanisms/RpIntegrity/WS_RP_SM_RpIntegrity__013a.md,5f5a7504bae5054f60f68c669ea9f4a6a73c687ab1cd003804e9878bbc81b2c0,"Verify that the Wallet accepts a signed Request Object, when using OpenID4VP presentation via redirects and Request Object by reference, if the request signature is valid.",1. Wallet responds with a presentation of 'default_credential_A'.,A,None.,none,yes,yes,authorization_request; raw.authorization_request_jwt; raw.authorization_request_delivered; raw.presentation_response; checks,none,none,submitted mirror cross-checked to 2b223b56be0d0a073ee0cdc9db1d7fd31d9529a1 (2026-08-13); current ASSERTION_REVIEW_BACKLOG.md; current Capture Wallet contract
WS_RP_SM_RpIntegrity__013b_UF,SecurityMechanisms/RpIntegrity/WS_RP_SM_RpIntegrity__013b_UF.md,cbe75791679dccd52717b060ef77cb54b50f608ebbe756a0dd3d6b7cd4e358e7,"Verify that the Wallet does not process a signed Request Object, when using OpenID4VP presentation via redirects and Request Object by reference, if the request signature is invalid due to an incorrect signature value.","1. Wallet aborts the presentation interaction, and informs the user the Relying Party could not be authenticated, if applicable.",A,None.,none,yes,yes,authorization_request; raw.authorization_request_jwt; raw.authorization_request_delivered; raw.presentation_response; checks,none,none,submitted mirror cross-checked to 2b223b56be0d0a073ee0cdc9db1d7fd31d9529a1 (2026-08-13); current ASSERTION_REVIEW_BACKLOG.md; current Capture Wallet contract
WS_RP_SM_RpIntegrity__013c_UF,SecurityMechanisms/RpIntegrity/WS_RP_SM_RpIntegrity__013c_UF.md,e2ab8f26cae1b611ed9613df3956f47d2fbe086317b3d8982b765ea960c29d01,"Verify that the Wallet does not process a signed Request Object, when using OpenID4VP presentation via redirects and Request Object by reference, if the request signature is invalid due to an unacceptable algorithm being used.","1. Wallet aborts the presentation interaction, and informs the user the Relying Party could not be authenticated, if applicable.",B,Produce the exact source-defined unacceptable or multi-signed Request Object.,5.3,no,no,authorization_request; raw.authorization_request_jwt; raw.authorization_request_delivered; raw.presentation_response; checks,Credo support for the required signing format is unconfirmed.,capture-wallet / Credo-TS,submitted mirror cross-checked to 2b223b56be0d0a073ee0cdc9db1d7fd31d9529a1 (2026-08-13); current ASSERTION_REVIEW_BACKLOG.md; current Capture Wallet contract
WS_RP_SM_RpIntegrity__014,SecurityMechanisms/RpIntegrity/WS_RP_SM_RpIntegrity__014.md,795b2ff5e3f051ff3e4064f0bffcc6a844b67ee7c67af358163ec5752f128729,"Verify that when the Wallet receives a Request Object using an X.509-based Client Identifier Prefix where the x5c JOSE header is missing, the Wallet rejects the request.",1. Wallet-verifier interaction is successfully initiated. 2. Wallet successfully receives the Request Object. 3. Wallet successfully parses the Request Object JOSE header. 4. Wallet rejects the Request Object and returns an invalid_request error due to missing x5c header; presentation flow is not initiated.,A,None.,none,yes,yes,authorization_request; raw.authorization_request_jwt; raw.authorization_request_delivered; raw.presentation_response; checks,none,none,submitted mirror cross-checked to 2b223b56be0d0a073ee0cdc9db1d7fd31d9529a1 (2026-08-13); current ASSERTION_REVIEW_BACKLOG.md; current Capture Wallet contract
WS_RP_SM_RpIntegrity__015,SecurityMechanisms/RpIntegrity/WS_RP_SM_RpIntegrity__015.md,80d2c87b60f34460fd16cb9178152f50f5013266b2b5bb78538d2a6ea1604445,"Verify that when the Wallet receives a Request Object using an X.509-based Client Identifier Prefix where the signature key does NOT correspond to the leaf certificate in x5c, the Wallet rejects the request.",1. Wallet-verifier interaction is successfully initiated. 2. Wallet successfully receives the Request Object. 3. Wallet successfully parses the Request Object and x5c. 4. Wallet rejects the Request Object and returns an invalid_request error due to signature verification failure; presentation flow is not initiated.,A,None.,none,yes,yes,authorization_request; raw.authorization_request_jwt; raw.authorization_request_delivered; raw.presentation_response; checks,none,none,submitted mirror cross-checked to 2b223b56be0d0a073ee0cdc9db1d7fd31d9529a1 (2026-08-13); current ASSERTION_REVIEW_BACKLOG.md; current Capture Wallet contract
WS_RP_SM_RpIntegrity__016,SecurityMechanisms/RpIntegrity/WS_RP_SM_RpIntegrity__016.md,8df76e430ea2ec9c95a3a0656e68e4eb964150e50ed627fbbd05e0e4c01f6e99,"Verify that when the Wallet receives a Request Object using an X.509-based Client Identifier Prefix with a valid signature and a complete X.509 trust chain leading to a trusted root, the Wallet validates both the signature and the chain.",1. Wallet-verifier interaction is successfully initiated. 2. Wallet successfully receives the Request Object. 3. Wallet successfully parses the Request Object and x5c. 4. Wallet successfully validates the X.509 trust chain. 5. Wallet successfully validates the signature; request is processed; presentation flow proceeds.,A,None.,none,yes,yes,authorization_request; raw.authorization_request_jwt; raw.authorization_request_delivered; raw.presentation_response; checks,none,none,submitted mirror cross-checked to 2b223b56be0d0a073ee0cdc9db1d7fd31d9529a1 (2026-08-13); current ASSERTION_REVIEW_BACKLOG.md; current Capture Wallet contract
WS_RP_SM_RpIntegrity__017,SecurityMechanisms/RpIntegrity/WS_RP_SM_RpIntegrity__017.md,3e2acd3aef792d1984f948cf6a2b143a89be9ca92374caceb679009bfef26075,"Verify that when the Wallet receives a Request Object using an X.509-based Client Identifier Prefix where the X.509 trust chain is incomplete or leads to an untrusted root, the Wallet rejects the request.",1. Wallet-verifier interaction is successfully initiated. 2. Wallet successfully receives the Request Object. 3. Wallet successfully parses the Request Object and x5c. 4. Wallet rejects the Request Object and returns an invalid_request error due to failed trust chain validation; presentation flow is not initiated.,A,None.,none,yes,yes,authorization_request; raw.authorization_request_jwt; raw.authorization_request_delivered; raw.presentation_response; checks,none,none,submitted mirror cross-checked to 2b223b56be0d0a073ee0cdc9db1d7fd31d9529a1 (2026-08-13); current ASSERTION_REVIEW_BACKLOG.md; current Capture Wallet contract
WS_RP_SM_RpIntegrity__018,SecurityMechanisms/RpIntegrity/WS_RP_SM_RpIntegrity__018.md,97466d8967d9879874514e5acc47d94f3fd3123ffcbd6d5f9075086184a1775a,"Verify that when the Wallet receives a Request Object using the x509_hash Client Identifier Prefix with a valid signature and a complete X.509 trust chain leading to a trusted root, the Wallet validates both the signature and the chain.",1. Wallet-verifier interaction is successfully initiated. 2. Wallet successfully receives the Request Object. 3. Wallet successfully parses the Request Object and x5c. 4. Wallet successfully validates the X.509 trust chain. 5. Wallet successfully validates the signature; request is accepted; presentation flow proceeds.,A,None.,none,yes,yes,authorization_request; raw.authorization_request_jwt; raw.authorization_request_delivered; raw.presentation_response; checks,none,none,submitted mirror cross-checked to 2b223b56be0d0a073ee0cdc9db1d7fd31d9529a1 (2026-08-13); current ASSERTION_REVIEW_BACKLOG.md; current Capture Wallet contract
WS_RP_SM_RpIntegrity__019,SecurityMechanisms/RpIntegrity/WS_RP_SM_RpIntegrity__019.md,00fad9299d51329ac6e5432d6c6d7ba1040599a43cc04b4bca4c4425d7e60613,"Verify that when the Wallet receives a Request Object using the x509_hash Client Identifier Prefix where the X.509 trust chain is broken or leads to an untrusted root, the Wallet rejects the request.",1. Wallet-verifier interaction is successfully initiated. 2. Wallet successfully receives the Request Object. 3. Wallet successfully parses the Request Object and x5c. 4. Wallet rejects the Request Object and returns an invalid_request error due to failed trust chain validation; presentation flow is not initiated.,A,None.,none,yes,yes,authorization_request; raw.authorization_request_jwt; raw.authorization_request_delivered; raw.presentation_response; checks,none,none,submitted mirror cross-checked to 2b223b56be0d0a073ee0cdc9db1d7fd31d9529a1 (2026-08-13); current ASSERTION_REVIEW_BACKLOG.md; current Capture Wallet contract
WS_RP_SM_RpIntegrity__020,SecurityMechanisms/RpIntegrity/WS_RP_SM_RpIntegrity__020.md,53ee213bb435a1ac5b709a359be27fec22b383c928e47e9295bdb3452dfbcc5c,"Verify that when the Wallet receives a Request Object using the x509_hash Client Identifier Prefix with valid signature and trust chain, and all non-key Verifier metadata is provided within the client_metadata parameter, the Wallet uses client_metadata as the source of all non-key metadata.",1. Wallet-verifier interaction is successfully initiated. 2. Wallet successfully receives the Request Object. 3. Wallet successfully parses the Request Object. 4. Wallet successfully validates signature and trust chain. 5. Wallet obtains all non-key Verifier metadata from client_metadata; request is accepted; presentation flow proceeds.,A,None.,none,yes,yes,authorization_request; raw.authorization_request_jwt; raw.authorization_request_delivered; raw.presentation_response; checks,none,none,submitted mirror cross-checked to 2b223b56be0d0a073ee0cdc9db1d7fd31d9529a1 (2026-08-13); current ASSERTION_REVIEW_BACKLOG.md; current Capture Wallet contract
WS_RP_SM_RpIntegrity__021,SecurityMechanisms/RpIntegrity/WS_RP_SM_RpIntegrity__021.md,4aa2440873e028d5d7bf85b0f0c1c6db317d2211ff702231b4b488d55e42911a,"Verify that when the Wallet receives a Request Object using the x509_hash Client Identifier Prefix where non-key Verifier metadata is provided outside the client_metadata parameter, the Wallet ignores such metadata and processes only what is contained within client_metadata.",1. Wallet-verifier interaction is successfully initiated. 2. Wallet successfully receives the Request Object. 3. Wallet successfully parses the Request Object. 4. Wallet ignores non-key Verifier metadata provided outside client_metadata and processes only the metadata within client_metadata; presentation flow proceeds.,A,None.,none,yes,yes,authorization_request; raw.authorization_request_jwt; raw.authorization_request_delivered; raw.presentation_response; checks,none,none,submitted mirror cross-checked to 2b223b56be0d0a073ee0cdc9db1d7fd31d9529a1 (2026-08-13); current ASSERTION_REVIEW_BACKLOG.md; current Capture Wallet contract
WS_RP_SM_RpIntegrity__022,SecurityMechanisms/RpIntegrity/WS_RP_SM_RpIntegrity__022.md,a208b39e05ab29b22058692a14fa41169c93863fb3afb21bcf26daa3a83d727f,"Verify that when the Wallet receives a Request Object via the DC API where the audience is the origin value prefixed by origin:, all non-key Verifier metadata is taken from client_metadata, and the Wallet processes the request within the DC API context.",1. Wallet-verifier interaction via the DC API is successfully initiated. 2. Wallet successfully receives the Request Object. 3. Wallet successfully parses the Request Object. 4. Wallet processes the audience correctly per DC API rules. 5. Wallet uses client_metadata for all non-key Verifier metadata; presentation flow proceeds within the DC API context.,A,None.,none,yes,yes,authorization_request; raw.authorization_request_jwt; raw.authorization_request_delivered; raw.presentation_response; checks,none,none,submitted mirror cross-checked to 2b223b56be0d0a073ee0cdc9db1d7fd31d9529a1 (2026-08-13); current ASSERTION_REVIEW_BACKLOG.md; current Capture Wallet contract
WS_RP_SM_RpIntegrity__023,SecurityMechanisms/RpIntegrity/WS_RP_SM_RpIntegrity__023.md,ac188ae340928f7e4a551d5a4b7ac1e90a39addf5baf178d40f450ce68426af0,"Verify that, for signed requests, Wallet accepts Client Identifier Prefix `x509_hash` as defined in section 5.9.3 of [OIDF.OID4VP].",1. This is the case. 2. This is the case. 3. This is the case. 4. Wallet asks for user consent. 5. This is the case. 6. Wallet presents Credential successfully.,A,None.,none,yes,yes,authorization_request; raw.authorization_request_jwt; raw.authorization_request_delivered; raw.presentation_response; checks,none,none,submitted mirror cross-checked to 2b223b56be0d0a073ee0cdc9db1d7fd31d9529a1 (2026-08-13); current ASSERTION_REVIEW_BACKLOG.md; current Capture Wallet contract
WS_RP_SM_RpIntegrity__024,SecurityMechanisms/RpIntegrity/WS_RP_SM_RpIntegrity__024.md,10988be34bfcbf4877a6bbafeda0d8a7497bdbc2932dacfe42c12f62b4167f36,"Verify that, for signed requests, if Verifier does not use Client Identifier Prefix `x509_hash`, the Wallet responds with an error (detailed or not) or discontinues the transaction.","1. This is the case. 2. This is the case. 3. Wallet either: - (a) answers with an error with details (`invalid_request`), - (b) answers with an error without providing details or, - (c) discontinues the interaction.",D,Reference Wallet or environment must provide the source-required execution capability.,7,partial,no,authorization_request; raw.authorization_request_jwt; raw.authorization_request_delivered; raw.presentation_response; checks,"The required Wallet profile, invocation path, device condition, or transport limit is unavailable.",reference Wallet / environment,submitted mirror cross-checked to 2b223b56be0d0a073ee0cdc9db1d7fd31d9529a1 (2026-08-13); current ASSERTION_REVIEW_BACKLOG.md; current Capture Wallet contract
WS_RP_SM_RpIntegrity__025,SecurityMechanisms/RpIntegrity/WS_RP_SM_RpIntegrity__025.md,7a5627df40ed9f33751cbaea25c4ceebe5793c0769d13ca1329051a94cc4ecf9,"Verify that if X.509 certificate of the trust anchor is included in the `x5c` JOSE header of the signed request, the Wallet responds with an error (detailed or not) or discontinues the transaction.","1. This is the case. 2. This is the case. 3. This is the case. 4. Wallet either: - (a) answers with an error with details (`invalid_client`), - (b) answers with an error without providing details or, - (c) discontinues the interaction.",E,Provide a registry- or Wallet-trusted certificate with the source-required DNS SAN or verifier-attestation trust configuration.,5.1/5.5,partial,no,authorization_request; raw.authorization_request_jwt; raw.authorization_request_delivered; raw.presentation_response; checks,The deployment certificate has no DNS SAN and the fixture attestation issuer is not Wallet-trusted.,certificate operator / reference Wallet,submitted mirror cross-checked to 2b223b56be0d0a073ee0cdc9db1d7fd31d9529a1 (2026-08-13); current ASSERTION_REVIEW_BACKLOG.md; current Capture Wallet contract
WS_RP_SM_RpIntegrity__026,SecurityMechanisms/RpIntegrity/WS_RP_SM_RpIntegrity__026.md,5f2e78f8f76a729355efc4161c24725da5c6d95cc777d7c83811870d194fba30,"Verify that if X.509 certificate signing the request is self-signed, the Wallet responds with an error (detailed or not) or discontinues the transaction.","1. This is the case. 2. This is the case. 3. This is the case. 4. Wallet either: - (a) answers with an error with details (`invalid_client`), - (b) answers with an error without providing details or, - (c) discontinues the interaction.",A,None.,none,yes,yes,authorization_request; raw.authorization_request_jwt; raw.authorization_request_delivered; raw.presentation_response; checks,none,none,submitted mirror cross-checked to 2b223b56be0d0a073ee0cdc9db1d7fd31d9529a1 (2026-08-13); current ASSERTION_REVIEW_BACKLOG.md; current Capture Wallet contract
WS_RP_SM_RpIntegrity__027,SecurityMechanisms/RpIntegrity/WS_RP_SM_RpIntegrity__027.md,57af4fbc51a6e5b960563e3abdd30cbdc02c4fad9d97e5e60dce8d7050ea18c2,"Verify that, in the presentation flow via Redirects, Wallet rejects presentation request if the signature validation of the JWT-Secured Authorization Request fails.","1. This is the case. 2. This is the case. 3. Wallet obtains the request object from the `request_uri`. 4. Signature validation fails and Wallet either: - (a) answers with an error with details (`invalid_request_object`), - (b) answers with an error without providing details or, - (c) discontinues the interaction.",A,None.,none,yes,yes,authorization_request; raw.authorization_request_jwt; raw.authorization_request_delivered; raw.presentation_response; checks,none,none,submitted mirror cross-checked to 2b223b56be0d0a073ee0cdc9db1d7fd31d9529a1 (2026-08-13); current ASSERTION_REVIEW_BACKLOG.md; current Capture Wallet contract
WS_RP_SM_RpIntegrity__028,SecurityMechanisms/RpIntegrity/WS_RP_SM_RpIntegrity__028.md,906e282e954254f0055c2c053388abbe69f41cd063eed817f7cc3f9b7b07cc83,"Verify that Wallet supports unsigned, requests.",1. This is the case. 2. This is the case. 3. Wallet answers unsigned request successfully.,A,None.,none,yes,yes,authorization_request; raw.authorization_request_jwt; raw.authorization_request_delivered; raw.presentation_response; checks,none,none,submitted mirror cross-checked to 2b223b56be0d0a073ee0cdc9db1d7fd31d9529a1 (2026-08-13); current ASSERTION_REVIEW_BACKLOG.md; current Capture Wallet contract
WS_RP_SM_RpIntegrity__029,SecurityMechanisms/RpIntegrity/WS_RP_SM_RpIntegrity__029.md,b26801d83968d2b9125743b8baf07a6fe62ef28af661ae18dda41229b2e45713,Verify that Wallet supports signed requests.,1. This is the case. 2. This is the case. 3. Wallet answers signed request successfully.,A,None.,none,yes,yes,authorization_request; raw.authorization_request_jwt; raw.authorization_request_delivered; raw.presentation_response; checks,none,none,submitted mirror cross-checked to 2b223b56be0d0a073ee0cdc9db1d7fd31d9529a1 (2026-08-13); current ASSERTION_REVIEW_BACKLOG.md; current Capture Wallet contract
WS_RP_SM_RpIntegrity__030,SecurityMechanisms/RpIntegrity/WS_RP_SM_RpIntegrity__030.md,40e8144ddcfaa93fac1b2ddc352e86234956eba5a36ef13ce0a134c6fe214f6f,Verify that Wallet supports multi-signed requests.,1. This is the case. 2. This is the case. 3. Wallet answers multi-signed request successfully.,B,Produce the exact source-defined unacceptable or multi-signed Request Object.,5.3,no,no,authorization_request; raw.authorization_request_jwt; raw.authorization_request_delivered; raw.presentation_response; checks,Credo support for the required signing format is unconfirmed.,capture-wallet / Credo-TS,submitted mirror cross-checked to 2b223b56be0d0a073ee0cdc9db1d7fd31d9529a1 (2026-08-13); current ASSERTION_REVIEW_BACKLOG.md; current Capture Wallet contract
WS_RP_SM_RpIntegrity__031,SecurityMechanisms/RpIntegrity/WS_RP_SM_RpIntegrity__031.md,39d139e72be0b2fd6c25eb9edf43c023db29cd97de24ffea935e0e98403cca50,Verify that Wallet supports ECDSA with P-256 and SHA-256 (JOSE algorithm identifier ES256) for validating signed presentation requests.,1. Wallet receives signed request using ECDSA with P-256 and SHA-256 (JOSE algorithm identifier ES256) from the Verifier. 2. Wallet is able to validate signed request from the Verifier that used ECDSA with P-256 and SHA-256 (JOSE algorithm identifier ES256),A,None.,none,yes,yes,authorization_request; raw.authorization_request_jwt; raw.authorization_request_delivered; raw.presentation_response; checks,none,none,submitted mirror cross-checked to 2b223b56be0d0a073ee0cdc9db1d7fd31d9529a1 (2026-08-13); current ASSERTION_REVIEW_BACKLOG.md; current Capture Wallet contract
WS_RP_SM_RpIntegrity__032,SecurityMechanisms/RpIntegrity/WS_RP_SM_RpIntegrity__032.md,f81179b772eae6d54318dbbffe2c1789aa81dd4ddeb747ad8c65aa2cb49f9152,Verify that Wallet does not support RSASSA-PSS using SHA-384 and MGF1 with SHA-384 (RS384) for validating signed presentation requests.,"1. This is the case. 2. This is the case. 3. Wallet receives signed request using RSASSA-PSS using SHA-384 and MGF1 with SHA-384 (RS384). 4. Wallet rejects the transaction and either: - (a) returns specific error `invalid_client`, - (b) returns general error, - (c) only discontinues the transaction.",B,Produce the exact source-defined Request Object signing algorithm or JOSE/COSE signing form.,5.3,no,no,authorization_request; raw.authorization_request_jwt; raw.authorization_request_delivered; raw.presentation_response; checks,Credo-TS KMS fixture is EC-only; upstream algorithm interpretation remains unresolved.,capture-wallet / Credo-TS / upstream,submitted mirror cross-checked to 2b223b56be0d0a073ee0cdc9db1d7fd31d9529a1 (2026-08-13); current ASSERTION_REVIEW_BACKLOG.md; current Capture Wallet contract
WS_RP_SM_RpIntegrity__033,SecurityMechanisms/RpIntegrity/WS_RP_SM_RpIntegrity__033.md,8b0b28b81f76cd954280973e49ad6af4af1884f97a593813fa1d32c06b21b781,Verify that Wallet supports ECDSA with P-256 and SHA-256 (COSE algorithm identifier -7) for validating signed presentation requests.,1. This is the case. 2. This is the case. 3. Wallet receives signed request using ECDSA with P-256 and SHA-256 (COSE algorithm identifier -7) from the Verifier. 4. Wallet is able to validate signed request from the Verifier that used ECDSA with P-256 and SHA-256 (JOSE algorithm identifier ES256; COSE algorithm identifier -7),A,None.,none,yes,yes,authorization_request; raw.authorization_request_jwt; raw.authorization_request_delivered; raw.presentation_response; checks,none,none,submitted mirror cross-checked to 2b223b56be0d0a073ee0cdc9db1d7fd31d9529a1 (2026-08-13); source identifies the JAR representation as JOSE ES256
WS_RP_SM_RpIntegrity__034,SecurityMechanisms/RpIntegrity/WS_RP_SM_RpIntegrity__034.md,1e5330bc2f06fe294fefb25514b1e7e2ea058bcb7fa4f908c9dbbee584929f80,Verify that Wallet supports ECDSA with P-256 and SHA-256 (COSE algorithm identifier -9) for validating signed presentation requests.,1. This is the case. 2. This is the case. 3. Wallet receives signed request using ECDSA with P-256 and SHA-256 (COSE algorithm identifier -9) from the Verifier. 4. Wallet is able to validate signed request from the Verifier that used ECDSA with P-256 and SHA-256 (JOSE algorithm identifier ES256; COSE algorithm identifier -9),A,None.,none,yes,yes,authorization_request; raw.authorization_request_jwt; raw.authorization_request_delivered; raw.presentation_response; checks,none,none,submitted mirror cross-checked to 2b223b56be0d0a073ee0cdc9db1d7fd31d9529a1 (2026-08-13); source identifies the JAR representation as JOSE ES256
WS_RP_SM_SessionBinding__001,SecurityMechanisms/SessionBinding/WS_RP_SM_SessionBinding__001.md,d3b2b2a96e3ccb164fc6ab5ae4d0627b5f5bd86773947aad1eed2963adecaeeb,"Verify that when the Wallet receives an Authorization Request that contains a valid nonce parameter, the wallet will accept the Authorization Request.",1. Wallet-verifier interaction is successfully initiated. 2. The Wallet successfully receives the Authorization Request.,A,None.,none,yes,yes,authorization_request; raw.authorization_request_jwt; raw.authorization_request_delivered; raw.presentation_response; checks,none,none,submitted mirror cross-checked to 2b223b56be0d0a073ee0cdc9db1d7fd31d9529a1 (2026-08-13); current ASSERTION_REVIEW_BACKLOG.md; current Capture Wallet contract
WS_RP_SM_SessionBinding__002,SecurityMechanisms/SessionBinding/WS_RP_SM_SessionBinding__002.md,12b2df1edacee841a5a818271c0636a5899b7ee5da584d7579525cd75b4a6f0a,Test that the Wallet rejects Authorization Requests that do not contain a nonce parameter.,1. Wallet-verifier interaction is successfully initiated. 2. Wallet rejects the Authorization Request and returns an invalid_request error; presentation flow is not initiated.,A,None.,none,yes,yes,authorization_request; raw.authorization_request_jwt; raw.authorization_request_delivered; raw.presentation_response; checks,none,none,submitted mirror cross-checked to 2b223b56be0d0a073ee0cdc9db1d7fd31d9529a1 (2026-08-13); current ASSERTION_REVIEW_BACKLOG.md; current Capture Wallet contract
WS_RP_SM_SessionBinding__003,SecurityMechanisms/SessionBinding/WS_RP_SM_SessionBinding__003.md,2a6302ca1399063067c21e6f7a4504d0ca0e0662fba0592c14ac7ef5bfb06b0b,Test that the Wallet rejects Authorization Requests that do not contain a valid nonce parameter.,1. Wallet-verifier interaction is successfully initiated. 2. Wallet rejects the Authorization Request and returns an invalid_request error due to invalid nonce character set.,A,None.,none,yes,yes,authorization_request; raw.authorization_request_jwt; raw.authorization_request_delivered; raw.presentation_response; checks,none,none,submitted mirror cross-checked to 2b223b56be0d0a073ee0cdc9db1d7fd31d9529a1 (2026-08-13); current ASSERTION_REVIEW_BACKLOG.md; current Capture Wallet contract
WS_RP_SM_SessionEncryption__001,SecurityMechanisms/SessionEncryption/WS_RP_SM_SessionEncryption__001.md,05f6fef0754e085d4a3fed07a23c76ecc84bb05c785955ca46e6965dee5e3d47,"Verify that if the Wallet encrypts the Authorization Response it uses an unsigned, encrypted JWT.","1. Wallet-verifier interaction is successfully initiated. 2. Wallet receives request. 3. Verify the Encryption the wallet used is an unsigned, encrypted JWT [RFC7519].",A,None.,none,yes,yes,authorization_request; raw.authorization_request_jwt; raw.authorization_request_delivered; raw.presentation_response; checks,none,none,submitted mirror cross-checked to 2b223b56be0d0a073ee0cdc9db1d7fd31d9529a1 (2026-08-13); current ASSERTION_REVIEW_BACKLOG.md; current Capture Wallet contract
WS_RP_SM_SessionEncryption__001a,SecurityMechanisms/SessionEncryption/WS_RP_SM_SessionEncryption__001a.md,70ee3262107763589b15a4c2edb4efc53b4139025eb0109052a8bdd7b54a5bcb,"Verify that the Wallet correctly serializes an encrypted Authorization Response (JWE compact serialization), when presenting (a) credential(s) using OpenID4VP.",1. All test cases pass.,A,None.,none,yes,yes,authorization_request; raw.authorization_request_jwt; raw.authorization_request_delivered; raw.presentation_response; checks,none,none,submitted mirror cross-checked to 2b223b56be0d0a073ee0cdc9db1d7fd31d9529a1 (2026-08-13); current ASSERTION_REVIEW_BACKLOG.md; current Capture Wallet contract
WS_RP_SM_SessionEncryption__001b,SecurityMechanisms/SessionEncryption/WS_RP_SM_SessionEncryption__001b.md,de3457b974a9b92cd80938583feac5bdc4419827ef4f15b8b55e9a70a8814905,"Verify that the Wallet encrypts the Authorization Response using an appropriate encryption algorithm, when presenting (a) credential(s) using OpenID4VP.",1. The algorithm for the content encryption (JWE's `enc`) is either `A256GCM` or `A128GCM`.,A,None.,none,yes,yes,authorization_request; raw.authorization_request_jwt; raw.authorization_request_delivered; raw.presentation_response; checks,none,none,submitted mirror cross-checked to 2b223b56be0d0a073ee0cdc9db1d7fd31d9529a1 (2026-08-13); current ASSERTION_REVIEW_BACKLOG.md; current Capture Wallet contract
WS_RP_SM_SessionEncryption__001c,SecurityMechanisms/SessionEncryption/WS_RP_SM_SessionEncryption__001c.md,dd8c1cacf936f9a15b06a72e4b498fb44e34c3d180c842daf9062fb1859d09c7,"Verify that the Wallet encrypts the Authorization Response using an appropriate algorithm to encrypt or determine the value of the CEK, when presenting (a) credential(s) using OpenID4VP.",1. The JWE `alg` header parameter has the value `ECDH-ES` and equals the value of the `alg` property of the selected Verifier JWK.,A,None.,none,yes,yes,authorization_request; raw.authorization_request_jwt; raw.authorization_request_delivered; raw.presentation_response; checks,none,none,submitted mirror cross-checked to 2b223b56be0d0a073ee0cdc9db1d7fd31d9529a1 (2026-08-13); current ASSERTION_REVIEW_BACKLOG.md; current Capture Wallet contract
WS_RP_SM_SessionEncryption__001d,SecurityMechanisms/SessionEncryption/WS_RP_SM_SessionEncryption__001d.md,a29a21a60a98017a1b5126b1af25d32552d3983c81c6db954ac8f07a5f69e31a,"Verify that the Wallet encrypts the Authorization Response using an appropriate encryption curve, when presenting (a) credential(s) using OpenID4VP.",1. The key is on the P-256 curve. TODO,A,None.,none,yes,yes,authorization_request; raw.authorization_request_jwt; raw.authorization_request_delivered; raw.presentation_response; checks,none,none,submitted mirror cross-checked to 2b223b56be0d0a073ee0cdc9db1d7fd31d9529a1 (2026-08-13); current ASSERTION_REVIEW_BACKLOG.md; current Capture Wallet contract
WS_RP_SM_SessionEncryption__001e,SecurityMechanisms/SessionEncryption/WS_RP_SM_SessionEncryption__001e.md,3e8aff3eb563ab1bf83c39a94afa20996742c074647f51d08d46ba26b89c3130,"Verify that the encrypted Authorization Response from the Wallet can be decrypted, when presenting (a) credential(s) using OpenID4VP.","1. The Authorization Response can be decrypted, using the emphemeral key of the Authorization Request.",A,None.,none,yes,yes,authorization_request; raw.authorization_request_jwt; raw.authorization_request_delivered; raw.presentation_response; checks,none,none,submitted mirror cross-checked to 2b223b56be0d0a073ee0cdc9db1d7fd31d9529a1 (2026-08-13); current ASSERTION_REVIEW_BACKLOG.md; current Capture Wallet contract
WS_RP_SM_SessionEncryption__001f,SecurityMechanisms/SessionEncryption/WS_RP_SM_SessionEncryption__001f.md,a8eacce14dd7a63105e76fcdeccbd61a60fd8f43651b837de110d3e8835137d8,"Verify that the Wallet correctly encrypted the Authorization Response as an unsigned JWT, when presenting (a) credential(s) using OpenID4VP.",1. All test cases pass.,A,None.,none,yes,yes,authorization_request; raw.authorization_request_jwt; raw.authorization_request_delivered; raw.presentation_response; checks,none,none,submitted mirror cross-checked to 2b223b56be0d0a073ee0cdc9db1d7fd31d9529a1 (2026-08-13); current ASSERTION_REVIEW_BACKLOG.md; current Capture Wallet contract
WS_RP_SM_SessionEncryption__002,SecurityMechanisms/SessionEncryption/WS_RP_SM_SessionEncryption__002.md,20534c228bbb1d6fc9d5b4d7681d881cfae4f229e9ac9e192c494327a4325a3a,Test the Wallet ensures that the selected Verifier JWK contains an alg parameter.,"1. Wallet-verifier interaction is successfully initiated. 2. Wallet receives request. 3. Verify the wallet does NOT send a response, instead returns an error.",A,None.,none,yes,yes,authorization_request; raw.authorization_request_jwt; raw.authorization_request_delivered; raw.presentation_response; checks,none,none,submitted mirror cross-checked to 2b223b56be0d0a073ee0cdc9db1d7fd31d9529a1 (2026-08-13); current ASSERTION_REVIEW_BACKLOG.md; current Capture Wallet contract
WS_RP_SM_SessionEncryption__003,SecurityMechanisms/SessionEncryption/WS_RP_SM_SessionEncryption__003.md,c6c91770e463e42f3805a5734c6e33e057235b373dfa9668d0bb7a67bd645b86,Test the Wallet checks the JWE alg value exactly matches the alg value from the chosen JWK.,"1. Wallet-verifier interaction is successfully initiated 2. Wallet receives request 3. Verify the wallet does NOT send a response, instead returns an error",A,None.,none,yes,yes,authorization_request; raw.authorization_request_jwt; raw.authorization_request_delivered; raw.presentation_response; checks,none,none,submitted mirror cross-checked to 2b223b56be0d0a073ee0cdc9db1d7fd31d9529a1 (2026-08-13); current ASSERTION_REVIEW_BACKLOG.md; current Capture Wallet contract
WS_RP_SM_SessionEncryption__005,SecurityMechanisms/SessionEncryption/WS_RP_SM_SessionEncryption__005.md,2abb98edca0dd999a96f0059987039336922ce1efbe5d6a6d6cc20016a086ef2,"Verify that in the encrypted response sent by the Wallet: the JWE `alg` (algorithm) header parameter (as defined in section 4.1.1 of [RFC7516]) value is set to ECDH-ES (as defined in section 4.6 of [RFC7518]), with key agreement utilizing keys on the P-256 curve (as defined in section 6.2.1.1 of [RFC7518]).","1. This is the case. 2. This is the case. 3. Wallet asks for user consent. 4. This is the case. 5. Wallet sends encrypted response. 6. In the encrypted response, JWE alg (algorithm) header parameter value is set ECDH-ES. 7. Key agreement uses keys on the P-256 curve.",A,None.,none,yes,yes,authorization_request; raw.authorization_request_jwt; raw.authorization_request_delivered; raw.presentation_response; checks,none,none,submitted mirror cross-checked to 2b223b56be0d0a073ee0cdc9db1d7fd31d9529a1 (2026-08-13); current ASSERTION_REVIEW_BACKLOG.md; current Capture Wallet contract
WS_RP_SM_SessionEncryption__006,SecurityMechanisms/SessionEncryption/WS_RP_SM_SessionEncryption__006.md,9a38c6baf3a0808cf94a6bb25df48ece617b6968e0d7ccfb0b8a7c15f8c85bd6,Verify that Wallet raises an error if there is no `jwk` within `client_metadata` sent by the Verifier with `alg` value set to ECDH-ES.,1. Wallet raises an error.,A,None.,none,yes,yes,authorization_request; raw.authorization_request_jwt; raw.authorization_request_delivered; raw.presentation_response; checks,none,none,submitted mirror cross-checked to 2b223b56be0d0a073ee0cdc9db1d7fd31d9529a1 (2026-08-13); current ASSERTION_REVIEW_BACKLOG.md; current Capture Wallet contract
WS_RP_SM_SessionEncryption__007,SecurityMechanisms/SessionEncryption/WS_RP_SM_SessionEncryption__007.md,1f92ab1070bef99aee3b2422701f0e8abd75e81f3e6a5605b6ab8df7806fe7f7,Verify that Wallet supports A128GCM for the JWE `enc` (encryption algorithm).,"1. This is the case. 2. This is the case. 3. Wallet asks for user consent. 4. This is the case. 5. Wallet sends an encrypted response. 6. JWE ""enc"" value is set to A128GCM.",A,None.,none,yes,yes,authorization_request; raw.authorization_request_jwt; raw.authorization_request_delivered; raw.presentation_response; checks,none,none,submitted mirror cross-checked to 2b223b56be0d0a073ee0cdc9db1d7fd31d9529a1 (2026-08-13); current ASSERTION_REVIEW_BACKLOG.md; current Capture Wallet contract
WS_RP_SM_SessionEncryption__008,SecurityMechanisms/SessionEncryption/WS_RP_SM_SessionEncryption__008.md,132ce605de22f949e9142b7059a0c31fe623f6b26ae03951e35e3cac77693b64,Verify that Wallet supports A256GCM for the JWE `enc` (encryption algorithm).,"1. This is the case. 2. This is the case. 3. Wallet asks for user consent. 4. This is the case. 5. Wallet sends an encrypted response. 6. JWE ""enc"" value is set to A256GCM.",A,None.,none,yes,yes,authorization_request; raw.authorization_request_jwt; raw.authorization_request_delivered; raw.presentation_response; checks,none,none,submitted mirror cross-checked to 2b223b56be0d0a073ee0cdc9db1d7fd31d9529a1 (2026-08-13); current ASSERTION_REVIEW_BACKLOG.md; current Capture Wallet contract
WS_RP_SM_SessionEncryption__009,SecurityMechanisms/SessionEncryption/WS_RP_SM_SessionEncryption__009.md,5fc01f4fcd778cee82f92af2cdf102d2af7dabaf83c2f05874d7d40f1b45041c,"Verify that if both A128GCM and A256GCM are supported for the JWE `enc` (encryption algorithm), Wallet will use A256GCM for the JWE `enc`","1. This is the case. 2. This is the case. 3. Wallet asks for user consent. 4. This is the case. 5. Wallet sends an encrypted response. 6. JWE ""enc"" value is set to A256GCM.",A,None.,none,yes,yes,authorization_request; raw.authorization_request_jwt; raw.authorization_request_delivered; raw.presentation_response; checks,none,none,submitted mirror cross-checked to 2b223b56be0d0a073ee0cdc9db1d7fd31d9529a1 (2026-08-13); current ASSERTION_REVIEW_BACKLOG.md; current Capture Wallet contract
WS_RP_SM_SessionEncryption__010,SecurityMechanisms/SessionEncryption/WS_RP_SM_SessionEncryption__010.md,c9a06e8eac92d7ce9649de999822fd885fa8f009a5997d2371afafd9347d471f,"Verify that if Verifier did not supply ephemeral encryption public keys specific to each Authorization Request via client metadata, the Wallet responds with an error (detailed or not) or discontinues the transaction.","1. This is the case. 2. This is the case. 3. Wallet either: - (a) answers with an error with details (`invalid_client_metadata`), - (b) answers with an error without providing details or, - (c) discontinues the interaction.",A,None.,none,yes,yes,authorization_request; raw.authorization_request_jwt; raw.authorization_request_delivered; raw.presentation_response; checks,none,none,submitted mirror cross-checked to 2b223b56be0d0a073ee0cdc9db1d7fd31d9529a1 (2026-08-13); current ASSERTION_REVIEW_BACKLOG.md; current Capture Wallet contract
WS_RP_SM_SessionEncryption__011,SecurityMechanisms/SessionEncryption/WS_RP_SM_SessionEncryption__011.md,5434baff04e63e763781d83fb130c0d3eb6a113557c09c6c7a1e7605f013e2a0,Verify that - for each authorization request - Wallet uses the correct ephemeral key passed via client metadata in the encryption process.,"1. This is the case. 2. Wallet uses `key1` as input for key agreement included in the encryption process of the response related to ""authorization request 1"". 3. Wallet uses `key2` as input for key agreement included in the encryption process of the response related to ""authorization request 2"".",A,None.,none,yes,yes,authorization_request; raw.authorization_request_jwt; raw.authorization_request_delivered; raw.presentation_response; checks,none,none,submitted mirror cross-checked to 2b223b56be0d0a073ee0cdc9db1d7fd31d9529a1 (2026-08-13); current ASSERTION_REVIEW_BACKLOG.md; current Capture Wallet contract
WS_RP_SM_SessionEncryption__012,SecurityMechanisms/SessionEncryption/WS_RP_SM_SessionEncryption__012.md,d85861733715bbdabb9ea52249d61f8e995c5842f30bda63fe03bd2ed70970b6,"Verify that, in the presentation flow via Redirects, Wallet sends encrypted response when Authorization Request includes `response_mode` parameter set to `direct_post.jwt`.","1. This is the case. 2. This is the case. 3. Wallet asks for user consent. 4. This is the case. 5. Wallet sends encrypted response using parameters provided in ""client_metadata"". 6. Verifier is able to decrypt response sent by the Wallet.",A,None.,none,yes,yes,authorization_request; raw.authorization_request_jwt; raw.authorization_request_delivered; raw.presentation_response; checks,none,none,submitted mirror cross-checked to 2b223b56be0d0a073ee0cdc9db1d7fd31d9529a1 (2026-08-13); current ASSERTION_REVIEW_BACKLOG.md; current Capture Wallet contract
WS_RP_SM_SessionEncryption__013,SecurityMechanisms/SessionEncryption/WS_RP_SM_SessionEncryption__013.md,1045960821bfad7e3f685d73efd1e546b336091feeb85134b4cf26091d59f7df,"Verify that the Wallet includes only valid disclosures when presenting an SD-JWT VC, using OpenID4VP.",1. The selective disclosure algorithm is available for processing next test steps. 2. Selective disclosures in the SD-JWT exist. 3. All Disclosures have a matching selective disclosure in the SD-JWT.,A,None.,none,yes,yes,authorization_request; raw.authorization_request_jwt; raw.authorization_request_delivered; raw.presentation_response; checks,none,none,submitted mirror cross-checked to 2b223b56be0d0a073ee0cdc9db1d7fd31d9529a1 (2026-08-13); current ASSERTION_REVIEW_BACKLOG.md; current Capture Wallet contract
WS_RP_SM_TrustMechanisms__002,SecurityMechanisms/TrustMechanisms/WS_RP_SM_TrustMechanisms__002.md,0a5386686c73dcdc330a47e843160ffcc05f69a29bfbb32bf147e8f74f14ec55,"Test that the Wallet when processing trusted_authorities, the type ""aki"" is supported.",1. Wallet and Verifier can interact. 2. Wallet successfully receives the DCQL query. 3. The Wallet returns an Authorization Response containing the matching credential.,E,"Provide the source-defined trusted-list, certificate-chain, or AKI fixture.",5.8,no,no,authorization_request; raw.authorization_request_jwt; raw.authorization_request_delivered; raw.presentation_response; checks,ETSI trusted-list infrastructure and controlled issuer chains are absent.,external trust infrastructure,submitted mirror cross-checked to 2b223b56be0d0a073ee0cdc9db1d7fd31d9529a1 (2026-08-13); current ASSERTION_REVIEW_BACKLOG.md; current Capture Wallet contract
WS_RP_SM_TrustMechanisms__003,SecurityMechanisms/TrustMechanisms/WS_RP_SM_TrustMechanisms__003.md,760dec51485a014ba3a15061104b857fed22f5023444cb242d981cfe212ad917,"Test the Wallet processes a DCQL-query with an ""aki"" correctly when it does contain a matching credential.",1. Wallet and Verifier can interact. 2. Wallet receives the request. 3. The Wallet allows the user to select the credential matching the certificate chain. 4. The Wallet presents the selected credential.,E,"Provide the source-defined trusted-list, certificate-chain, or AKI fixture.",5.8,no,no,authorization_request; raw.authorization_request_jwt; raw.authorization_request_delivered; raw.presentation_response; checks,ETSI trusted-list infrastructure and controlled issuer chains are absent.,external trust infrastructure,submitted mirror cross-checked to 2b223b56be0d0a073ee0cdc9db1d7fd31d9529a1 (2026-08-13); current ASSERTION_REVIEW_BACKLOG.md; current Capture Wallet contract
WS_RP_SM_TrustMechanisms__004,SecurityMechanisms/TrustMechanisms/WS_RP_SM_TrustMechanisms__004.md,e11f1855da58c10804ee2119324fc7cbfd3873d933b6205956ecd50bb829d2ec,"Test the Wallet processes a DCQL-query with an ""aki"" correctly when it does not contain a matching credential.","1. Wallet and Verifier can interact. 2. Wallet receives the request. 3. The Wallet informs the user it has no matching credential available, and does not (allow to) continue to present any credential to the verifier.",E,"Provide the source-defined trusted-list, certificate-chain, or AKI fixture.",5.8,no,no,authorization_request; raw.authorization_request_jwt; raw.authorization_request_delivered; raw.presentation_response; checks,ETSI trusted-list infrastructure and controlled issuer chains are absent.,external trust infrastructure,submitted mirror cross-checked to 2b223b56be0d0a073ee0cdc9db1d7fd31d9529a1 (2026-08-13); current ASSERTION_REVIEW_BACKLOG.md; current Capture Wallet contract
WS_RP_SM_TrustMechanisms__005,SecurityMechanisms/TrustMechanisms/WS_RP_SM_TrustMechanisms__005.md,8dd09b9577030c4c30c5f555d48dca3273784bef33f45f7da11b8a5c88b60bf2,"Test the Wallet processes a DCQL-query with an ""aki"" correctly when it does contain a matching credential, with the match in the end-entity (Issuer) certificate.",1. Wallet and Verifier can interact. 2. Wallet receives the request. 3. The Wallet allows the user to select the credential matching the certificate chain. 4. The Wallet presents the selected credential.,E,"Provide the source-defined trusted-list, certificate-chain, or AKI fixture.",5.8,no,no,authorization_request; raw.authorization_request_jwt; raw.authorization_request_delivered; raw.presentation_response; checks,ETSI trusted-list infrastructure and controlled issuer chains are absent.,external trust infrastructure,submitted mirror cross-checked to 2b223b56be0d0a073ee0cdc9db1d7fd31d9529a1 (2026-08-13); current ASSERTION_REVIEW_BACKLOG.md; current Capture Wallet contract
WS_RP_SM_TrustMechanisms__006,SecurityMechanisms/TrustMechanisms/WS_RP_SM_TrustMechanisms__006.md,d7889e461573abc7cbc87eaba1952196ee14e18d7c940cc15e470028c2155d76,"Test the Wallet processes a DCQL-query with an ""aki"" correctly when it does contain a matching credential, with the match in a sub-CA certificate.",1. Wallet and Verifier can interact. 2. Wallet receives the request. 3. The Wallet allows the user to select the credential matching the certificate chain. 4. The Wallet presents the selected credential.,E,"Provide the source-defined trusted-list, certificate-chain, or AKI fixture.",5.8,no,no,authorization_request; raw.authorization_request_jwt; raw.authorization_request_delivered; raw.presentation_response; checks,ETSI trusted-list infrastructure and controlled issuer chains are absent.,external trust infrastructure,submitted mirror cross-checked to 2b223b56be0d0a073ee0cdc9db1d7fd31d9529a1 (2026-08-13); current ASSERTION_REVIEW_BACKLOG.md; current Capture Wallet contract
WS_RP_SM_TrustMechanisms__007,SecurityMechanisms/TrustMechanisms/WS_RP_SM_TrustMechanisms__007.md,0b2da8210b2230dc12d925e368948dd8c80b67add520a3d22792d64ad86ec1e0,"Test the Wallet processes a DCQL-query with an ""aki"" correctly when it does contain a matching credential, with the match in the CA certificate.",1. Wallet and Verifier can interact. 2. Wallet receives the request. 3. The Wallet allows the user to select the credential matching the certificate chain. 4. The Wallet presents the selected credential.,E,"Provide the source-defined trusted-list, certificate-chain, or AKI fixture.",5.8,no,no,authorization_request; raw.authorization_request_jwt; raw.authorization_request_delivered; raw.presentation_response; checks,ETSI trusted-list infrastructure and controlled issuer chains are absent.,external trust infrastructure,submitted mirror cross-checked to 2b223b56be0d0a073ee0cdc9db1d7fd31d9529a1 (2026-08-13); current ASSERTION_REVIEW_BACKLOG.md; current Capture Wallet contract
WS_RP_SM_TrustMechanisms__008,SecurityMechanisms/TrustMechanisms/WS_RP_SM_TrustMechanisms__008.md,ee0db2ce9fd135c0f34a07483c6992e3b2b9360c7618ec2dbd00cad38ed2c031,Test the Wallet processes a DCQL-query with an aki trusted_authorities value correctly when the Wallet does NOT contain a credential whose X.509 certificate chain matches the specified AuthorityKeyIdentifier.,1. Wallet and Verifier can interact. 2. The Wallet successfully receives the DCQL query. 3. The Wallet does not return any credential in the Authorization Response (no credential satisfies the aki constraint).,E,"Provide the source-defined trusted-list, certificate-chain, or AKI fixture.",5.8,no,no,authorization_request; raw.authorization_request_jwt; raw.authorization_request_delivered; raw.presentation_response; checks,ETSI trusted-list infrastructure and controlled issuer chains are absent.,external trust infrastructure,submitted mirror cross-checked to 2b223b56be0d0a073ee0cdc9db1d7fd31d9529a1 (2026-08-13); current ASSERTION_REVIEW_BACKLOG.md; current Capture Wallet contract
WS_RP_SM_TrustMechanisms__009,SecurityMechanisms/TrustMechanisms/WS_RP_SM_TrustMechanisms__009.md,e2d2cb24fe3b179fed3cd2e1d3b0febabf3dc73b9d266f3912b9e62ddc34e522,Test the Wallet can resolve a trusted_authorities request of type etsi_tl by matching the credential's issuer against a recognized ETSI Trusted List.,1. Wallet and Verifier can interact. 2. Wallet receives the request. 3. The Wallet checks the issuer of its stored credential against the entries in the Trusted List. - It confirms the Issuer's status according to the list's metadata. - The Wallet displays the credential to the user because the Issuer was found and validated in the ETSI list.,E,"Provide the source-defined trusted-list, certificate-chain, or AKI fixture.",5.8,no,no,authorization_request; raw.authorization_request_jwt; raw.authorization_request_delivered; raw.presentation_response; checks,ETSI trusted-list infrastructure and controlled issuer chains are absent.,external trust infrastructure,submitted mirror cross-checked to 2b223b56be0d0a073ee0cdc9db1d7fd31d9529a1 (2026-08-13); current ASSERTION_REVIEW_BACKLOG.md; current Capture Wallet contract
WS_RP_SM_TrustMechanisms__010,SecurityMechanisms/TrustMechanisms/WS_RP_SM_TrustMechanisms__010.md,75c15ea5e1ff62d571e412f641b908ddb6edd56f5ee0864fbb9521bcfa4b1385,Test the Wallet can resolve a trusted_authorities request of type etsi_tl by matching the credential's issuer against a recognized ETSI Trusted List scenario when no Match.,1. Wallet and Verifier can interact. 2. Wallet receives the request. 3. The Wallet checks the issuer of its stored credential against the entries in the Trusted List. - It confirms the Issuer's status according to the list's metadata. - The Wallet does not use the credential if the Issuer is not on the list (even if the credential is valid otherwise). - Wallet will make sure it only returns privacy-safe error response to verifier.,E,"Provide the source-defined trusted-list, certificate-chain, or AKI fixture.",5.8,no,no,authorization_request; raw.authorization_request_jwt; raw.authorization_request_delivered; raw.presentation_response; checks,ETSI trusted-list infrastructure and controlled issuer chains are absent.,external trust infrastructure,submitted mirror cross-checked to 2b223b56be0d0a073ee0cdc9db1d7fd31d9529a1 (2026-08-13); current ASSERTION_REVIEW_BACKLOG.md; current Capture Wallet contract
WS_RP_SM_TrustMechanisms__011,SecurityMechanisms/TrustMechanisms/WS_RP_SM_TrustMechanisms__011.md,b5b92374ca68bc5e08d85bd8e9f4a87ce16c54c996efcf5d88c456303a839ad6,Test the wallet can resolve a trusted_authorities request of type etsi_tl by matching the credential's issuer against a recognized ETSI Trusted List scenario when invalid trusted list.,1. Wallet and Verifier can interact. 2. Wallet receives the request. 3. The Wallet checks the issuer of its stored credential against the entries in the Trusted List. - It confirms the Issuer's status according to the list's metadata. - The wallet will not use the credential and returns an error if the Trusted List signature is invalid or if the URL in the query is unreachable. - Wallet will make sure it only returns privacy-safe error response to verifier.,E,"Provide the source-defined trusted-list, certificate-chain, or AKI fixture.",5.8,no,no,authorization_request; raw.authorization_request_jwt; raw.authorization_request_delivered; raw.presentation_response; checks,ETSI trusted-list infrastructure and controlled issuer chains are absent.,external trust infrastructure,submitted mirror cross-checked to 2b223b56be0d0a073ee0cdc9db1d7fd31d9529a1 (2026-08-13); current ASSERTION_REVIEW_BACKLOG.md; current Capture Wallet contract
WS_RP_SM_TrustMechanisms__012,SecurityMechanisms/TrustMechanisms/WS_RP_SM_TrustMechanisms__012.md,0e9e32e72e901113336b63e5286c7c6202811a4aec42153fcd64d3c7182eabde,"The Wallet can parse the identifier of a Trusted List as specified in ETSI TS 119 612 [ETSI.TL], in a ""trusted_authorities"" request.","1. Wallet and Verifier can interact. 2. Wallet receives the request. 3. The Wallet successfully extracts the URI string - Wallet fetches the list, validates that it follows the ETSI TS 119 612 schema (correctly handling XML or JSON).",E,"Provide the source-defined trusted-list, certificate-chain, or AKI fixture.",5.8,no,no,authorization_request; raw.authorization_request_jwt; raw.authorization_request_delivered; raw.presentation_response; checks,ETSI trusted-list infrastructure and controlled issuer chains are absent.,external trust infrastructure,submitted mirror cross-checked to 2b223b56be0d0a073ee0cdc9db1d7fd31d9529a1 (2026-08-13); current ASSERTION_REVIEW_BACKLOG.md; current Capture Wallet contract
WS_RP_SM_TrustMechanisms__013,SecurityMechanisms/TrustMechanisms/WS_RP_SM_TrustMechanisms__013.md,764d2c8b50b0a66b3aefc6efe450ad2000dde83fd20b81d8ee8c49d0e401960f,Verify the Wallet can navigate an ETSI Trusted List (List of Trusted Lists) to identify and validate a Trust Service Provider’s (TSP) certificate.,1. Wallet and Verifier can interact. 2. The Wallet successfully receives the DCQL query. 3. The Wallet returns an Authorization Response containing the credential whose issuing Trust Service Provider is listed in the linked Trusted List or its cascading Trusted Lists.,E,"Provide the source-defined trusted-list, certificate-chain, or AKI fixture.",5.8,no,no,authorization_request; raw.authorization_request_jwt; raw.authorization_request_delivered; raw.presentation_response; checks,ETSI trusted-list infrastructure and controlled issuer chains are absent.,external trust infrastructure,submitted mirror cross-checked to 2b223b56be0d0a073ee0cdc9db1d7fd31d9529a1 (2026-08-13); current ASSERTION_REVIEW_BACKLOG.md; current Capture Wallet contract
WS_RP_SM_TrustMechanisms__015,SecurityMechanisms/TrustMechanisms/WS_RP_SM_TrustMechanisms__015.md,6cc74aa91fef64f2825592725fd8d659ac5d9a812d8ae6fe83a349a37eb60618,Test the Wallet will not return a credential if its X.509 Certificate trust chain cannot be verified against the specified etsi_tl or its cascading lists.,1. Wallet and Verifier can interact. 2. The Wallet successfully receives the DCQL query. 3. The Wallet does not return any credential in the Authorization Response.,E,"Provide the source-defined trusted-list, certificate-chain, or AKI fixture.",5.8,no,no,authorization_request; raw.authorization_request_jwt; raw.authorization_request_delivered; raw.presentation_response; checks,ETSI trusted-list infrastructure and controlled issuer chains are absent.,external trust infrastructure,submitted mirror cross-checked to 2b223b56be0d0a073ee0cdc9db1d7fd31d9529a1 (2026-08-13); current ASSERTION_REVIEW_BACKLOG.md; current Capture Wallet contract
WS_RP_SM_TrustMechanisms__021,SecurityMechanisms/TrustMechanisms/WS_RP_SM_TrustMechanisms__021.md,722dfc0e248f9c4fc533bfafcd4a5750054310c2d3d3be5362f0111235e2afda,Verify that Wallet can handle Authorization Request using authorization key identifier mechanism to support multiple X.509-based trust mechanism supported by the Wallet profile.,"1. This is the case. 2. This is the case. 3. This is the case. 4. Wallet does not answer with error `invalid_request`, which can be sent when the Wallet does not support the Client Identifier Prefix passed in the Authorization Request. 5. Wallet asks for user consent. 6. This is the case. 7. Wallet answers Credential Query successfully",E,"Provide the source-defined trusted-list, certificate-chain, or AKI fixture.",5.8,no,no,authorization_request; raw.authorization_request_jwt; raw.authorization_request_delivered; raw.presentation_response; checks,ETSI trusted-list infrastructure and controlled issuer chains are absent.,external trust infrastructure,submitted mirror cross-checked to 2b223b56be0d0a073ee0cdc9db1d7fd31d9529a1 (2026-08-13); current ASSERTION_REVIEW_BACKLOG.md; current Capture Wallet contract
WS_RP_SM_TrustMechanisms__101,SecurityMechanisms/TrustMechanisms/WS_RP_SM_TrustMechanisms__101.md,8479fc4e21e68c7fba93f087cc670af7528d208cebc8412e4d823588dec723b2,"Verify that the Wallet accepts a valid Wallet Relying Party Registration Certificate, when using OpenID4VP presentation.",1. Wallet responds with a presentation of 'default_credential_A'.,E,"Provide source-defined valid, invalid-signature, and organization-mismatch WRPAC fixtures.",5.6,no,no,authorization_request; raw.authorization_request_jwt; raw.authorization_request_delivered; raw.presentation_response; checks,WRPAC certificate fixtures and reference-Wallet support are absent.,external trust infrastructure / reference Wallet,submitted mirror cross-checked to 2b223b56be0d0a073ee0cdc9db1d7fd31d9529a1 (2026-08-13); current ASSERTION_REVIEW_BACKLOG.md; current Capture Wallet contract
WS_RP_SM_TrustMechanisms__101b_UF,SecurityMechanisms/TrustMechanisms/WS_RP_SM_TrustMechanisms__101b_UF.md,ddb9de166f6466496ae0fd5ce6631d6d2ab35fe382a63ea45966e6543f2b6924,"Verify that the Wallet does not present a credential to a Relying Party, if a Wallet Relying Party Registration Certificate with an invalid signature is used, when using OpenID4VP presentation.","1. Wallet does not complete the presentation interaction, and 1. informs, if applicable, the user of not having the requested credential, and 2. aborting the interaction with the Verifier, either by 1. responding with an error `invalid_request`, or 2. responding by returning an error without any details, or 3. discontinuing the interaction, e.g. by closing the communication channel, if applicable. 3. if any response is shared to the Verifier, the response does not include a `vp_token`.",E,"Provide source-defined valid, invalid-signature, and organization-mismatch WRPAC fixtures.",5.6,no,no,authorization_request; raw.authorization_request_jwt; raw.authorization_request_delivered; raw.presentation_response; checks,WRPAC certificate fixtures and reference-Wallet support are absent.,external trust infrastructure / reference Wallet,submitted mirror cross-checked to 2b223b56be0d0a073ee0cdc9db1d7fd31d9529a1 (2026-08-13); current ASSERTION_REVIEW_BACKLOG.md; current Capture Wallet contract
WS_RP_SM_TrustMechanisms__101c_UF,SecurityMechanisms/TrustMechanisms/WS_RP_SM_TrustMechanisms__101c_UF.md,f93fe496e429ae0501a92b62646e7171740ffa619b1a80e1f4ec0c2d50216466,"Verify that the Wallet does not present a credential to a Relying Party, if a Wallet Relying Party Registration Certificate is used that does not match to the same organization of the WRPAC used, when using OpenID4VP presentation.","1. Wallet does not complete the presentation interaction, and 1. informs, if applicable, the user of not having the requested credential, and 2. aborting the interaction with the Verifier, either by 1. responding with an error `invalid_request`, or 2. responding by returning an error without any details, or 3. discontinuing the interaction, e.g. by closing the communication channel, if applicable. 3. if any response is shared to the Verifier, the response does not include a `vp_token`.",E,"Provide source-defined valid, invalid-signature, and organization-mismatch WRPAC fixtures.",5.6,no,no,authorization_request; raw.authorization_request_jwt; raw.authorization_request_delivered; raw.presentation_response; checks,WRPAC certificate fixtures and reference-Wallet support are absent.,external trust infrastructure / reference Wallet,submitted mirror cross-checked to 2b223b56be0d0a073ee0cdc9db1d7fd31d9529a1 (2026-08-13); current ASSERTION_REVIEW_BACKLOG.md; current Capture Wallet contract
WS_RP_UC_Presentation__003,UseCases/Presentation/WS_RP_UC_Presentation__003.md,a422e00ebe5f76bbba9eb534a988379915cf6e5e280e34ecba9592e0dcdb3e91,"Verify that a Wallet supporting OAuth 2.0 scope-based Presentation requests processes an Authorization Request using a valid pre-defined scope value, by presenting a credential of the type the scope value identifies.",1. Wallet-verifier interaction is successfully initiated. 2. The Wallet successfully processes the Authorization Request. 3. The Wallet returns an Authorization Response containing a credential whose type matches the type identified by the scope value per the applicable profile.,D,Wallet must resolve a defined scope to its DCQL query.,6.1,partial,no,authorization_request; raw.authorization_request_delivered; raw.presentation_response_http; raw.presentation_response_verifier_http; checks,No mutually supported scope-to-DCQL mapping is defined.,reference Wallet / profile,submitted mirror cross-checked to 2b223b56be0d0a073ee0cdc9db1d7fd31d9529a1 (2026-08-13); current ASSERTION_REVIEW_BACKLOG.md; current Capture Wallet contract
WS_RP_UC_Presentation__004,UseCases/Presentation/WS_RP_UC_Presentation__004.md,cddd2e107f44b0ddf2cf9ee6e8155873476a318230aac8ca1810cd4aa48126b6,"Verify that when an Authorization Request is rendered on Device A using the invocation mechanism mandated by the applicable profile (e.g. a custom URL scheme, universal link, or QR code encoding such a URI), the Wallet on Device B is able to receive and process the request.",1. Authorization Request is successfully rendered on Device A using the profile-mandated mechanism. 2. The request is successfully transferred to Device B. 3. Wallet on Device B successfully receives the Authorization Request via its registered handler. 4. Wallet successfully parses and validates the Authorization Request. 5. Wallet completes the presentation flow on Device B and returns the Authorization Response to the Verifier.,D,Reference Wallet or environment must provide the source-required execution capability.,7,partial,no,authorization_request; raw.authorization_request_delivered; raw.presentation_response_http; raw.presentation_response_verifier_http; checks,"The required Wallet profile, invocation path, device condition, or transport limit is unavailable.",reference Wallet / environment,submitted mirror cross-checked to 2b223b56be0d0a073ee0cdc9db1d7fd31d9529a1 (2026-08-13); current ASSERTION_REVIEW_BACKLOG.md; current Capture Wallet contract
